"municip_name","municip_number","municip_number_old","water_entity_id"
"Bindal","1811",1811,"vegafjorden_0360000030_c"
"Somna","1812",1812,"vegafjorden_0360000030_c"
"Bronnoy","1813",1813,"vegafjorden_0360000030_c"
"Vega","1815",1815,"vegafjorden_0360000030_c"
"Bindal","1811",1811,"roingen_0360010100_2_c"
"Somna","1812",1812,"roingen_0360010100_2_c"
"Bindal","1811",1811,"kjelda_ost_0360010200_6_c"
"Bindal","1811",1811,"bursvikbotn_0360010500_1_c"
"Bindal","1811",1811,"lysfjorden_0360010500_2_c"
"Bindal","1811",1811,"bindalsfjorden_0360010600_1_c"
"Bindal","1811",1811,"reppsundet_0360010600_2_c"
"Bindal","1811",1811,"terrakfjorden_0360010600_3_c"
"Bindal","1811",1811,"oyfjorden_0360010600_4_c"
"Bindal","1811",1811,"sorfjorden_indre_0360010700_1_c"
"Bindal","1811",1811,"sorfjorden_midtre_0360010700_2_c"
"Bindal","1811",1811,"sorfjorden_ytre_0360010700_3_c"
"Bindal","1811",1811,"simlebotn_0360010800_c"
"Bindal","1811",1811,"kollbotnet_0360010900_c"
"Bindal","1811",1811,"osan_0360011000_c"
"Bindal","1811",1811,"tosen_ytre_0360011100_1_c"
"Bronnoy","1813",1813,"tosen_ytre_0360011100_1_c"
"Bindal","1811",1811,"tosen_indre_0360011100_2_c"
"Bronnoy","1813",1813,"tosen_indre_0360011100_2_c"
"Bindal","1811",1811,"skotnesfjorden_0360011200_1_c"
"Bindal","1811",1811,"selfjorden_0360011200_2_c"
"Bindal","1811",1811,"hardangsfjorden_0360011300_1_c"
"Bindal","1811",1811,"hovoysundet_0360011300_2_c"
"Bindal","1811",1811,"oysundet_0360011300_3_c"
"Bindal","1811",1811,"ursfjorden_ytre_0360011400_1_c"
"Somna","1812",1812,"ursfjorden_ytre_0360011400_1_c"
"Somna","1812",1812,"brekkosen_0360011400_2_c"
"Somna","1812",1812,"ursfjorden_indre_0360011400_3_c"
"Bronnoy","1813",1813,"ursfjorden_indre_0360011400_3_c"
"Somna","1812",1812,"storvika_0360011500_1_c"
"Somna","1812",1812,"gravfjorden_0360011500_2_c"
"Bronnoy","1813",1813,"gravfjorden_0360011500_2_c"
"Somna","1812",1812,"lyngvaerfjorden_0360011600_1_c"
"Somna","1812",1812,"sandvagen_vikvagen_0360011600_2_c"
"Somna","1812",1812,"somnesvika_0360020100_1_c"
"Bronnoy","1813",1813,"somnesvika_0360020100_1_c"
"Somna","1812",1812,"oysjoen_0360020100_2_c"
"Somna","1812",1812,"sorbotnet_0360020100_3_c"
"Somna","1812",1812,"nordbotnet_0360020200_c"
"Bronnoy","1813",1813,"nordbotnet_0360020200_c"
"Bronnoy","1813",1813,"torgfjorden_0360020300_1_c"
"Bronnoy","1813",1813,"royrskjeran_0360020300_2_c"
"Bronnoy","1813",1813,"skillbotnfjorden_0360020300_3_c"
"Bronnoy","1813",1813,"tverroya_0360020400_1_c"
"Bronnoy","1813",1813,"smiholmen_0360020400_2_c"
"Bronnoy","1813",1813,"urdstabbvika_0360020400_3_c"
"Bronnoy","1813",1813,"buoya_0360020400_4_c"
"Bronnoy","1813",1813,"syltrevagen_0360020400_5_c"
"Bronnoy","1813",1813,"traelvikstraumen_0360020500_1_c"
"Bronnoy","1813",1813,"traelvikosen_0360020500_2_c"
"Bronnoy","1813",1813,"hjartoybukta_0360020600_1_c"
"Bronnoy","1813",1813,"svarthopen_0360020600_3_c"
"Bronnoy","1813",1813,"bronnoysundet_sor_0360020600_4_c"
"Bronnoy","1813",1813,"bronnoysundet_nord_0360020600_5_c"
"Bronnoy","1813",1813,"tilremfjorden_0360020700_1_c"
"Bronnoy","1813",1813,"salhus_0360020700_2_c"
"Bronnoy","1813",1813,"trongnessundet_0360020800_c"
"Bronnoy","1813",1813,"kattsundet_0360020900_1_c"
"Bronnoy","1813",1813,"toftsundet_0360020900_2_c"
"Bronnoy","1813",1813,"skutstoa_0360021000_c"
"Vega","1815",1815,"ytre_vega_nord_0361000030_c"
"Heroy","1818",1818,"ytre_vega_nord_0361000030_c"
"Vega","1815",1815,"floholmene_0361000031_c"
"Heroy","1818",1818,"floholmene_0361000031_c"
"Donna","1827",1827,"floholmene_0361000031_c"
"Traena","1835",1835,"floholmene_0361000031_c"
"Bronnoy","1813",1813,"vegafjorden_ylvingen_0361010100_c"
"Vega","1815",1815,"vegafjorden_ylvingen_0361010100_c"
"Vevelstad","1816",1816,"vegafjorden_ylvingen_0361010100_c"
"Alstahaug","1820",1820,"vegafjorden_ylvingen_0361010100_c"
"Vega","1815",1815,"vagoyfjorden_0361010200_c"
"Vega","1815",1815,"gladstadosen_0361010300_c"
"Vega","1815",1815,"vegsteinvika_0361010400_c"
"Vega","1815",1815,"lisorasa_0361010500_c"
"Heroy","1818",1818,"lisorasa_0361010500_c"
"Alstahaug","1820",1820,"lisorasa_0361010500_c"
"Vega","1815",1815,"omnoyfjorden_0361010600_c"
"Heroy","1818",1818,"omnoyfjorden_0361010600_c"
"Alstahaug","1820",1820,"omnoyfjorden_0361010600_c"
"Vega","1815",1815,"skjaervaer_0361010700_1_c"
"Vega","1815",1815,"flovaer_0361010700_2_c"
"Heroy","1818",1818,"flovaer_0361010700_2_c"
"Vevelstad","1816",1816,"anddalsvagen_0361020100_1_c"
"Bronnoy","1813",1813,"velfjorden_0361020100_2_c"
"Vevelstad","1816",1816,"velfjorden_0361020100_2_c"
"Bronnoy","1813",1813,"sorfjorden_0361020200_c"
"Bronnoy","1813",1813,"buasvagen_0361020300_1_c"
"Bronnoy","1813",1813,"dyrnesvagen_0361020300_2_c"
"Bronnoy","1813",1813,"heggefjorden_0361020400_c"
"Bronnoy","1813",1813,"langfjorden_indre_0361020500_1_c"
"Bronnoy","1813",1813,"langfjorden_ytre_0361020500_2_c"
"Bronnoy","1813",1813,"storborja_0361020600_c"
"Bronnoy","1813",1813,"litjeborja_0361020700_c"
"Bronnoy","1813",1813,"lislfjorden_0361020800_1_c"
"Bronnoy","1813",1813,"storfjorden_0361020800_2_c"
"Bronnoy","1813",1813,"okfjorden_0361020900_c"
"Vevelstad","1816",1816,"velvelstadsundet_0361030100_c"
"Vevelstad","1816",1816,"innervisten_0361030201_c"
"Vevelstad","1816",1816,"strandbukta_0361030202_1_c"
"Vevelstad","1816",1816,"langkilvagen_indre_0361030202_2_c"
"Vevelstad","1816",1816,"langkilvagen_ytre_0361030202_3_c"
"Vevelstad","1816",1816,"visten_midtre_0361030202_4_c"
"Vevelstad","1816",1816,"visten_ytre_0361030202_5_c"
"Vevelstad","1816",1816,"mindvaerfjorden_0361030300_c"
"Alstahaug","1820",1820,"mindvaerfjorden_0361030300_c"
"Vevelstad","1816",1816,"stokkafjorden_0361030400_c"
"Alstahaug","1820",1820,"stokkafjorden_0361030400_c"
"Vefsn","1824",1824,"stokkafjorden_0361030400_c"
"Alstahaug","1820",1820,"trosundet_0361030500_c"
"Vefsn","1824",1824,"sorfjorden_0361030600_c"
"Vefsn","1824",1824,"halsfjorden_0361030700_2_c"
"Alstahaug","1820",1820,"tjotta_havn_0361030800_1_c"
"Alstahaug","1820",1820,"tjottfjorden_indre_0361030800_2_c"
"Vefsn","1824",1824,"tjottfjorden_indre_0361030800_2_c"
"Alstahaug","1820",1820,"tjotta_0361030900_c"
"Alstahaug","1820",1820,"hamnesleia_0361031000_c"
"Alstahaug","1820",1820,"rosoyvalen_alstahaugfjorden_0361031100_c"
"Alstahaug","1820",1820,"tjottfjorden_ytre_0361031200_c"
"Leirfjord","1822",1822,"vefsnfjorden_indre_0361040101_c"
"Vefsn","1824",1824,"vefsnfjorden_indre_0361040101_c"
"Leirfjord","1822",1822,"vefsnfjorden_midtre_0361040102_1_c"
"Vefsn","1824",1824,"vefsnfjorden_midtre_0361040102_1_c"
"Alstahaug","1820",1820,"vefsnfjorden_ytre_0361040102_2_c"
"Leirfjord","1822",1822,"vefsnfjorden_ytre_0361040102_2_c"
"Vefsn","1824",1824,"vefsnfjorden_ytre_0361040102_2_c"
"Leirfjord","1822",1822,"sundet_0361040200_c"
"Alstahaug","1820",1820,"leirfjorden_ytre_0361040300_1_c"
"Leirfjord","1822",1822,"leirfjorden_ytre_0361040300_1_c"
"Leirfjord","1822",1822,"leirfjorden_indre_0361040300_2_c"
"Alstahaug","1820",1820,"botnfjorden_0361040400_c"
"Alstahaug","1820",1820,"leirfjorden_leinesodden_0361040500_1_c"
"Leirfjord","1822",1822,"leirfjorden_leinesodden_0361040500_1_c"
"Alstahaug","1820",1820,"sandnesvagen_0361040500_2_c"
"Leirfjord","1822",1822,"meisfjorden_0361040600_c"
"Alstahaug","1820",1820,"sandnessjoen_havn_0361040700_2_c"
"Alstahaug","1820",1820,"ulvangen_0361040700_3_c"
"Leirfjord","1822",1822,"ulvangen_0361040700_3_c"
"Donna","1827",1827,"ulvangen_0361040700_3_c"
"Alstahaug","1820",1820,"sandnessjoen_smabathavn_0361040700_4_c"
"Heroy","1818",1818,"alstenfjorden_0361040800_c"
"Alstahaug","1820",1820,"alstenfjorden_0361040800_c"
"Donna","1827",1827,"alstenfjorden_0361040800_c"
"Vega","1815",1815,"ytre_flesan_0361050100_c"
"Heroy","1818",1818,"ytre_flesan_0361050100_c"
"Heroy","1818",1818,"haeroysundet_sor_0361050200_2_c"
"Heroy","1818",1818,"heroysundet_0361050200_3_c"
"Vega","1815",1815,"husvaerfjorden_0361050200_4_c"
"Heroy","1818",1818,"husvaerfjorden_0361050200_4_c"
"Donna","1827",1827,"husvaerfjorden_0361050200_4_c"
"Donna","1827",1827,"skagafjorden_0361050300_c"
"Donna","1827",1827,"skagapollen_0361050400_c"
"Donna","1827",1827,"vikafjorden_0361050500_c"
"Donna","1827",1827,"lundstoa_0361050600_c"
"Donna","1827",1827,"kverva_0361050700_c"
"Heroy","1818",1818,"sorasvaerfjorden_0361050800_c"
"Donna","1827",1827,"sorasvaerfjorden_0361050800_c"
"Luroy","1834",1834,"sorasvaerfjorden_0361050800_c"
"Vega","1815",1815,"skipbatsvaerfjorden_0361050900_c"
"Heroy","1818",1818,"skipbatsvaerfjorden_0361050900_c"
"Donna","1827",1827,"skipbatsvaerfjorden_0361050900_c"
"Traena","1835",1835,"traena_havn_sor_0362000030_1_c"
"Donna","1827",1827,"traenfjorden_0362000030_2_c"
"Luroy","1834",1834,"traenfjorden_0362000030_2_c"
"Traena","1835",1835,"traenfjorden_0362000030_2_c"
"Rodoy","1836",1836,"traenfjorden_0362000030_2_c"
"Luroy","1834",1834,"ternholmfjorden_0362000031_c"
"Traena","1835",1835,"ternholmfjorden_0362000031_c"
"Rodoy","1836",1836,"ternholmfjorden_0362000031_c"
"Meloy","1837",1837,"ternholmfjorden_0362000031_c"
"Rodoy","1836",1836,"vestfjorden_ytre_0362000032_c"
"Meloy","1837",1837,"vestfjorden_ytre_0362000032_c"
"Rost","1856",1856,"vestfjorden_ytre_0362000032_c"
"Donna","1827",1827,"stigfjorden_0362010101_1_c"
"Nesna","1828",1828,"stigfjorden_0362010101_1_c"
"Donna","1827",1827,"sundstraumen_0362010101_2_c"
"Nesna","1828",1828,"alsovagen_0362010102_c"
"Donna","1827",1827,"vagsvagen_0362010200_c"
"Donna","1827",1827,"dalsvagen_0362010300_c"
"Leirfjord","1822",1822,"ranfjorden_lokta_0362010400_c"
"Donna","1827",1827,"ranfjorden_lokta_0362010400_c"
"Nesna","1828",1828,"ranfjorden_lokta_0362010400_c"
"Leirfjord","1822",1822,"lavongsbukta_0362010500_1_c"
"Leirfjord","1822",1822,"ranfjorden_sandnes_0362010500_2_c"
"Hemnes","1832",1832,"ranfjorden_sandnes_0362010500_2_c"
"Rana","1833",1833,"ranfjorden_sandnes_0362010500_2_c"
"Leirfjord","1822",1822,"ranfjorden_storvika_0362010500_3_c"
"Nesna","1828",1828,"ranfjorden_storvika_0362010500_3_c"
"Rana","1833",1833,"ranfjorden_storvika_0362010500_3_c"
"Hemnes","1832",1832,"leirviken_0362010600_c"
"Vefsn","1824",1824,"elsfjorden_0362010700_c"
"Hemnes","1832",1832,"elsfjorden_0362010700_c"
"Vefsn","1824",1824,"sorfjorden_0362010800_c"
"Hemnes","1832",1832,"sorfjorden_0362010800_c"
"Hemnes","1832",1832,"rossaen_0362010900_c"
"Hemnes","1832",1832,"ranfjorden_hemneshalvoya_0362011000_1_c"
"Rana","1833",1833,"ranfjorden_hemneshalvoya_0362011000_1_c"
"Rana","1833",1833,"ranfjorden_mo_0362011000_2_c"
"Hemnes","1832",1832,"finneidfjorden_0362011100_c"
"Rana","1833",1833,"sveet_0362011200_c"
"Rana","1833",1833,"utskarpen_0362011300_c"
"Nesna","1828",1828,"skogsleira_0362011400_1_c"
"Nesna","1828",1828,"litlsjona_0362011400_2_c"
"Luroy","1834",1834,"lovund_havn_0362020100_1_c"
"Donna","1827",1827,"nordasvaerfjorden_tomfjorden_0362020100_2_c"
"Nesna","1828",1828,"nordasvaerfjorden_tomfjorden_0362020100_2_c"
"Luroy","1834",1834,"nordasvaerfjorden_tomfjorden_0362020100_2_c"
"Rana","1833",1833,"sjona_indre_0362020201_1_c"
"Nesna","1828",1828,"sjona_indre_0362020201_2_c"
"Rana","1833",1833,"sjona_indre_0362020201_2_c"
"Luroy","1834",1834,"sjona_indre_0362020201_2_c"
"Nesna","1828",1828,"sjona_ytre_0362020202_c"
"Luroy","1834",1834,"sjona_ytre_0362020202_c"
"Luroy","1834",1834,"silavagen_0362020203_c"
"Luroy","1834",1834,"stigfjorden_0362020300_c"
"Luroy","1834",1834,"aldersund_0362020400_c"
"Luroy","1834",1834,"matskjerfjorden_0362020500_1_c"
"Luroy","1834",1834,"kvaroyfjorden_ytre_0362020500_2_c"
"Rodoy","1836",1836,"kvaroyfjorden_ytre_0362020500_2_c"
"Luroy","1834",1834,"faeroya_0362020500_3_c"
"Luroy","1834",1834,"kvina_0362020500_4_c"
"Luroy","1834",1834,"kvaroyfjorden_indre_0362020500_5_c"
"Luroy","1834",1834,"mavaerfjorden_0362020600_c"
"Traena","1835",1835,"mavaerfjorden_0362020600_c"
"Rodoy","1836",1836,"mavaerfjorden_0362020600_c"
"Luroy","1834",1834,"risvaerfjorden_0362030100_c"
"Rodoy","1836",1836,"risvaerfjorden_0362030100_c"
"Rodoy","1836",1836,"vaerangen_ytre_0362030200_c"
"Rodoy","1836",1836,"melfjorden_0362030300_c"
"Rodoy","1836",1836,"sorfjorden_indre_0362030401_c"
"Rodoy","1836",1836,"sorfjorden_midtre_0362030402_1_c"
"Rodoy","1836",1836,"sorfjorden_ytre_0362030402_2_c"
"Rodoy","1836",1836,"nordfjorden_0362030500_c"
"Rodoy","1836",1836,"kista_0362030601_c"
"Rodoy","1836",1836,"skjavika_0362030602_1_c"
"Rodoy","1836",1836,"vaerangen_indre_0362030602_2_c"
"Rodoy","1836",1836,"vaerangen_midtre_0362030602_3_c"
"Rodoy","1836",1836,"hopen_0362030700_1_c"
"Rodoy","1836",1836,"tjongsfjorden_ytre_0362030700_2_c"
"Rodoy","1836",1836,"tjongsfjorden_indre_0362030700_3_c"
"Rodoy","1836",1836,"reppa_0362030700_4_c"
"Rodoy","1836",1836,"rodoyfjorden_0362030800_c"
"Rodoy","1836",1836,"meloyvaer_0362040100_c"
"Meloy","1837",1837,"meloyvaer_0362040100_c"
"Meloy","1837",1837,"bolga_havn_0362040200_1_c"
"Rodoy","1836",1836,"bolgfjorden_0362040200_2_c"
"Meloy","1837",1837,"bolgfjorden_0362040200_2_c"
"Meloy","1837",1837,"skardsfjorden_indre_0362040300_1_c"
"Rodoy","1836",1836,"skardsfjorden_ytre_0362040300_2_c"
"Meloy","1837",1837,"skardsfjorden_ytre_0362040300_2_c"
"Meloy","1837",1837,"arhaugfjorden_0362040400_1_c"
"Meloy","1837",1837,"holandsfjorden_0362040400_2_c"
"Meloy","1837",1837,"nordfjorden_0362040500_c"
"Meloy","1837",1837,"bjerangsfjorden_0362040600_c"
"Meloy","1837",1837,"murholmen_0362040700_1_c"
"Meloy","1837",1837,"bogen_0362040700_2_c"
"Meloy","1837",1837,"amnessundet_0362040700_3_c"
"Meloy","1837",1837,"glomfjorden_indre_0362040800_1_c"
"Meloy","1837",1837,"meloyfjorden_glomfjorden_0362040800_2_c"
"Meloy","1837",1837,"eidet_0362040900_c"
"Meloy","1837",1837,"mesoyfjorden_0362041000_2_c"
"Meloy","1837",1837,"reipa(kobbsteinan)_0362041000_3_c"
"Meloy","1837",1837,"stigsundet_0362041000_4_c"
"Meloy","1837",1837,"stottafjorden_gasvaerfjorden_0362041100_c"
"Meloy","1837",1837,"maoyleia_0362041200_1_c"
"Meloy","1837",1837,"maoyleia_0362041200_2_c"
"Vestvagoy","1860",1860,"stamsund_havn_0363000030_11_c"
"Bodo","1804",1804,"vestfjorden_midtre_0363000030_12_c"
"Meloy","1837",1837,"vestfjorden_midtre_0363000030_12_c"
"Steigen","1848",1848,"vestfjorden_midtre_0363000030_12_c"
"Rost","1856",1856,"vestfjorden_midtre_0363000030_12_c"
"Vaeroy","1857",1857,"vestfjorden_midtre_0363000030_12_c"
"Flakstad","1859",1859,"vestfjorden_midtre_0363000030_12_c"
"Vestvagoy","1860",1860,"vestfjorden_midtre_0363000030_12_c"
"Vagan","1865",1865,"vestfjorden_midtre_0363000030_12_c"
"Moskenes","1874",1874,"vestfjorden_midtre_0363000030_12_c"
"Vestvagoy","1860",1860,"buoy_stamsund_havn_0363000030_13_c"
"Moskenes","1874",1874,"tindsvagen_0363000030_1_c"
"Moskenes","1874",1874,"moskenesvagen_0363000030_2_c"
"Vestvagoy","1860",1860,"ballstad_0363000030_3_c"
"Bodo","1804",1804,"vestervagen_0363000030_5_c"
"Bodo","1804",1804,"helligvaer_ytterside_landegode_0363000030_7_c"
"Meloy","1837",1837,"helligvaer_ytterside_landegode_0363000030_7_c"
"Gildeskal","1838",1838,"helligvaer_ytterside_landegode_0363000030_7_c"
"Steigen","1848",1848,"helligvaer_ytterside_landegode_0363000030_7_c"
"Vagan","1865",1865,"henningsvaer_havn_0363000030_8_c"
"Vestvagoy","1860",1860,"vikbukta_0363000031_1_c"
"Vestvagoy","1860",1860,"vagspollen_0363000031_2_c"
"Vaeroy","1857",1857,"moskenes_flakstad_0363000031_3_c"
"Flakstad","1859",1859,"moskenes_flakstad_0363000031_3_c"
"Vestvagoy","1860",1860,"moskenes_flakstad_0363000031_3_c"
"Moskenes","1874",1874,"moskenes_flakstad_0363000031_3_c"
"Vestvagoy","1860",1860,"vagan_0363000032_1_c"
"Vagan","1865",1865,"vagan_0363000032_1_c"
"Hadsel","1866",1866,"vagan_0363000032_1_c"
"Bo","1867",1867,"vagan_0363000032_1_c"
"Vagan","1865",1865,"laukvika_0363000032_2_c"
"Meloy","1837",1837,"fugloyvaer_0363010100_c"
"Gildeskal","1838",1838,"fugloyvaer_0363010100_c"
"Bodo","1804",1804,"fleinvaerfjorden_0363010200_c"
"Gildeskal","1838",1838,"fleinvaerfjorden_0363010200_c"
"Meloy","1837",1837,"fugloyfjorden_0363010300_1_c"
"Gildeskal","1838",1838,"fugloyfjorden_0363010300_1_c"
"Gildeskal","1838",1838,"gildeskal_0363010300_2_c"
"Gildeskal","1838",1838,"sorarnoy_havn_0363010300_4_c"
"Gildeskal","1838",1838,"vag_havn_0363010300_6_c"
"Gildeskal","1838",1838,"sorarnoya_nordarnoya_0363010300_7_c"
"Gildeskal","1838",1838,"storvik_havn_i_gildeskal_0363010400_1_c"
"Gildeskal","1838",1838,"storviken_0363010400_2_c"
"Gildeskal","1838",1838,"stavsundet_0363010500_c"
"Gildeskal","1838",1838,"sorfjorden_indre_0363010600_1_c"
"Gildeskal","1838",1838,"alten_0363010600_2_c"
"Gildeskal","1838",1838,"sorfjorden_ytre_0363010600_3_c"
"Gildeskal","1838",1838,"morsdalsfjorden_indre_0363010700_1_c"
"Gildeskal","1838",1838,"morsdalsfjorden_ytre_0363010700_2_c"
"Gildeskal","1838",1838,"sundsfjorden_indre_0363010800_1_c"
"Gildeskal","1838",1838,"sundsfjorden_ytre_0363010800_2_c"
"Gildeskal","1838",1838,"holmsundfjorden_0363010800_3_c"
"Gildeskal","1838",1838,"beiarfjorden_ytre_0363010900_1_c"
"Gildeskal","1838",1838,"ertenvag_0363011000_1_c"
"Bodo","1804",1804,"nordfjorden_0363011000_2_c"
"Gildeskal","1838",1838,"nordfjorden_0363011000_2_c"
"Bodo","1804",1804,"saltfjorden_ytre_0363011100_1_c"
"Gildeskal","1838",1838,"saltfjorden_ytre_0363011100_1_c"
"Bodo","1804",1804,"saltfjorden_indre_0363011100_2_c"
"Gildeskal","1838",1838,"saltfjorden_indre_0363011100_2_c"
"Bodo","1804",1804,"hopen_0363011100_3_c"
"Bodo","1804",1804,"landegodefjorden_0363011200_1_c"
"Bodo","1804",1804,"bodo_havn_0363011200_2_c"
"Bodo","1804",1804,"hjartoysundet_nyholmsundet_0363011200_3_c"
"Bodo","1804",1804,"ytre_sundan_0363020100_c"
"Bodo","1804",1804,"trongsmoget_0363020200_1_c"
"Bodo","1804",1804,"fjellvika_0363020200_2_c"
"Bodo","1804",1804,"elvefjorden_0363020300_c"
"Bodo","1804",1804,"indre_sundan_0363020400_c"
"Bodo","1804",1804,"skjaerstadfjorden_0363020500_c"
"Fauske","1841",1841,"skjaerstadfjorden_0363020500_c"
"Bodo","1804",1804,"misvaerfjorden_ytre_0363020600_1_c"
"Bodo","1804",1804,"misvaerfjorden_indre_0363020600_2_c"
"Saltdal","1840",1840,"rognan_0363020700_1_c"
"Bodo","1804",1804,"saltdalsfjorden_0363020700_3_c"
"Saltdal","1840",1840,"saltdalsfjorden_0363020700_3_c"
"Fauske","1841",1841,"saltdalsfjorden_0363020700_3_c"
"Fauske","1841",1841,"fauskevika_0363020900_c"
"Fauske","1841",1841,"klungsetvika_0363021000_c"
"Bodo","1804",1804,"valnesfjorden_0363021102_c"
"Fauske","1841",1841,"valnesfjorden_0363021102_c"
"Bodo","1804",1804,"karlsoyfjorden_sondre_0363030100_1_c"
"Bodo","1804",1804,"karlsoyfjorden_nordre_0363030100_2_c"
"Bodo","1804",1804,"mistfjorden_0363030200_c"
"Bodo","1804",1804,"tommervika_storvika_0363030301_c"
"Bodo","1804",1804,"sorfjorden_indre_0363030302_c"
"Bodo","1804",1804,"sorfjorden_ytre_0363030303_c"
"Bodo","1804",1804,"nordfjorden_0363030400_c"
"Bodo","1804",1804,"folda_0363030500_c"
"Sorfold","1845",1845,"folda_0363030500_c"
"Steigen","1848",1848,"folda_0363030500_c"
"Sorfold","1845",1845,"sorfolda_indre_0363030601_c"
"Sorfold","1845",1845,"revsfjorden_0363030602_1_c"
"Steigen","1848",1848,"revsfjorden_0363030602_1_c"
"Sorfold","1845",1845,"hopen_0363030602_2_c"
"Sorfold","1845",1845,"styrkesnes_indre_0363030602_4_c"
"Bodo","1804",1804,"sorfolda_ytre_0363030602_5_c"
"Sorfold","1845",1845,"sorfolda_ytre_0363030602_5_c"
"Bodo","1804",1804,"nevelsfjord_indre_0363030701_c"
"Bodo","1804",1804,"nevelsfjord_ytre_0363030702_c"
"Bodo","1804",1804,"eidekjosen_0363030800_c"
"Sorfold","1845",1845,"sjunkfjorden_indre_0363030900_1_c"
"Sorfold","1845",1845,"sjunkfjorden_ytre_0363030900_2_c"
"Sorfold","1845",1845,"nordfjorden_0363031000_1_c"
"Sorfold","1845",1845,"torrfjordelva_0363031000_2_c"
"Sorfold","1845",1845,"torrfjorden_0363031000_3_c"
"Sorfold","1845",1845,"leirfjorden_0363031100_c"
"Sorfold","1845",1845,"botnfjorden_0363031201_c"
"Sorfold","1845",1845,"sagfjorden_0363031202_c"
"Steigen","1848",1848,"brattfjorden_indre_0363031300_1_c"
"Steigen","1848",1848,"nordfold_havn_0363031300_3_c"
"Steigen","1848",1848,"nordfolda_0363031300_4_c"
"Steigen","1848",1848,"vinkfjorden_0363031400_c"
"Steigen","1848",1848,"stavfjorden_0363031500_c"
"Sorfold","1845",1845,"morsvikbotn_0363031600_c"
"Sorfold","1845",1845,"morsvikfjorden_0363031700_c"
"Steigen","1848",1848,"morsvikfjorden_0363031700_c"
"Steigen","1848",1848,"balkjosen_0363031800_c"
"Bodo","1804",1804,"folda_andholmfjorden_0363031900_c"
"Steigen","1848",1848,"folda_andholmfjorden_0363031900_c"
"Steigen","1848",1848,"botnfjorden_0363032000_c"
"Steigen","1848",1848,"leinesfjorden_0363032100_c"
"Steigen","1848",1848,"lilandsfjorden_0363032200_c"
"Steigen","1848",1848,"skotsfjorden_indre_0363032300_1_c"
"Steigen","1848",1848,"skotsfjorden_ytre_0363032300_2_c"
"Moskenes","1874",1874,"djupfjorden_0363040100_c"
"Moskenes","1874",1874,"reine_havn_0363040200_1_c"
"Moskenes","1874",1874,"hamnoy_0363040200_3_c"
"Moskenes","1874",1874,"kjerkfjorden_ytre_0363040200_4_c"
"Moskenes","1874",1874,"forsfjorden_0363040300_c"
"Moskenes","1874",1874,"bunesfjorden_0363040400_c"
"Moskenes","1874",1874,"kjerkfjorden_indre_0363040500_c"
"Flakstad","1859",1859,"sundstraumen_0363040600_2_c"
"Flakstad","1859",1859,"sundvagen_0363040600_3_c"
"Flakstad","1859",1859,"kakersundet_0363040600_4_c"
"Flakstad","1859",1859,"selfjorden_0363040700_1_c"
"Flakstad","1859",1859,"torsfjorden_indre_0363040700_2_c"
"Flakstad","1859",1859,"ramberg_havn_0363040700_4_c"
"Flakstad","1859",1859,"fredvang_0363040700_6_c"
"Flakstad","1859",1859,"torsfjorden_ytre_0363040700_7_c"
"Flakstad","1859",1859,"skjelfjorden_indre_0363040801_c"
"Flakstad","1859",1859,"skjelfjorden_ytre_0363040802_c"
"Flakstad","1859",1859,"nusfjord_0363040900_c"
"Flakstad","1859",1859,"kilpollen_0363041000_c"
"Vestvagoy","1860",1860,"offersoypollen_0363041101_c"
"Flakstad","1859",1859,"napp_0363041102_1_c"
"Flakstad","1859",1859,"nappstraumen_0363041102_2_c"
"Vestvagoy","1860",1860,"nappstraumen_0363041102_2_c"
"Vestvagoy","1860",1860,"buksnesfjorden_indre_0363041200_1_c"
"Vestvagoy","1860",1860,"fyglsjoen_0363041200_3_c"
"Vestvagoy","1860",1860,"buksnesfjorden_ytre_0363041200_4_c"
"Vestvagoy","1860",1860,"petvik_0363041200_5_c"
"Vestvagoy","1860",1860,"flaget_0363041300_c"
"Vestvagoy","1860",1860,"storfjordpollen_0363041401_c"
"Vestvagoy","1860",1860,"finnstadpollen_0363041402_c"
"Vestvagoy","1860",1860,"sennesvika_0363041403_1_c"
"Vestvagoy","1860",1860,"sennesvika_0363041403_2_c"
"Vestvagoy","1860",1860,"myklevika_0363041500_1_c"
"Vestvagoy","1860",1860,"skifjorden_indre_0363041500_2_c"
"Vestvagoy","1860",1860,"kartfjorden_0363041500_3_c"
"Vestvagoy","1860",1860,"rolvsfjorden_0363041500_4_c"
"Vestvagoy","1860",1860,"skifjorden_ytre_0363041500_5_c"
"Vagan","1865",1865,"djupfjorden_0363041600_c"
"Vestvagoy","1860",1860,"lyngvaer_0363041700_c"
"Vagan","1865",1865,"lyngvaer_0363041700_c"
"Vagan","1865",1865,"olderfjorden_indre_0363041800_1_c"
"Vagan","1865",1865,"olderfjorden_ytre_0363041800_2_c"
"Vagan","1865",1865,"sydalspollen_0363041900_1_c"
"Vagan","1865",1865,"gimsoystraumen_0363041900_2_c"
"Vestvagoy","1860",1860,"arrvagan_0363042000_1_c"
"Vagan","1865",1865,"arrvagan_0363042000_1_c"
"Vagan","1865",1865,"vikspollen_0363042000_2_c"
"Vestvagoy","1860",1860,"sundklakkstraumen_0363042000_3_c"
"Vagan","1865",1865,"sundklakkstraumen_0363042000_3_c"
"Vagan","1865",1865,"jenndalspollen_0363042000_4_c"
"Vestvagoy","1860",1860,"steiropollen_0363042101_c"
"Vestvagoy","1860",1860,"alstadpollen_0363042102_c"
"Vestvagoy","1860",1860,"limstrandpollen_0363042103_c"
"Vagan","1865",1865,"indrefjorden_0363042200_c"
"Vagan","1865",1865,"nordpollen_0363042300_1_c"
"Vagan","1865",1865,"vatnfjorden_0363042300_2_c"
"Vagan","1865",1865,"leirane_0363042400_1_c"
"Vagan","1865",1865,"sundlandsfjorden_0363042400_2_c"
"Vagan","1865",1865,"grunnforfjorden_indre_0363042500_1_c"
"Hadsel","1866",1866,"grunnforfjorden_indre_0363042500_1_c"
"Vagan","1865",1865,"grunnforfjorden_ytre_0363042500_2_c"
"Hadsel","1866",1866,"grunnforfjorden_ytre_0363042500_2_c"
"Vestvagoy","1860",1860,"innerpollen_0363042601_c"
"Vestvagoy","1860",1860,"ytterpollen_0363042602_c"
"Vestvagoy","1860",1860,"lauvaspollen_0363042603_1_c"
"Vestvagoy","1860",1860,"bronnoyholmen_0363042603_3_c"
"Vestvagoy","1860",1860,"hoynesvoda_0363042603_4_c"
"Vestvagoy","1860",1860,"mjasundet_0363042603_5_c"
"Vestvagoy","1860",1860,"mjasundet_0363042603_6_c"
"Vestvagoy","1860",1860,"tangstadpollen_0363042700_1_c"
"Vestvagoy","1860",1860,"sortlandsvika_0363042700_2_c"
"Rost","1856",1856,"rost_havn_0363050100_3_c"
"Rost","1856",1856,"rost_indre_0363050100_4_c"
"Rost","1856",1856,"rosthavet_indre_0363050200_c"
"Vaeroy","1857",1857,"rosthavet_indre_0363050200_c"
"Vaeroy","1857",1857,"sorlandsvika_0363050300_2_c"
"Vaeroy","1857",1857,"rossnesvagen_0363050300_4_c"
"Vaeroy","1857",1857,"sorlandsvagen_0363050300_5_c"
"Vaeroy","1857",1857,"teisthammeren_0363050300_6_c"
"Vaeroy","1857",1857,"vaeroy_indre_0363050300_7_c"
"Vaeroy","1857",1857,"nordlandsflaget_indre_0363050400_c"
"Vaeroy","1857",1857,"nordlandsflaget_ytre_0363050500_c"
"Vaeroy","1857",1857,"vaeroy_ytre_0363050600_c"
"Rost","1856",1856,"rosthavet_ytre_0363050700_c"
"Vaeroy","1857",1857,"rosthavet_ytre_0363050700_c"
"Rost","1856",1856,"rost_ytre_0363050800_c"
"Steigen","1848",1848,"vestfjorden_indre_0364000030_10_c"
"Lodingen","1851",1851,"vestfjorden_indre_0364000030_10_c"
"Vagan","1865",1865,"vestfjorden_indre_0364000030_10_c"
"Hamaroy","1875",1849,"vestfjorden_indre_0364000030_10_c"
"Hamaroy","1875",1849,"vestfjorden_indre_0364000030_10_c"
"Tysfjord","1875",1850,"vestfjorden_indre_0364000030_10_c"
"Tysfjord","1875",1850,"vestfjorden_indre_0364000030_10_c"
"Vagan","1865",1865,"kabelvag_havn_0364000030_11_c"
"Narvik","1806",1805,"ofoten_0364000030_2_c"
"Ballangen","1806",1854,"ofoten_0364000030_2_c"
"Tysfjord","1806",1850,"ofoten_0364000030_2_c"
"Lodingen","1851",1851,"ofoten_0364000030_2_c"
"Vagan","1865",1865,"ofoten_0364000030_2_c"
"Hamaroy","1875",1849,"ofoten_0364000030_2_c"
"Hamaroy","1875",1849,"ofoten_0364000030_2_c"
"Tysfjord","1875",1850,"ofoten_0364000030_2_c"
"Tysfjord","1875",1850,"ofoten_0364000030_2_c"
"Skanland","5412",1913,"ofoten_0364000030_2_c"
"Tjeldsund","5412",1852,"ofoten_0364000030_2_c"
"Vagan","1865",1865,"svolvaer_0364000030_3_c"
"Vagan","1865",1865,"pundslettvagen_0364000030_4_c"
"Vagan","1865",1865,"valastrandvagen_0364000030_5_c"
"Vagan","1865",1865,"pollan_0364000030_6_c"
"Narvik","1806",1805,"storpollen_0364000030_7_c"
"Ballangen","1806",1854,"storpollen_0364000030_7_c"
"Tysfjord","1806",1850,"storpollen_0364000030_7_c"
"Narvik","1806",1805,"revelsoya_0364000030_8_c"
"Ballangen","1806",1854,"revelsoya_0364000030_8_c"
"Tysfjord","1806",1850,"revelsoya_0364000030_8_c"
"Lodingen","1851",1851,"hestfjorden_0364000030_9_c"
"Steigen","1848",1848,"valsvaer_0364010100_c"
"Steigen","1848",1848,"flagsundet_0364010200_c"
"Steigen","1848",1848,"skjettenfjorden_0364010300_c"
"Hamaroy","1875",1849,"skjettenfjorden_0364010300_c"
"Hamaroy","1875",1849,"skjettenfjorden_0364010300_c"
"Tysfjord","1875",1850,"skjettenfjorden_0364010300_c"
"Tysfjord","1875",1850,"skjettenfjorden_0364010300_c"
"Steigen","1848",1848,"holmakfjorden_0364010400_c"
"Steigen","1848",1848,"dypingspollen_0364010500_c"
"Steigen","1848",1848,"sagfjorden_0364010600_c"
"Hamaroy","1875",1849,"sagfjorden_0364010600_c"
"Hamaroy","1875",1849,"sagfjorden_0364010600_c"
"Tysfjord","1875",1850,"sagfjorden_0364010600_c"
"Tysfjord","1875",1850,"sagfjorden_0364010600_c"
"Steigen","1848",1848,"straumfjordvatnet_0364010701_c"
"Steigen","1848",1848,"straumfjorden_0364010702_c"
"Hamaroy","1875",1849,"innhavet_ytre_0364010800_1_c"
"Hamaroy","1875",1849,"innhavet_ytre_0364010800_1_c"
"Tysfjord","1875",1850,"innhavet_ytre_0364010800_1_c"
"Tysfjord","1875",1850,"innhavet_ytre_0364010800_1_c"
"Hamaroy","1875",1849,"sagpollen_0364010800_2_c"
"Hamaroy","1875",1849,"sagpollen_0364010800_2_c"
"Tysfjord","1875",1850,"sagpollen_0364010800_2_c"
"Tysfjord","1875",1850,"sagpollen_0364010800_2_c"
"Hamaroy","1875",1849,"grunnvagen_0364010800_3_c"
"Hamaroy","1875",1849,"grunnvagen_0364010800_3_c"
"Tysfjord","1875",1850,"grunnvagen_0364010800_3_c"
"Tysfjord","1875",1850,"grunnvagen_0364010800_3_c"
"Hamaroy","1875",1849,"skipvagen_0364010800_4_c"
"Hamaroy","1875",1849,"skipvagen_0364010800_4_c"
"Tysfjord","1875",1850,"skipvagen_0364010800_4_c"
"Tysfjord","1875",1850,"skipvagen_0364010800_4_c"
"Hamaroy","1875",1849,"innhavet_indre_0364010800_5_c"
"Hamaroy","1875",1849,"innhavet_indre_0364010800_5_c"
"Tysfjord","1875",1850,"innhavet_indre_0364010800_5_c"
"Tysfjord","1875",1850,"innhavet_indre_0364010800_5_c"
"Hamaroy","1875",1849,"karlsoybotnen_0364010900_c"
"Hamaroy","1875",1849,"karlsoybotnen_0364010900_c"
"Tysfjord","1875",1850,"karlsoybotnen_0364010900_c"
"Tysfjord","1875",1850,"karlsoybotnen_0364010900_c"
"Hamaroy","1875",1849,"kallstadsjoen_0364011000_1_c"
"Hamaroy","1875",1849,"kallstadsjoen_0364011000_1_c"
"Tysfjord","1875",1850,"kallstadsjoen_0364011000_1_c"
"Tysfjord","1875",1850,"kallstadsjoen_0364011000_1_c"
"Hamaroy","1875",1849,"rossviksundet_0364011000_2_c"
"Hamaroy","1875",1849,"rossviksundet_0364011000_2_c"
"Tysfjord","1875",1850,"rossviksundet_0364011000_2_c"
"Tysfjord","1875",1850,"rossviksundet_0364011000_2_c"
"Hamaroy","1875",1849,"kaldvagfjorden_0364011000_3_c"
"Hamaroy","1875",1849,"kaldvagfjorden_0364011000_3_c"
"Tysfjord","1875",1850,"kaldvagfjorden_0364011000_3_c"
"Tysfjord","1875",1850,"kaldvagfjorden_0364011000_3_c"
"Hamaroy","1875",1849,"husoy_0364011100_c"
"Hamaroy","1875",1849,"husoy_0364011100_c"
"Tysfjord","1875",1850,"husoy_0364011100_c"
"Tysfjord","1875",1850,"husoy_0364011100_c"
"Hamaroy","1875",1849,"lilandspollen_0364011200_c"
"Hamaroy","1875",1849,"lilandspollen_0364011200_c"
"Tysfjord","1875",1850,"lilandspollen_0364011200_c"
"Tysfjord","1875",1850,"lilandspollen_0364011200_c"
"Steigen","1848",1848,"okssundet_0364011300_c"
"Hamaroy","1875",1849,"okssundet_0364011300_c"
"Hamaroy","1875",1849,"okssundet_0364011300_c"
"Tysfjord","1875",1850,"okssundet_0364011300_c"
"Tysfjord","1875",1850,"okssundet_0364011300_c"
"Steigen","1848",1848,"skagstadsundet_0364011400_c"
"Hamaroy","1875",1849,"brennvika_0364011500_c"
"Hamaroy","1875",1849,"brennvika_0364011500_c"
"Tysfjord","1875",1850,"brennvika_0364011500_c"
"Tysfjord","1875",1850,"brennvika_0364011500_c"
"Hamaroy","1875",1849,"kobbvika_0364011600_c"
"Hamaroy","1875",1849,"kobbvika_0364011600_c"
"Tysfjord","1875",1850,"kobbvika_0364011600_c"
"Tysfjord","1875",1850,"kobbvika_0364011600_c"
"Hamaroy","1875",1849,"hamsundspollen_0364011700_c"
"Hamaroy","1875",1849,"hamsundspollen_0364011700_c"
"Tysfjord","1875",1850,"hamsundspollen_0364011700_c"
"Tysfjord","1875",1850,"hamsundspollen_0364011700_c"
"Hamaroy","1875",1849,"presteidvika_0364011800_c"
"Hamaroy","1875",1849,"presteidvika_0364011800_c"
"Tysfjord","1875",1850,"presteidvika_0364011800_c"
"Tysfjord","1875",1850,"presteidvika_0364011800_c"
"Hamaroy","1875",1849,"glimma_0364011900_c"
"Hamaroy","1875",1849,"glimma_0364011900_c"
"Tysfjord","1875",1850,"glimma_0364011900_c"
"Tysfjord","1875",1850,"glimma_0364011900_c"
"Hamaroy","1875",1849,"stordjupet_0364012000_c"
"Hamaroy","1875",1849,"stordjupet_0364012000_c"
"Tysfjord","1875",1850,"stordjupet_0364012000_c"
"Tysfjord","1875",1850,"stordjupet_0364012000_c"
"Hamaroy","1875",1849,"korsnes_0364020100_1_c"
"Hamaroy","1875",1849,"korsnes_0364020100_1_c"
"Tysfjord","1875",1850,"korsnes_0364020100_1_c"
"Tysfjord","1875",1850,"korsnes_0364020100_1_c"
"Hamaroy","1875",1849,"tysfjorden_0364020100_3_c"
"Hamaroy","1875",1849,"tysfjorden_0364020100_3_c"
"Tysfjord","1875",1850,"tysfjorden_0364020100_3_c"
"Tysfjord","1875",1850,"tysfjorden_0364020100_3_c"
"Narvik","1806",1805,"tysfjorden_0364020100_6_c"
"Ballangen","1806",1854,"tysfjorden_0364020100_6_c"
"Tysfjord","1806",1850,"tysfjorden_0364020100_6_c"
"Hamaroy","1875",1849,"tysfjorden_0364020100_6_c"
"Hamaroy","1875",1849,"tysfjorden_0364020100_6_c"
"Tysfjord","1875",1850,"tysfjorden_0364020100_6_c"
"Tysfjord","1875",1850,"tysfjorden_0364020100_6_c"
"Hamaroy","1875",1849,"beisfjorden_0364020200_c"
"Hamaroy","1875",1849,"beisfjorden_0364020200_c"
"Tysfjord","1875",1850,"beisfjorden_0364020200_c"
"Tysfjord","1875",1850,"beisfjorden_0364020200_c"
"Hamaroy","1875",1849,"hellmofjorden_indre_0364020300_1_c"
"Hamaroy","1875",1849,"hellmofjorden_indre_0364020300_1_c"
"Tysfjord","1875",1850,"hellmofjorden_indre_0364020300_1_c"
"Tysfjord","1875",1850,"hellmofjorden_indre_0364020300_1_c"
"Hamaroy","1875",1849,"hellmofjorden_ytre_0364020300_2_c"
"Hamaroy","1875",1849,"hellmofjorden_ytre_0364020300_2_c"
"Tysfjord","1875",1850,"hellmofjorden_ytre_0364020300_2_c"
"Tysfjord","1875",1850,"hellmofjorden_ytre_0364020300_2_c"
"Hamaroy","1875",1849,"grunnfjorden_indre_0364020400_1_c"
"Hamaroy","1875",1849,"grunnfjorden_indre_0364020400_1_c"
"Tysfjord","1875",1850,"grunnfjorden_indre_0364020400_1_c"
"Tysfjord","1875",1850,"grunnfjorden_indre_0364020400_1_c"
"Hamaroy","1875",1849,"grunnfjorden_ytre_0364020400_2_c"
"Hamaroy","1875",1849,"grunnfjorden_ytre_0364020400_2_c"
"Tysfjord","1875",1850,"grunnfjorden_ytre_0364020400_2_c"
"Tysfjord","1875",1850,"grunnfjorden_ytre_0364020400_2_c"
"Narvik","1806",1805,"mannfjorden_0364020500_c"
"Ballangen","1806",1854,"mannfjorden_0364020500_c"
"Tysfjord","1806",1850,"mannfjorden_0364020500_c"
"Hamaroy","1875",1849,"mannfjorden_0364020500_c"
"Hamaroy","1875",1849,"mannfjorden_0364020500_c"
"Tysfjord","1875",1850,"mannfjorden_0364020500_c"
"Tysfjord","1875",1850,"mannfjorden_0364020500_c"
"Narvik","1806",1805,"sorfjorden_0364020601_c"
"Ballangen","1806",1854,"sorfjorden_0364020601_c"
"Tysfjord","1806",1850,"sorfjorden_0364020601_c"
"Hamaroy","1875",1849,"sorfjorden_0364020601_c"
"Hamaroy","1875",1849,"sorfjorden_0364020601_c"
"Tysfjord","1875",1850,"sorfjorden_0364020601_c"
"Tysfjord","1875",1850,"sorfjorden_0364020601_c"
"Narvik","1806",1805,"ytterpollen_0364020602_c"
"Ballangen","1806",1854,"ytterpollen_0364020602_c"
"Tysfjord","1806",1850,"ytterpollen_0364020602_c"
"Narvik","1806",1805,"indre_tysfjorden_0364020603_c"
"Ballangen","1806",1854,"indre_tysfjorden_0364020603_c"
"Tysfjord","1806",1850,"indre_tysfjorden_0364020603_c"
"Narvik","1806",1805,"tommerasfjorden_0364020700_1_c"
"Ballangen","1806",1854,"tommerasfjorden_0364020700_1_c"
"Tysfjord","1806",1850,"tommerasfjorden_0364020700_1_c"
"Narvik","1806",1805,"haukoyfjorden_0364020700_2_c"
"Ballangen","1806",1854,"haukoyfjorden_0364020700_2_c"
"Tysfjord","1806",1850,"haukoyfjorden_0364020700_2_c"
"Narvik","1806",1805,"vikran_0364020800_1_c"
"Ballangen","1806",1854,"vikran_0364020800_1_c"
"Tysfjord","1806",1850,"vikran_0364020800_1_c"
"Narvik","1806",1805,"fuglfjorden_0364020800_2_c"
"Ballangen","1806",1854,"fuglfjorden_0364020800_2_c"
"Tysfjord","1806",1850,"fuglfjorden_0364020800_2_c"
"Narvik","1806",1805,"stefjorden_0364020900_c"
"Ballangen","1806",1854,"stefjorden_0364020900_c"
"Tysfjord","1806",1850,"stefjorden_0364020900_c"
"Narvik","1806",1805,"sildpollen_0364021000_c"
"Ballangen","1806",1854,"sildpollen_0364021000_c"
"Tysfjord","1806",1850,"sildpollen_0364021000_c"
"Narvik","1806",1805,"skrovkjosen_0364021100_c"
"Ballangen","1806",1854,"skrovkjosen_0364021100_c"
"Tysfjord","1806",1850,"skrovkjosen_0364021100_c"
"Narvik","1806",1805,"tauselvhavet_0364021201_1_c"
"Ballangen","1806",1854,"tauselvhavet_0364021201_1_c"
"Tysfjord","1806",1850,"tauselvhavet_0364021201_1_c"
"Narvik","1806",1805,"efjorden_0364021201_2_c"
"Ballangen","1806",1854,"efjorden_0364021201_2_c"
"Tysfjord","1806",1850,"efjorden_0364021201_2_c"
"Narvik","1806",1805,"forsahavet_0364021201_3_c"
"Ballangen","1806",1854,"forsahavet_0364021201_3_c"
"Tysfjord","1806",1850,"forsahavet_0364021201_3_c"
"Narvik","1806",1805,"sorstraumen_vest_0364021202_10_c"
"Ballangen","1806",1854,"sorstraumen_vest_0364021202_10_c"
"Tysfjord","1806",1850,"sorstraumen_vest_0364021202_10_c"
"Narvik","1806",1805,"vallebukta_vest_0364021202_1_c"
"Ballangen","1806",1854,"vallebukta_vest_0364021202_1_c"
"Tysfjord","1806",1850,"vallebukta_vest_0364021202_1_c"
"Narvik","1806",1805,"vallebukta_ost_0364021202_2_c"
"Ballangen","1806",1854,"vallebukta_ost_0364021202_2_c"
"Tysfjord","1806",1850,"vallebukta_ost_0364021202_2_c"
"Narvik","1806",1805,"stor_kobbvika_0364021202_3_c"
"Ballangen","1806",1854,"stor_kobbvika_0364021202_3_c"
"Tysfjord","1806",1850,"stor_kobbvika_0364021202_3_c"
"Narvik","1806",1805,"langvagpollen_0364021202_4_c"
"Ballangen","1806",1854,"langvagpollen_0364021202_4_c"
"Tysfjord","1806",1850,"langvagpollen_0364021202_4_c"
"Narvik","1806",1805,"teppkilen_0364021202_5_c"
"Ballangen","1806",1854,"teppkilen_0364021202_5_c"
"Tysfjord","1806",1850,"teppkilen_0364021202_5_c"
"Narvik","1806",1805,"efjorden_midtre_0364021202_6_c"
"Ballangen","1806",1854,"efjorden_midtre_0364021202_6_c"
"Tysfjord","1806",1850,"efjorden_midtre_0364021202_6_c"
"Narvik","1806",1805,"efjorden_indre_0364021202_7_c"
"Ballangen","1806",1854,"efjorden_indre_0364021202_7_c"
"Tysfjord","1806",1850,"efjorden_indre_0364021202_7_c"
"Narvik","1806",1805,"efjorden_ytre_0364021202_8_c"
"Ballangen","1806",1854,"efjorden_ytre_0364021202_8_c"
"Tysfjord","1806",1850,"efjorden_ytre_0364021202_8_c"
"Narvik","1806",1805,"leirpollen_0364021202_9_c"
"Ballangen","1806",1854,"leirpollen_0364021202_9_c"
"Tysfjord","1806",1850,"leirpollen_0364021202_9_c"
"Narvik","1806",1805,"vargfjorden_0364030100_1_c"
"Ballangen","1806",1854,"vargfjorden_0364030100_1_c"
"Tysfjord","1806",1850,"vargfjorden_0364030100_1_c"
"Narvik","1806",1805,"ofotfjorden_0364030100_2_c"
"Ballangen","1806",1854,"ofotfjorden_0364030100_2_c"
"Tysfjord","1806",1850,"ofotfjorden_0364030100_2_c"
"Evenes","1853",1853,"ofotfjorden_0364030100_2_c"
"Skanland","5412",1913,"ofotfjorden_0364030100_2_c"
"Tjeldsund","5412",1852,"ofotfjorden_0364030100_2_c"
"Narvik","1806",1805,"ballangen_0364030200_c"
"Ballangen","1806",1854,"ballangen_0364030200_c"
"Tysfjord","1806",1850,"ballangen_0364030200_c"
"Narvik","1806",1805,"trongskjomen_indre_0364030301_c"
"Ballangen","1806",1854,"trongskjomen_indre_0364030301_c"
"Tysfjord","1806",1850,"trongskjomen_indre_0364030301_c"
"Narvik","1806",1805,"trongskjomen_ytre_0364030302_c"
"Ballangen","1806",1854,"trongskjomen_ytre_0364030302_c"
"Tysfjord","1806",1850,"trongskjomen_ytre_0364030302_c"
"Narvik","1806",1805,"beisfjorden_indre_0364030401_c"
"Ballangen","1806",1854,"beisfjorden_indre_0364030401_c"
"Tysfjord","1806",1850,"beisfjorden_indre_0364030401_c"
"Narvik","1806",1805,"narvikbukta_0364030402_c"
"Ballangen","1806",1854,"narvikbukta_0364030402_c"
"Tysfjord","1806",1850,"narvikbukta_0364030402_c"
"Narvik","1806",1805,"romsbakbotn_0364030501_1_c"
"Ballangen","1806",1854,"romsbakbotn_0364030501_1_c"
"Tysfjord","1806",1850,"romsbakbotn_0364030501_1_c"
"Narvik","1806",1805,"rombaken_0364030501_2_c"
"Ballangen","1806",1854,"rombaken_0364030501_2_c"
"Tysfjord","1806",1850,"rombaken_0364030501_2_c"
"Narvik","1806",1805,"rombaken_0364030502_c"
"Ballangen","1806",1854,"rombaken_0364030502_c"
"Tysfjord","1806",1850,"rombaken_0364030502_c"
"Narvik","1806",1805,"herjangsfjorden_0364030600_c"
"Ballangen","1806",1854,"herjangsfjorden_0364030600_c"
"Tysfjord","1806",1850,"herjangsfjorden_0364030600_c"
"Evenes","1853",1853,"bogen_oysundet_0364030700_1_c"
"Evenes","1853",1853,"bogen_0364030700_2_c"
"Skanland","5412",1913,"breidvika_0364040100_1_c"
"Tjeldsund","5412",1852,"breidvika_0364040100_1_c"
"Skanland","5412",1913,"ramsundet_sondre_0364040100_2_c"
"Tjeldsund","5412",1852,"ramsundet_sondre_0364040100_2_c"
"Skanland","5412",1913,"ramsundet_nordre_ost_0364040100_4_c"
"Tjeldsund","5412",1852,"ramsundet_nordre_ost_0364040100_4_c"
"Skanland","5412",1913,"ramsundet_nordre_vest_0364040100_5_c"
"Tjeldsund","5412",1852,"ramsundet_nordre_vest_0364040100_5_c"
"Skanland","5412",1913,"lavangsfjorden_0364040200_1_c"
"Tjeldsund","5412",1852,"lavangsfjorden_0364040200_1_c"
"Harstad","5402",1903,"tjeldsundet_nordre_0364040200_2_c"
"Skanland","5412",1913,"tjeldsundet_nordre_0364040200_2_c"
"Tjeldsund","5412",1852,"tjeldsundet_nordre_0364040200_2_c"
"Harstad","5402",1903,"tjeldsundet_sondre_nordoya_0364040200_4_c"
"Skanland","5412",1913,"tjeldsundet_sondre_nordoya_0364040200_4_c"
"Tjeldsund","5412",1852,"tjeldsundet_sondre_nordoya_0364040200_4_c"
"Harstad","5402",1903,"tjeldsundet_sondre_0364040200_5_c"
"Skanland","5412",1913,"tjeldsundet_sondre_0364040200_5_c"
"Tjeldsund","5412",1852,"tjeldsundet_sondre_0364040200_5_c"
"Lodingen","1851",1851,"fiskefjorden_0364040300_1_c"
"Skanland","5412",1913,"fiskefjorden_0364040300_1_c"
"Tjeldsund","5412",1852,"fiskefjorden_0364040300_1_c"
"Skanland","5412",1913,"tjeldsundet_indre_0364040300_2_c"
"Tjeldsund","5412",1852,"tjeldsundet_indre_0364040300_2_c"
"Lodingen","1851",1851,"tjeldsundet_ytre_0364040300_4_c"
"Skanland","5412",1913,"tjeldsundet_ytre_0364040300_4_c"
"Tjeldsund","5412",1852,"tjeldsundet_ytre_0364040300_4_c"
"Lodingen","1851",1851,"lodingen_havn_0364040300_5_c"
"Skanland","5412",1913,"kjerfjorden_0364040400_c"
"Tjeldsund","5412",1852,"kjerfjorden_0364040400_c"
"Lodingen","1851",1851,"innerfjorden_0364040501_c"
"Lodingen","1851",1851,"erikstadfjorden_0364040502_c"
"Lodingen","1851",1851,"kanstadfjorden_0364040503_1_c"
"Lodingen","1851",1851,"haukfjorden_0364040503_2_c"
"Lodingen","1851",1851,"innerfjorden_0364050101_c"
"Lodingen","1851",1851,"oksfjorden_0364050102_c"
"Vagan","1865",1865,"molldora_skrovsvedet_0364050200_10_c"
"Vagan","1865",1865,"skrova_0364050200_9_c"
"Vagan","1865",1865,"valvagen_0364050301_1_c"
"Vagan","1865",1865,"raftsundet_0364050301_2_c"
"Hadsel","1866",1866,"raftsundet_0364050301_2_c"
"Hadsel","1866",1866,"grunnfjorden_0364050302_c"
"Hadsel","1866",1866,"trollfjorden_0364050303_c"
"Vagan","1865",1865,"ulvagsfjorden_0364050304_1_c"
"Vagan","1865",1865,"ulvagsfjorden_0364050304_2_c"
"Vagan","1865",1865,"laupstadpollen_0364050401_1_c"
"Vagan","1865",1865,"austnesfjorden_0364050401_2_c"
"Vagan","1865",1865,"vestpollen_0364050402_c"
"Vagan","1865",1865,"vatterfjordpollen_0364050403_c"
"Vagan","1865",1865,"vatterfjorden_0364050404_c"
"Vagan","1865",1865,"husvagen_0364050500_c"
"Vagan","1865",1865,"leirosen_0364050600_c"
"Vagan","1865",1865,"orsvag_0364050700_c"
"Vagan","1865",1865,"hopspollen_0364050801_c"
"Vagan","1865",1865,"hopen_0364050802_c"
"Bo","1867",1867,"skjorisen_0365000030_1_c"
"Bo","1867",1867,"forepollen_0365000030_2_c"
"Hadsel","1866",1866,"vesteralsfjorden_0365000030_4_c"
"Bo","1867",1867,"vesteralsfjorden_0365000030_4_c"
"Bo","1867",1867,"steinesjoen_0365000030_5_c"
"Bo","1867",1867,"hovden_havn_0365000031_1_c"
"Bo","1867",1867,"nykvag_0365000031_3_c"
"Bo","1867",1867,"vesteralen_0365000031_6_c"
"Oksnes","1868",1868,"vesteralen_0365000031_6_c"
"Oksnes","1868",1868,"nyksund_0365000031_7_c"
"Andoy","1871",1871,"andenes_0365000032_2_c"
"Oksnes","1868",1868,"sto_havn_0365000032_3_c"
"Andoy","1871",1871,"nordmela_havn_0365000032_5_c"
"Andoy","1871",1871,"bleik_havn_0365000032_7_c"
"Oksnes","1868",1868,"gavlfjorden_ytre_0365000032_8_c"
"Andoy","1871",1871,"gavlfjorden_ytre_0365000032_8_c"
"Hadsel","1866",1866,"morfjorden_indre_0365010101_c"
"Hadsel","1866",1866,"morfjorden_ytre_0365010102_c"
"Hadsel","1866",1866,"austpollen_0365010201_1_c"
"Hadsel","1866",1866,"higravfjorden_0365010201_2_c"
"Hadsel","1866",1866,"sloverfjorden_0365010201_3_c"
"Hadsel","1866",1866,"sloverfjorden_0365010202_c"
"Hadsel","1866",1866,"myrlandsfjorden_0365010300_1_c"
"Hadsel","1866",1866,"falkfjorden_0365010300_2_c"
"Hadsel","1866",1866,"melbu_fiskerihavn_0365010300_3_c"
"Hadsel","1866",1866,"haugvagen_0365010300_4_c"
"Hadsel","1866",1866,"hadselfjorden_0365010300_5_c"
"Hadsel","1866",1866,"ytterfjorden_innerfjorden_0365010400_1_c"
"Hadsel","1866",1866,"ingelsfjorden_0365010400_2_c"
"Hadsel","1866",1866,"lonkanfjorden_indre_0365010501_c"
"Hadsel","1866",1866,"lonkanfjorden_ytre_0365010502_c"
"Sortland","1870",1870,"sortlandsundet_sor_indre_0365010601_2_c"
"Sortland","1870",1870,"blokken_0365010601_3_c"
"Hadsel","1866",1866,"fiskfjorden_indre_0365010601_5_c"
"Sortland","1870",1870,"fiskfjorden_indre_0365010601_5_c"
"Hadsel","1866",1866,"fiskfjorden_ytre_0365010601_6_c"
"Sortland","1870",1870,"fiskfjorden_ytre_0365010601_6_c"
"Hadsel","1866",1866,"sortlandsundet_sor_ytre_0365010601_7_c"
"Sortland","1870",1870,"sortlandsundet_sor_ytre_0365010601_7_c"
"Sortland","1870",1870,"sortlandsundet_nord_indre_0365010602_1_c"
"Sortland","1870",1870,"sortlandsundet_nord_ytre_0365010602_2_c"
"Sortland","1870",1870,"gasfjorden_0365010602_3_c"
"Sortland","1870",1870,"djupfjorden_0365010700_c"
"Sortland","1870",1870,"dalflaget_0365010800_1_c"
"Sortland","1870",1870,"sigerfjorden_0365010800_2_c"
"Sortland","1870",1870,"sorfjorden_0365010900_1_c"
"Sortland","1870",1870,"hongfjorden_0365010900_2_c"
"Sortland","1870",1870,"roksoyfjorden_0365011000_c"
"Oksnes","1868",1868,"strengelvagfjorden_0365011100_1_c"
"Oksnes","1868",1868,"strengelvag_0365011100_2_c"
"Oksnes","1868",1868,"kjoravalen_0365011100_3_c"
"Oksnes","1868",1868,"alsvagen_0365011100_5_c"
"Sortland","1870",1870,"straumvatnet_0365011100_6_c"
"Oksnes","1868",1868,"lifjorden_0365011100_7_c"
"Sortland","1870",1870,"lifjorden_0365011100_7_c"
"Oksnes","1868",1868,"gavlefjorden_0365011100_8_c"
"Sortland","1870",1870,"gavlefjorden_0365011100_8_c"
"Andoy","1871",1871,"gavlefjorden_0365011100_8_c"
"Andoy","1871",1871,"risoysundet_indre_0365011200_c"
"Andoy","1871",1871,"ase_0365011300_1_c"
"Sortland","1870",1870,"risoysundet_ytre_0365011300_2_c"
"Andoy","1871",1871,"risoysundet_ytre_0365011300_2_c"
"Andoy","1871",1871,"tranesvagen_0365011400_c"
"Oksnes","1868",1868,"gisloyflaket_0365011500_c"
"Oksnes","1868",1868,"lifjorden_0365011600_c"
"Sortland","1870",1870,"lifjorden_0365011600_c"
"Hadsel","1866",1866,"kvalsoybugen_0365020100_1_c"
"Hadsel","1866",1866,"eidsfjorden_ytre_0365020100_3_c"
"Bo","1867",1867,"eidsfjorden_ytre_0365020100_3_c"
"Sortland","1870",1870,"eidsfjorden_ytre_0365020100_3_c"
"Hadsel","1866",1866,"eidsfjorden_indre_0365020100_4_c"
"Sortland","1870",1870,"eidsfjorden_indre_0365020100_4_c"
"Hadsel","1866",1866,"langoysundet_0365020200_1_c"
"Hadsel","1866",1866,"boroysundet_0365020200_2_c"
"Hadsel","1866",1866,"slattnesbogen_0365020300_c"
"Sortland","1870",1870,"straumen_0365020400_1_c"
"Sortland","1870",1870,"valfjorden_0365020400_2_c"
"Oksnes","1868",1868,"bjorndalsfjorden_0365020500_c"
"Sortland","1870",1870,"bjorndalsfjorden_0365020500_c"
"Sortland","1870",1870,"olderfjorden_indre_0365020601_c"
"Sortland","1870",1870,"olderfjorden_ytre_0365020602_c"
"Sortland","1870",1870,"melfjorden_0365020700_c"
"Bo","1867",1867,"vestpollen_0365020801_1_c"
"Sortland","1870",1870,"vestpollen_0365020801_1_c"
"Bo","1867",1867,"hellfjorden_indre_0365020801_2_c"
"Sortland","1870",1870,"hellfjorden_indre_0365020801_2_c"
"Bo","1867",1867,"hellfjorden_ytre_0365020802_c"
"Sortland","1870",1870,"hellfjorden_ytre_0365020802_c"
"Bo","1867",1867,"kvernfjorden_0365020901_1_c"
"Bo","1867",1867,"jornfjorden_indre_0365020901_2_c"
"Bo","1867",1867,"storoya_nord_0365020902_1_c"
"Bo","1867",1867,"jornfjorden_ytre_0365020902_2_c"
"Bo","1867",1867,"straumsnes_0365020902_3_c"
"Bo","1867",1867,"pollen_0365020902_4_c"
"Bo","1867",1867,"guvag_0365020902_5_c"
"Oksnes","1868",1868,"prestfjorden_0365030100_1_c"
"Oksnes","1868",1868,"myre_havn_0365030100_2_c"
"Oksnes","1868",1868,"steinlandsfjorden_0365030200_c"
"Oksnes","1868",1868,"romsetfjorden_0365030300_c"
"Oksnes","1868",1868,"breistrand_0365030400_1_c"
"Oksnes","1868",1868,"borroyfjorden_0365030400_2_c"
"Oksnes","1868",1868,"teistpollen_0365030500_1_c"
"Oksnes","1868",1868,"annfjorden_0365030500_2_c"
"Oksnes","1868",1868,"sandsetfjorden_0365030500_3_c"
"Oksnes","1868",1868,"skjerfjorden_0365030600_c"
"Oksnes","1868",1868,"vinjesundet_skallflaget_0365030700_c"
"Bo","1867",1867,"moklandsfjorden_0365030800_c"
"Oksnes","1868",1868,"moklandsfjorden_0365030800_c"
"Bo","1867",1867,"sundsstraumen_0365030901_c"
"Bo","1867",1867,"malnesfjorden_0365030902_c"
"Bo","1867",1867,"eidspollen_0365031000_1_c"
"Bo","1867",1867,"eidspollen_0365031000_2_c"
"Bo","1867",1867,"straumfjorden_0365031100_c"
"Andoy","1871",1871,"andenes_midt_andfjorden_0401000030_1_c"
"Andoy","1871",1871,"midt_andfjorden_kasodden_0401000030_2_c"
"Tranoy","5421",1927,"midt_andfjorden_kasodden_0401000030_2_c"
"Torsken","5421",1928,"midt_andfjorden_kasodden_0401000030_2_c"
"Berg","5421",1929,"midt_andfjorden_kasodden_0401000030_2_c"
"Lenvik","5421",1931,"midt_andfjorden_kasodden_0401000030_2_c"
"Andoy","1871",1871,"dverberg_havn_0401010100_1_c"
"Tranoy","5421",1927,"skrollsvik_0401010100_3_c"
"Torsken","5421",1928,"skrollsvik_0401010100_3_c"
"Berg","5421",1929,"skrollsvik_0401010100_3_c"
"Lenvik","5421",1931,"skrollsvik_0401010100_3_c"
"Sortland","1870",1870,"andfjorden_vest_0401010100_5_c"
"Andoy","1871",1871,"andfjorden_vest_0401010100_5_c"
"Harstad","5402",1903,"andfjorden_vest_0401010100_5_c"
"Andoy","1871",1871,"andfjorden_ost_0401010100_6_c"
"Harstad","5402",1903,"andfjorden_ost_0401010100_6_c"
"Tranoy","5421",1927,"andfjorden_ost_0401010100_6_c"
"Torsken","5421",1928,"andfjorden_ost_0401010100_6_c"
"Berg","5421",1929,"andfjorden_ost_0401010100_6_c"
"Lenvik","5421",1931,"andfjorden_ost_0401010100_6_c"
"Sortland","1870",1870,"kvaefjorden_vest_0401010200_1_c"
"Harstad","5402",1903,"kvaefjorden_vest_0401010200_1_c"
"Kvaefjord","5411",1911,"kvaefjorden_vest_0401010200_1_c"
"Sortland","1870",1870,"kvaefjorden_ost_0401010200_2_c"
"Harstad","5402",1903,"kvaefjorden_ost_0401010200_2_c"
"Kvaefjord","5411",1911,"kvaefjorden_ost_0401010200_2_c"
"Sortland","1870",1870,"godfjorden_indre_0401010300_1_c"
"Sortland","1870",1870,"godfjorden_ytre_0401010300_2_c"
"Kvaefjord","5411",1911,"gullesfjorden_midtre_0401010401_1_c"
"Kvaefjord","5411",1911,"foroysundet_0401010401_3_c"
"Kvaefjord","5411",1911,"gullesfjorden_indre_0401010401_4_c"
"Kvaefjord","5411",1911,"austerfjorden_0401010402_c"
"Sortland","1870",1870,"kvaefjorden_indre_0401010403_1_c"
"Kvaefjord","5411",1911,"kvaefjorden_indre_0401010403_1_c"
"Sortland","1870",1870,"gullesfjorden_ytre_0401010403_2_c"
"Kvaefjord","5411",1911,"gullesfjorden_ytre_0401010403_2_c"
"Kvaefjord","5411",1911,"straumen_indre_kvaefjord_0401010501_1_c"
"Kvaefjord","5411",1911,"straumsbotnen_0401010501_2_c"
"Kvaefjord","5411",1911,"straumen_ytre_kvaefjord_0401010502_2_c"
"Kvaefjord","5411",1911,"bygdesundet_ytre_0401010502_3_c"
"Kvaefjord","5411",1911,"oysundet_0401010502_5_c"
"Kvaefjord","5411",1911,"bygdesundet_indre_0401010502_6_c"
"Harstad","5402",1903,"kasfjorden_0401010600_c"
"Kvaefjord","5411",1911,"kasfjorden_0401010600_c"
"Tranoy","5421",1927,"indre_selfjorden_0401010701_c"
"Torsken","5421",1928,"indre_selfjorden_0401010701_c"
"Berg","5421",1929,"indre_selfjorden_0401010701_c"
"Lenvik","5421",1931,"indre_selfjorden_0401010701_c"
"Tranoy","5421",1927,"selfjorden_midtre_0401010702_c"
"Torsken","5421",1928,"selfjorden_midtre_0401010702_c"
"Berg","5421",1929,"selfjorden_midtre_0401010702_c"
"Lenvik","5421",1931,"selfjorden_midtre_0401010702_c"
"Tranoy","5421",1927,"selfjorden_ytre_0401010703_c"
"Torsken","5421",1928,"selfjorden_ytre_0401010703_c"
"Berg","5421",1929,"selfjorden_ytre_0401010703_c"
"Lenvik","5421",1931,"selfjorden_ytre_0401010703_c"
"Tranoy","5421",1927,"veidemannsfjorden_0401010800_1_c"
"Torsken","5421",1928,"veidemannsfjorden_0401010800_1_c"
"Berg","5421",1929,"veidemannsfjorden_0401010800_1_c"
"Lenvik","5421",1931,"veidemannsfjorden_0401010800_1_c"
"Tranoy","5421",1927,"sifjorden_0401010800_2_c"
"Torsken","5421",1928,"sifjorden_0401010800_2_c"
"Berg","5421",1929,"sifjorden_0401010800_2_c"
"Lenvik","5421",1931,"sifjorden_0401010800_2_c"
"Tranoy","5421",1927,"grunnfarsnesbotnen_0401010900_c"
"Torsken","5421",1928,"grunnfarsnesbotnen_0401010900_c"
"Berg","5421",1929,"grunnfarsnesbotnen_0401010900_c"
"Lenvik","5421",1931,"grunnfarsnesbotnen_0401010900_c"
"Tranoy","5421",1927,"torskenfjorden_0401011000_c"
"Torsken","5421",1928,"torskenfjorden_0401011000_c"
"Berg","5421",1929,"torskenfjorden_0401011000_c"
"Lenvik","5421",1931,"torskenfjorden_0401011000_c"
"Tranoy","5421",1927,"gryllefjorden_0401011100_c"
"Torsken","5421",1928,"gryllefjorden_0401011100_c"
"Berg","5421",1929,"gryllefjorden_0401011100_c"
"Lenvik","5421",1931,"gryllefjorden_0401011100_c"
"Tranoy","5421",1927,"straumsbotn_0401011201_c"
"Torsken","5421",1928,"straumsbotn_0401011201_c"
"Berg","5421",1929,"straumsbotn_0401011201_c"
"Lenvik","5421",1931,"straumsbotn_0401011201_c"
"Tranoy","5421",1927,"lavollkjosen_0401011202_1_c"
"Torsken","5421",1928,"lavollkjosen_0401011202_1_c"
"Berg","5421",1929,"lavollkjosen_0401011202_1_c"
"Lenvik","5421",1931,"lavollkjosen_0401011202_1_c"
"Tranoy","5421",1927,"lavollsfjorden_0401011202_2_c"
"Torsken","5421",1928,"lavollsfjorden_0401011202_2_c"
"Berg","5421",1929,"lavollsfjorden_0401011202_2_c"
"Lenvik","5421",1931,"lavollsfjorden_0401011202_2_c"
"Tranoy","5421",1927,"bergsbotn_i_bergsfjorden_0401011300_c"
"Torsken","5421",1928,"bergsbotn_i_bergsfjorden_0401011300_c"
"Berg","5421",1929,"bergsbotn_i_bergsfjorden_0401011300_c"
"Lenvik","5421",1931,"bergsbotn_i_bergsfjorden_0401011300_c"
"Tranoy","5421",1927,"bergsfjorden_0401011400_c"
"Torsken","5421",1928,"bergsfjorden_0401011400_c"
"Berg","5421",1929,"bergsfjorden_0401011400_c"
"Lenvik","5421",1931,"bergsfjorden_0401011400_c"
"Tranoy","5421",1927,"steinfjorden_0401011500_c"
"Torsken","5421",1928,"steinfjorden_0401011500_c"
"Berg","5421",1929,"steinfjorden_0401011500_c"
"Lenvik","5421",1931,"steinfjorden_0401011500_c"
"Tranoy","5421",1927,"ersfjorden_0401011600_c"
"Torsken","5421",1928,"ersfjorden_0401011600_c"
"Berg","5421",1929,"ersfjorden_0401011600_c"
"Lenvik","5421",1931,"ersfjorden_0401011600_c"
"Tranoy","5421",1927,"hopsvatnet_i_senjahopen_0401011700_1_c"
"Torsken","5421",1928,"hopsvatnet_i_senjahopen_0401011700_1_c"
"Berg","5421",1929,"hopsvatnet_i_senjahopen_0401011700_1_c"
"Lenvik","5421",1931,"hopsvatnet_i_senjahopen_0401011700_1_c"
"Tranoy","5421",1927,"mefjorden_0401011700_2_c"
"Torsken","5421",1928,"mefjorden_0401011700_2_c"
"Berg","5421",1929,"mefjorden_0401011700_2_c"
"Lenvik","5421",1931,"mefjorden_0401011700_2_c"
"Harstad","5402",1903,"breivik_kilbotn_0401020100_1_c"
"Harstad","5402",1903,"stangnes_0401020100_3_c"
"Harstad","5402",1903,"vagsfjorden_0401020100_4_c"
"Skanland","5412",1913,"vagsfjorden_0401020100_4_c"
"Tjeldsund","5412",1852,"vagsfjorden_0401020100_4_c"
"Ibestad","5413",1917,"vagsfjorden_0401020100_4_c"
"Dyroy","5420",1926,"vagsfjorden_0401020100_4_c"
"Tranoy","5421",1927,"vagsfjorden_0401020100_4_c"
"Torsken","5421",1928,"vagsfjorden_0401020100_4_c"
"Berg","5421",1929,"vagsfjorden_0401020100_4_c"
"Lenvik","5421",1931,"vagsfjorden_0401020100_4_c"
"Harstad","5402",1903,"kvaernsundet_0401020200_c"
"Harstad","5402",1903,"sandoysundet_0401020300_c"
"Harstad","5402",1903,"bergsvagen_indre_0401020400_1_c"
"Harstad","5402",1903,"bergsvagen_0401020400_3_c"
"Harstad","5402",1903,"toppsundet_0401020400_4_c"
"Harstad","5402",1903,"harstadbassenget_russevika_brurvika_0401020500_1_c"
"Harstad","5402",1903,"harstad_havneomrade_0401020500_2_c"
"Ibestad","5413",1917,"hamnvik_havn_ibestad_0401020600_1_c"
"Skanland","5412",1913,"astafjorden_0401020600_2_c"
"Tjeldsund","5412",1852,"astafjorden_0401020600_2_c"
"Ibestad","5413",1917,"astafjorden_0401020600_2_c"
"Gratangen","5414",1919,"astafjorden_0401020600_2_c"
"Lavangen","5415",1920,"astafjorden_0401020600_2_c"
"Lavangen","5415",1920,"astafjorden_0401020600_2_c"
"Salangen","5417",1923,"astafjorden_0401020600_2_c"
"Skanland","5412",1913,"grov_indre_0401020701_1_c"
"Tjeldsund","5412",1852,"grov_indre_0401020701_1_c"
"Skanland","5412",1913,"grovfjorden_indre_0401020701_2_c"
"Tjeldsund","5412",1852,"grovfjorden_indre_0401020701_2_c"
"Skanland","5412",1913,"grov_ytre_0401020702_1_c"
"Tjeldsund","5412",1852,"grov_ytre_0401020702_1_c"
"Skanland","5412",1913,"grov_havn_0401020702_3_c"
"Tjeldsund","5412",1852,"grov_havn_0401020702_3_c"
"Skanland","5412",1913,"grovfjorden_ytre_0401020702_4_c"
"Tjeldsund","5412",1852,"grovfjorden_ytre_0401020702_4_c"
"Gratangen","5414",1919,"gratangsbotnen_0401020801_c"
"Gratangen","5414",1919,"gratangen_0401020802_c"
"Gratangen","5414",1919,"lavangen_0401020900_c"
"Lavangen","5415",1920,"lavangen_0401020900_c"
"Lavangen","5415",1920,"lavangen_0401020900_c"
"Salangen","5417",1923,"lavangen_0401020900_c"
"Ibestad","5413",1917,"salangen_0401021000_c"
"Salangen","5417",1923,"salangen_0401021000_c"
"Salangen","5417",1923,"sagfjorden_indre_0401021101_c"
"Salangen","5417",1923,"sagfjorden_ytre_0401021102_c"
"Ibestad","5413",1917,"mjosundet_0401021200_c"
"Salangen","5417",1923,"mjosundet_0401021200_c"
"Dyroy","5420",1926,"mjosundet_0401021200_c"
"Ibestad","5413",1917,"bygda_0401021300_c"
"Ibestad","5413",1917,"straumbotn_0401021400_c"
"Tranoy","5421",1927,"hofsoybotnen_0401021500_c"
"Torsken","5421",1928,"hofsoybotnen_0401021500_c"
"Berg","5421",1929,"hofsoybotnen_0401021500_c"
"Lenvik","5421",1931,"hofsoybotnen_0401021500_c"
"Tranoy","5421",1927,"eidepollen_0401021600_c"
"Torsken","5421",1928,"eidepollen_0401021600_c"
"Berg","5421",1929,"eidepollen_0401021600_c"
"Lenvik","5421",1931,"eidepollen_0401021600_c"
"Tranoy","5421",1927,"gisundet_finnsnes_gibostad_0401030100_3_c"
"Torsken","5421",1928,"gisundet_finnsnes_gibostad_0401030100_3_c"
"Berg","5421",1929,"gisundet_finnsnes_gibostad_0401030100_3_c"
"Lenvik","5421",1931,"gisundet_finnsnes_gibostad_0401030100_3_c"
"Tranoy","5421",1927,"gisundet_nordlig_del_0401030100_5_c"
"Torsken","5421",1928,"gisundet_nordlig_del_0401030100_5_c"
"Berg","5421",1929,"gisundet_nordlig_del_0401030100_5_c"
"Lenvik","5421",1931,"gisundet_nordlig_del_0401030100_5_c"
"Tranoy","5421",1927,"gisundet_ved_gibostad_0401030100_6_c"
"Torsken","5421",1928,"gisundet_ved_gibostad_0401030100_6_c"
"Berg","5421",1929,"gisundet_ved_gibostad_0401030100_6_c"
"Lenvik","5421",1931,"gisundet_ved_gibostad_0401030100_6_c"
"Tranoy","5421",1927,"gisundet_smabathavn_finnsnes_0401030100_7_c"
"Torsken","5421",1928,"gisundet_smabathavn_finnsnes_0401030100_7_c"
"Berg","5421",1929,"gisundet_smabathavn_finnsnes_0401030100_7_c"
"Lenvik","5421",1931,"gisundet_smabathavn_finnsnes_0401030100_7_c"
"Tranoy","5421",1927,"gisundet_ved_finnsnes_0401030100_8_c"
"Torsken","5421",1928,"gisundet_ved_finnsnes_0401030100_8_c"
"Berg","5421",1929,"gisundet_ved_finnsnes_0401030100_8_c"
"Lenvik","5421",1931,"gisundet_ved_finnsnes_0401030100_8_c"
"Tranoy","5421",1927,"lysbotnvannet_0401030201_c"
"Torsken","5421",1928,"lysbotnvannet_0401030201_c"
"Berg","5421",1929,"lysbotnvannet_0401030201_c"
"Lenvik","5421",1931,"lysbotnvannet_0401030201_c"
"Tranoy","5421",1927,"lysbotn_0401030202_c"
"Torsken","5421",1928,"lysbotn_0401030202_c"
"Berg","5421",1929,"lysbotn_0401030202_c"
"Lenvik","5421",1931,"lysbotn_0401030202_c"
"Sorreisa","5419",1925,"solbergfjorden_0401030300_1_c"
"Dyroy","5420",1926,"solbergfjorden_0401030300_1_c"
"Tranoy","5421",1927,"solbergfjorden_0401030300_1_c"
"Torsken","5421",1928,"solbergfjorden_0401030300_1_c"
"Berg","5421",1929,"solbergfjorden_0401030300_1_c"
"Lenvik","5421",1931,"solbergfjorden_0401030300_1_c"
"Sorreisa","5419",1925,"finnfjorden_ytre_0401030300_2_c"
"Tranoy","5421",1927,"finnfjorden_ytre_0401030300_2_c"
"Torsken","5421",1928,"finnfjorden_ytre_0401030300_2_c"
"Berg","5421",1929,"finnfjorden_ytre_0401030300_2_c"
"Lenvik","5421",1931,"finnfjorden_ytre_0401030300_2_c"
"Sorreisa","5419",1925,"finnfjorden_indre_0401030400_c"
"Tranoy","5421",1927,"finnfjorden_indre_0401030400_c"
"Torsken","5421",1928,"finnfjorden_indre_0401030400_c"
"Berg","5421",1929,"finnfjorden_indre_0401030400_c"
"Lenvik","5421",1931,"finnfjorden_indre_0401030400_c"
"Sorreisa","5419",1925,"reisafjorden_0401030500_1_c"
"Dyroy","5420",1926,"tranoyfjord_0401030600_c"
"Tranoy","5421",1927,"tranoyfjord_0401030600_c"
"Torsken","5421",1928,"tranoyfjord_0401030600_c"
"Berg","5421",1929,"tranoyfjord_0401030600_c"
"Lenvik","5421",1931,"tranoyfjord_0401030600_c"
"Dyroy","5420",1926,"dyroysundet_0401030700_1_c"
"Dyroy","5420",1926,"dyroysundet_dyreoysundbrua_0401030700_2_c"
"Tranoy","5421",1927,"valvagen_0401030800_c"
"Torsken","5421",1928,"valvagen_0401030800_c"
"Berg","5421",1929,"valvagen_0401030800_c"
"Lenvik","5421",1931,"valvagen_0401030800_c"
"Tranoy","5421",1927,"tranoybotn_0401030900_c"
"Torsken","5421",1928,"tranoybotn_0401030900_c"
"Berg","5421",1929,"tranoybotn_0401030900_c"
"Lenvik","5421",1931,"tranoybotn_0401030900_c"
"Tranoy","5421",1927,"laksfjorden_0401031000_c"
"Torsken","5421",1928,"laksfjorden_0401031000_c"
"Berg","5421",1929,"laksfjorden_0401031000_c"
"Lenvik","5421",1931,"laksfjorden_0401031000_c"
"Tromso","5401",1902,"rossholmdjupta_0402000030_c"
"Tranoy","5421",1927,"rossholmdjupta_0402000030_c"
"Torsken","5421",1928,"rossholmdjupta_0402000030_c"
"Berg","5421",1929,"rossholmdjupta_0402000030_c"
"Lenvik","5421",1931,"rossholmdjupta_0402000030_c"
"Karlsoy","5423",1936,"rossholmdjupta_0402000030_c"
"Tromso","5401",1902,"hajafjorden_fugloysveet_0402000031_c"
"Karlsoy","5423",1936,"hajafjorden_fugloysveet_0402000031_c"
"Tranoy","5421",1927,"ornfjorden_0402010101_c"
"Torsken","5421",1928,"ornfjorden_0402010101_c"
"Berg","5421",1929,"ornfjorden_0402010101_c"
"Lenvik","5421",1931,"ornfjorden_0402010101_c"
"Tranoy","5421",1927,"oyfjorden_indre_0402010102_c"
"Torsken","5421",1928,"oyfjorden_indre_0402010102_c"
"Berg","5421",1929,"oyfjorden_indre_0402010102_c"
"Lenvik","5421",1931,"oyfjorden_indre_0402010102_c"
"Tranoy","5421",1927,"oyfjorden_ytre_0402010103_c"
"Torsken","5421",1928,"oyfjorden_ytre_0402010103_c"
"Berg","5421",1929,"oyfjorden_ytre_0402010103_c"
"Lenvik","5421",1931,"oyfjorden_ytre_0402010103_c"
"Tranoy","5421",1927,"baltsfjorden_0402010200_c"
"Torsken","5421",1928,"baltsfjorden_0402010200_c"
"Berg","5421",1929,"baltsfjorden_0402010200_c"
"Lenvik","5421",1931,"baltsfjorden_0402010200_c"
"Tromso","5401",1902,"malangen_indre_0402010300_1_c"
"Tranoy","5421",1927,"malangen_indre_0402010300_1_c"
"Torsken","5421",1928,"malangen_indre_0402010300_1_c"
"Berg","5421",1929,"malangen_indre_0402010300_1_c"
"Lenvik","5421",1931,"malangen_indre_0402010300_1_c"
"Balsfjord","5422",1933,"malangen_indre_0402010300_1_c"
"Tromso","5401",1902,"malangen_ytre_0402010300_3_c"
"Tranoy","5421",1927,"malangen_ytre_0402010300_3_c"
"Torsken","5421",1928,"malangen_ytre_0402010300_3_c"
"Berg","5421",1929,"malangen_ytre_0402010300_3_c"
"Lenvik","5421",1931,"malangen_ytre_0402010300_3_c"
"Tromso","5401",1902,"litlestrand_brensholmen_0402010300_4_c"
"Tranoy","5421",1927,"stonnesbotnen_indre_0402010401_c"
"Torsken","5421",1928,"stonnesbotnen_indre_0402010401_c"
"Berg","5421",1929,"stonnesbotnen_indre_0402010401_c"
"Lenvik","5421",1931,"stonnesbotnen_indre_0402010401_c"
"Tranoy","5421",1927,"stonnesbotnen_ytre_0402010402_c"
"Torsken","5421",1928,"stonnesbotnen_ytre_0402010402_c"
"Berg","5421",1929,"stonnesbotnen_ytre_0402010402_c"
"Lenvik","5421",1931,"stonnesbotnen_ytre_0402010402_c"
"Malselv","5418",1924,"malangen_rossfjorden_0402010500_c"
"Tranoy","5421",1927,"malangen_rossfjorden_0402010500_c"
"Torsken","5421",1928,"malangen_rossfjorden_0402010500_c"
"Berg","5421",1929,"malangen_rossfjorden_0402010500_c"
"Lenvik","5421",1931,"malangen_rossfjorden_0402010500_c"
"Balsfjord","5422",1933,"malangen_rossfjorden_0402010500_c"
"Tranoy","5421",1927,"rossfjordstraumen_0402010600_1_c"
"Torsken","5421",1928,"rossfjordstraumen_0402010600_1_c"
"Berg","5421",1929,"rossfjordstraumen_0402010600_1_c"
"Lenvik","5421",1931,"rossfjordstraumen_0402010600_1_c"
"Tranoy","5421",1927,"rossfjordvatnet_0402010600_2_c"
"Torsken","5421",1928,"rossfjordvatnet_0402010600_2_c"
"Berg","5421",1929,"rossfjordvatnet_0402010600_2_c"
"Lenvik","5421",1931,"rossfjordvatnet_0402010600_2_c"
"Malselv","5418",1924,"malselvfjorden_0402010700_c"
"Tranoy","5421",1927,"malselvfjorden_0402010700_c"
"Torsken","5421",1928,"malselvfjorden_0402010700_c"
"Berg","5421",1929,"malselvfjorden_0402010700_c"
"Lenvik","5421",1931,"malselvfjorden_0402010700_c"
"Malselv","5418",1924,"aursfjorden_0402010800_c"
"Balsfjord","5422",1933,"aursfjorden_0402010800_c"
"Balsfjord","5422",1933,"nordfjordbotn_0402010900_1_c"
"Balsfjord","5422",1933,"stalvikbotn_0402010900_2_c"
"Malselv","5418",1924,"nordfjorden_0402011000_c"
"Balsfjord","5422",1933,"nordfjorden_0402011000_c"
"Tromso","5401",1902,"straumsfjorden_0402011100_c"
"Balsfjord","5422",1933,"straumsfjorden_0402011100_c"
"Tromso","5401",1902,"sandvika_0402011200_c"
"Tromso","5401",1902,"kattfjorden_0402011300_c"
"Tromso","5401",1902,"nordfjorden_0402011400_c"
"Tromso","5401",1902,"sorfjorden_0402011500_c"
"Tromso","5401",1902,"ersfjorden_0402020100_c"
"Tromso","5401",1902,"sessoyfjorden_0402020200_c"
"Tromso","5401",1902,"vengsoyfjorden_0402020300_c"
"Tromso","5401",1902,"indre_kaldfjord_0402020401_1_c"
"Tromso","5401",1902,"kaldfjorden__indre_midtre_0402020401_3_c"
"Tromso","5401",1902,"kaldfjorden__ytre_midtre_0402020401_4_c"
"Tromso","5401",1902,"kaldfjorden_ytre_0402020402_c"
"Tromso","5401",1902,"rakkneskjosen_0402020500_1_c"
"Tromso","5401",1902,"kvalsundet_0402020500_2_c"
"Tromso","5401",1902,"vagen_0402020600_c"
"Tromso","5401",1902,"kifjorden_0402020700_c"
"Tromso","5401",1902,"grotsundet_0402020800_c"
"Karlsoy","5423",1936,"grotsundet_0402020800_c"
"Tromso","5401",1902,"skattora_smabathavn_tromso_0402020900_10_c"
"Tromso","5401",1902,"tromsoysundet_tromso_0402020900_11_c"
"Tromso","5401",1902,"tromsoysundet_sor_0402020900_1_c"
"Tromso","5401",1902,"tromsoysundet_nord_0402020900_3_c"
"Tromso","5401",1902,"tromsdalselva_utlop_0402020900_5_c"
"Tromso","5401",1902,"tromsdalen_smabathavn_0402020900_7_c"
"Tromso","5401",1902,"tromso_indre_havn_0402020900_8_c"
"Tromso","5401",1902,"hakoya_grindoysundet_0402021000_1_c"
"Tromso","5401",1902,"sandnessundet_0402021000_2_c"
"Tromso","5401",1902,"nordbotn_0402021100_c"
"Tromso","5401",1902,"sorbotn_0402021200_c"
"Balsfjord","5422",1933,"laksvatnbukt_indre_0402021300_1_c"
"Tromso","5401",1902,"balsfjorden_0402021300_2_c"
"Balsfjord","5422",1933,"balsfjorden_0402021300_2_c"
"Tromso","5401",1902,"ramfjorden_indre_0402021400_1_c"
"Tromso","5401",1902,"ramfjorden_ytre_0402021400_2_c"
"Tromso","5401",1902,"skagoysundet_0402021500_c"
"Karlsoy","5423",1936,"skagoysundet_0402021500_c"
"Tromso","5401",1902,"skarsfjorden_0402021600_c"
"Karlsoy","5423",1936,"skogsfjorden_0402021700_c"
"Karlsoy","5423",1936,"grotoya_arnoya_0403000030_c"
"Skjervoy","5427",1941,"grotoya_arnoya_0403000030_c"
"Kvaenangen","5429",1943,"grotoya_arnoya_0403000030_c"
"Karlsoy","5423",1936,"andamsfjord_0403010100_c"
"Karlsoy","5423",1936,"grotoysundet_0403010200_c"
"Karlsoy","5423",1936,"bardsetsundet_0403010300_c"
"Karlsoy","5423",1936,"kvaloysundet_0403010400_c"
"Karlsoy","5423",1936,"helgoysundet_0403010500_c"
"Karlsoy","5423",1936,"dafjorden_0403010600_c"
"Karlsoy","5423",1936,"vannsundet_0403010700_c"
"Karlsoy","5423",1936,"grunnfjorden_0403010800_c"
"Karlsoy","5423",1936,"langsundet_0403010900_c"
"Karlsoy","5423",1936,"hamrefjorden_0403011000_c"
"Karlsoy","5423",1936,"torsvag_havn_0403011100_1_c"
"Karlsoy","5423",1936,"rasa_0403011100_2_c"
"Karlsoy","5423",1936,"sorskardvagen_0403011200_c"
"Karlsoy","5423",1936,"fugloyfjorden_0403020100_c"
"Lyngen","5424",1938,"fugloyfjorden_0403020100_c"
"Skjervoy","5427",1941,"fugloyfjorden_0403020100_c"
"Karlsoy","5423",1936,"buroysundet_0403020200_c"
"Karlsoy","5423",1936,"skipsfjorden_0403020300_c"
"Karlsoy","5423",1936,"kristoffervalen_0403020400_1_c"
"Karlsoy","5423",1936,"skoroysundet_0403020400_2_c"
"Tromso","5401",1902,"storstraumen_ytre_ullsfjorden_0403020500_1_c"
"Lyngen","5424",1938,"storstraumen_ytre_ullsfjorden_0403020500_1_c"
"Tromso","5401",1902,"ullsfjorden_0403020500_2_c"
"Karlsoy","5423",1936,"ullsfjorden_0403020500_2_c"
"Lyngen","5424",1938,"ullsfjorden_0403020500_2_c"
"Tromso","5401",1902,"sjovassbotn_0403020601_1_c"
"Tromso","5401",1902,"sorfjorden_indre_0403020601_2_c"
"Tromso","5401",1902,"storstraumen_indre_ullsfjorden_0403020602_1_c"
"Tromso","5401",1902,"sorfjorden_ytre_0403020602_2_c"
"Tromso","5401",1902,"kjosen_0403020700_c"
"Lyngen","5424",1938,"kjosen_0403020700_c"
"Lyngen","5424",1938,"sorlenangen_0403020800_c"
"Lyngen","5424",1938,"nordlenangen_straumen_0403020900_c"
"Lyngen","5424",1938,"lyngen_indre_0403030100_1_c"
"Storfjord","5425",1939,"lyngen_indre_0403030100_1_c"
"Kafjord","5426",1940,"lyngen_indre_0403030100_1_c"
"Skjervoy","5427",1941,"lyngen_indre_0403030100_1_c"
"Nordreisa","5428",1942,"lyngen_indre_0403030100_1_c"
"Lyngen","5424",1938,"lyngen_ytre_0403030100_2_c"
"Skjervoy","5427",1941,"lyngen_ytre_0403030100_2_c"
"Lyngen","5424",1938,"lyngseidet_0403030200_c"
"Lyngen","5424",1938,"pollen_0403030300_c"
"Storfjord","5425",1939,"storfjorden_indre_0403030401_c"
"Storfjord","5425",1939,"storfjorden_ytre_0403030402_c"
"Kafjord","5426",1940,"kafjorden_indre_0403030501_c"
"Kafjord","5426",1940,"kafjorden_ytre_0403030502_c"
"Skjervoy","5427",1941,"rotsundet_sor_0403030600_1_c"
"Nordreisa","5428",1942,"rotsundet_sor_0403030600_1_c"
"Skjervoy","5427",1941,"rotsundet_nord_0403030600_2_c"
"Nordreisa","5428",1942,"rotsundet_nord_0403030600_2_c"
"Skjervoy","5427",1941,"maursundet_0403030700_c"
"Nordreisa","5428",1942,"maursundet_0403030700_c"
"Skjervoy","5427",1941,"kjolmangen_0403030800_c"
"Skjervoy","5427",1941,"kagsundet_0403030900_c"
"Skjervoy","5427",1941,"langfjorden_0403031000_c"
"Kvaenangen","5429",1943,"kvaenangsbotnen_0403040101_c"
"Kvaenangen","5429",1943,"kvaenangen_aroyan_0403040102_1_c"
"Kvaenangen","5429",1943,"sorstraumen__kvaenangen_0403040102_2_c"
"Kvaenangen","5429",1943,"badderfjorden_0403040103_c"
"Skjervoy","5427",1941,"kvaenangen_haukoy_0403040104_1_c"
"Nordreisa","5428",1942,"kvaenangen_haukoy_0403040104_1_c"
"Kvaenangen","5429",1943,"kvaenangen_haukoy_0403040104_1_c"
"Kvaenangen","5429",1943,"kvaenangen_skorpa_spildra_0403040104_3_c"
"Skjervoy","5427",1941,"kvaenangen_ytre_0403040104_4_c"
"Kvaenangen","5429",1943,"kvaenangen_ytre_0403040104_4_c"
"Skjervoy","5427",1941,"lauksundet_0403040200_c"
"Skjervoy","5427",1941,"skjervoy_havn_0403040300_c"
"Nordreisa","5428",1942,"reisaelva_utlop_0403040401_1_c"
"Nordreisa","5428",1942,"reisafjorden_indre_0403040401_2_c"
"Nordreisa","5428",1942,"reisafjorden_ytre_0403040402_c"
"Nordreisa","5428",1942,"straumfjorden_0403040500_1_c"
"Nordreisa","5428",1942,"straumfjordnes_straumfjorden_0403040500_2_c"
"Nordreisa","5428",1942,"oksfjorden_0403040600_c"
"Kvaenangen","5429",1943,"burfjorden_0403040700_c"
"Kvaenangen","5429",1943,"isfjorden_0403040800_1_c"
"Kvaenangen","5429",1943,"jokelfjorden_0403040800_2_c"
"Kvaenangen","5429",1943,"olderfjorden_0403040900_c"
"Loppa","5432",2014,"mevaer_havn_loppa_oy_0420000030_2_c"
"Skjervoy","5427",1941,"lopphavet_0420000030_3_c"
"Kvaenangen","5429",1943,"lopphavet_0420000030_3_c"
"Loppa","5432",2014,"lopphavet_0420000030_3_c"
"Hasvik","5433",2015,"lopphavet_0420000030_3_c"
"Loppa","5432",2014,"bukt_nord_for_bjorndalen_0420000030_4_c"
"Hammerfest","5406",2004,"trombak_tarhalsen_0420000031_c"
"Kvalsund","5406",2017,"trombak_tarhalsen_0420000031_c"
"Hasvik","5433",2015,"trombak_tarhalsen_0420000031_c"
"Loppa","5432",2014,"frakkfjorden_0420010100_c"
"Loppa","5432",2014,"sandland_havn_0420010200_1_c"
"Loppa","5432",2014,"sandlandsfjorden_0420010200_2_c"
"Loppa","5432",2014,"langfjorden_0420010300_c"
"Loppa","5432",2014,"bergsfjorden_0420010400_c"
"Alta","5403",2012,"soroysundet_0420020100_10_c"
"Hammerfest","5406",2004,"soroysundet_0420020100_10_c"
"Kvalsund","5406",2017,"soroysundet_0420020100_10_c"
"Loppa","5432",2014,"soroysundet_0420020100_10_c"
"Hasvik","5433",2015,"soroysundet_0420020100_10_c"
"Loppa","5432",2014,"trollvika_0420020100_2_c"
"Hammerfest","5406",2004,"rypklubben_0420020100_8_c"
"Kvalsund","5406",2017,"rypklubben_0420020100_8_c"
"Loppa","5432",2014,"ullsfjorden_0420020200_c"
"Loppa","5432",2014,"nuvsfjorden_0420020300_c"
"Hasvik","5433",2015,"sorfjorden_0420020400_c"
"Hasvik","5433",2015,"nordfjorden_0420020500_c"
"Hasvik","5433",2015,"smalfjorden_0420020600_c"
"Hasvik","5433",2015,"lille_kjerringfjorden_0420020700_c"
"Alta","5403",2012,"store_kjerringfjorden_0420020800_c"
"Hammerfest","5406",2004,"bardfjorden_0420020900_c"
"Kvalsund","5406",2017,"bardfjorden_0420020900_c"
"Hammerfest","5406",2004,"skreifjorden_0420021000_c"
"Kvalsund","5406",2017,"skreifjorden_0420021000_c"
"Hammerfest","5406",2004,"jofjorden_0420021100_c"
"Kvalsund","5406",2017,"jofjorden_0420021100_c"
"Hammerfest","5406",2004,"eidvagen_0420021201_c"
"Kvalsund","5406",2017,"eidvagen_0420021201_c"
"Hammerfest","5406",2004,"vinnasundet_0420021202_1_c"
"Kvalsund","5406",2017,"vinnasundet_0420021202_1_c"
"Hammerfest","5406",2004,"honsebyfjorden_njievuotna_0420021202_2_c"
"Kvalsund","5406",2017,"honsebyfjorden_njievuotna_0420021202_2_c"
"Hammerfest","5406",2004,"hammerfest_havn_0420021300_c"
"Kvalsund","5406",2017,"hammerfest_havn_0420021300_c"
"Hammerfest","5406",2004,"akkarfjorden_0420021400_c"
"Kvalsund","5406",2017,"akkarfjorden_0420021400_c"
"Hammerfest","5406",2004,"skippernesfjorden_0420021500_c"
"Kvalsund","5406",2017,"skippernesfjorden_0420021500_c"
"Hammerfest","5406",2004,"langstrandfjorden_0420021600_c"
"Kvalsund","5406",2017,"langstrandfjorden_0420021600_c"
"Hammerfest","5406",2004,"slettnes_0420021700_c"
"Kvalsund","5406",2017,"slettnes_0420021700_c"
"Hammerfest","5406",2004,"hamnefjorden_0420021800_c"
"Kvalsund","5406",2017,"hamnefjorden_0420021800_c"
"Hammerfest","5406",2004,"husfjorden_0420021900_c"
"Kvalsund","5406",2017,"husfjorden_0420021900_c"
"Hammerfest","5406",2004,"komagfjordbotn_0420022000_c"
"Kvalsund","5406",2017,"komagfjordbotn_0420022000_c"
"Hammerfest","5406",2004,"straumen_0420022100_c"
"Kvalsund","5406",2017,"straumen_0420022100_c"
"Hammerfest","5406",2004,"kobbefjorden_0420022200_c"
"Kvalsund","5406",2017,"kobbefjorden_0420022200_c"
"Hasvik","5433",2015,"oyfjorden_0420022300_c"
"Hasvik","5433",2015,"kipparfjorden_0420022400_c"
"Hasvik","5433",2015,"meltefjorden_0420022500_c"
"Hasvik","5433",2015,"hasfjorden_0420022600_c"
"Hasvik","5433",2015,"hasvik_0420022700_c"
"Loppa","5432",2014,"oksfjorden_midtre_0420030101_2_c"
"Loppa","5432",2014,"vassdalsbotn_0420030101_3_c"
"Loppa","5432",2014,"oksfjorden_ytre_0420030101_4_c"
"Loppa","5432",2014,"oksfjordbotn_0420030102_1_c"
"Loppa","5432",2014,"oksfjorden_indre_0420030102_2_c"
"Alta","5403",2012,"lillebukta_ytre_simavik_0420030200_1_c"
"Loppa","5432",2014,"stjernsundet_deponi_0420030200_5_c"
"Alta","5403",2012,"stjernsundet_0420030200_7_c"
"Loppa","5432",2014,"stjernsundet_0420030200_7_c"
"Alta","5403",2012,"altafjorden_ytre_0420030300_2_c"
"Alta","5403",2012,"hjemmeluft__bossekop_og_tollevika_0420030300_4_c"
"Alta","5403",2012,"talvikbukta_0420030300_5_c"
"Alta","5403",2012,"altafjorden_indre_0420030300_6_c"
"Alta","5403",2012,"langfjordbotn_0420030401_2_c"
"Alta","5403",2012,"tappeluft_0420030401_3_c"
"Alta","5403",2012,"langfjorden_indre_0420030401_4_c"
"Alta","5403",2012,"langfjorden_ytre_0420030402_c"
"Alta","5403",2012,"kafjord_indre_0420030501_1_c"
"Alta","5403",2012,"kafjordbotn_0420030501_2_c"
"Alta","5403",2012,"kafjorden_0420030502_c"
"Alta","5403",2012,"rafsbotn_0420030600_2_c"
"Alta","5403",2012,"russeluft_0420030600_3_c"
"Alta","5403",2012,"bukta_og_utlopet_til_altaelva_0420030600_5_c"
"Alta","5403",2012,"leirbotnen_0420030700_c"
"Alta","5403",2012,"skillefjorden_0420030800_c"
"Alta","5403",2012,"korsfjorden_0420030900_c"
"Alta","5403",2012,"rognsundet_0420031000_c"
"Alta","5403",2012,"innerpollen_0420031100_c"
"Alta","5403",2012,"store_kufjorden_0420031200_c"
"Alta","5403",2012,"store_lerresfjorden_0420031300_c"
"Alta","5403",2012,"vargsundet_0420031400_c"
"Hammerfest","5406",2004,"vargsundet_0420031400_c"
"Kvalsund","5406",2017,"vargsundet_0420031400_c"
"Hammerfest","5406",2004,"kvalsundet_/_beritsfjord_deponi_0420031500_2_c"
"Kvalsund","5406",2017,"kvalsundet_/_beritsfjord_deponi_0420031500_2_c"
"Hammerfest","5406",2004,"kvalsundet_0420031500_4_c"
"Kvalsund","5406",2017,"kvalsundet_0420031500_4_c"
"Hammerfest","5406",2004,"rypefjorden_0420031600_2_c"
"Kvalsund","5406",2017,"rypefjorden_0420031600_2_c"
"Hammerfest","5406",2004,"grotnes_avfallsdeponi_0420031600_3_c"
"Kvalsund","5406",2017,"grotnes_avfallsdeponi_0420031600_3_c"
"Hammerfest","5406",2004,"straumen_0420031600_6_c"
"Kvalsund","5406",2017,"straumen_0420031600_6_c"
"Hasvik","5433",2015,"breivikbotn_0420040100_1_c"
"Hasvik","5433",2015,"breivikfjorden_0420040100_2_c"
"Hasvik","5433",2015,"markeila_0420040200_c"
"Hasvik","5433",2015,"sandfjorden_0420040300_c"
"Hasvik","5433",2015,"ofjorden_0420040400_c"
"Hasvik","5433",2015,"bolefjorden_0420040500_c"
"Hasvik","5433",2015,"borrfjorden_0420040601_c"
"Hasvik","5433",2015,"galtefjorden_0420040602_1_c"
"Hasvik","5433",2015,"donnesfjorden_0420040602_2_c"
"Hammerfest","5406",2004,"honsebyvika_0420040701_c"
"Kvalsund","5406",2017,"honsebyvika_0420040701_c"
"Hammerfest","5406",2004,"sandoyfjorden_0420040702_c"
"Kvalsund","5406",2017,"sandoyfjorden_0420040702_c"
"Hammerfest","5406",2004,"finnfjorden_0420040800_c"
"Kvalsund","5406",2017,"finnfjorden_0420040800_c"
"Hammerfest","5406",2004,"gamvikfjorden_0420040900_c"
"Kvalsund","5406",2017,"gamvikfjorden_0420040900_c"
"Hammerfest","5406",2004,"tarhalsen_furuholmen_fyr_0421000030_c"
"Kvalsund","5406",2017,"tarhalsen_furuholmen_fyr_0421000030_c"
"Masoy","5434",2018,"tarhalsen_furuholmen_fyr_0421000030_c"
"Masoy","5434",2018,"fruholmen_fyr_hjelmsoya_0421000031_c"
"Nordkapp","5435",2019,"gjesvaer_0421000032_4_c"
"Masoy","5434",2018,"masoyfjorden_nord_0421000032_6_c"
"Nordkapp","5435",2019,"masoyfjorden_nord_0421000032_6_c"
"Hammerfest","5406",2004,"revsbotn_ytre_0421010100_c"
"Kvalsund","5406",2017,"revsbotn_ytre_0421010100_c"
"Masoy","5434",2018,"revsbotn_ytre_0421010100_c"
"Hammerfest","5406",2004,"sandbukta_forsolbukta_0421010200_c"
"Kvalsund","5406",2017,"sandbukta_forsolbukta_0421010200_c"
"Hammerfest","5406",2004,"kvalfjorden_0421010300_c"
"Kvalsund","5406",2017,"kvalfjorden_0421010300_c"
"Hammerfest","5406",2004,"sammelsundet_0421010400_c"
"Kvalsund","5406",2017,"sammelsundet_0421010400_c"
"Hammerfest","5406",2004,"repparfjorden_ytre_0421010500_1_c"
"Kvalsund","5406",2017,"repparfjorden_ytre_0421010500_1_c"
"Hammerfest","5406",2004,"repparfjorden_indre_0421010500_2_c"
"Kvalsund","5406",2017,"repparfjorden_indre_0421010500_2_c"
"Hammerfest","5406",2004,"revsbotn_indre_0421010600_c"
"Kvalsund","5406",2017,"revsbotn_indre_0421010600_c"
"Masoy","5434",2018,"revsbotn_indre_0421010600_c"
"Masoy","5434",2018,"lillefjorden_0421010700_c"
"Masoy","5434",2018,"valfjorden_0421010800_c"
"Masoy","5434",2018,"tufjorden_0421010900_c"
"Masoy","5434",2018,"mafjorden_0421011000_c"
"Masoy","5434",2018,"rolvsoysundet_0421020100_c"
"Masoy","5434",2018,"trollsundet_0421020200_c"
"Masoy","5434",2018,"langfjorden_0421020300_c"
"Masoy","5434",2018,"reinoysundet_0421020400_c"
"Masoy","5434",2018,"indre_pollen_0421020501_c"
"Masoy","5434",2018,"ytre_pollen_0421020502_c"
"Masoy","5434",2018,"snefjorden_0421020600_c"
"Masoy","5434",2018,"bakfjorden_0421020700_c"
"Masoy","5434",2018,"selvika_0421020800_c"
"Masoy","5434",2018,"myrfjorden_0421020900_c"
"Masoy","5434",2018,"akkarfjorden_0421021000_c"
"Masoy","5434",2018,"russehamn_0421021100_c"
"Masoy","5434",2018,"masoyfjorden_ost_0421030100_c"
"Nordkapp","5435",2019,"masoyfjorden_ost_0421030100_c"
"Masoy","5434",2018,"breidsundet_0421030200_3_c"
"Masoy","5434",2018,"breidsundet_0421030200_8_c"
"Masoy","5434",2018,"havoysundet_0421030300_c"
"Masoy","5434",2018,"eiterfjorden_0421030400_c"
"Masoy","5434",2018,"masoyfjorden_vest_0421030500_c"
"Masoy","5434",2018,"vesterbotnen_0421030601_c"
"Masoy","5434",2018,"osterbotn_0421030602_c"
"Masoy","5434",2018,"kulfjorden_0421030603_c"
"Masoy","5434",2018,"ryggefjorden_0421030700_c"
"Masoy","5434",2018,"kobbefjorden_0421030800_c"
"Masoy","5434",2018,"mageroysundet_vest_0421030900_c"
"Nordkapp","5435",2019,"mageroysundet_vest_0421030900_c"
"Nordkapp","5435",2019,"mageroysundet_ost_0421031000_c"
"Nordkapp","5435",2019,"vester_lafjorden_0421031100_1_c"
"Nordkapp","5435",2019,"lafjorden_0421031100_2_c"
"Nordkapp","5435",2019,"sarnesfjorden_0421031200_c"
"Nordkapp","5435",2019,"vassfjorden_0421031300_c"
"Nordkapp","5435",2019,"tufjorden_0421031400_c"
"Nordkapp","5435",2019,"ytre_porsangen_0422000030_c"
"Lebesby","5438",2022,"ytre_porsangen_0422000030_c"
"Lebesby","5438",2022,"kinnarodden_vardnesodden_0422000031_c"
"Gamvik","5439",2023,"kinnarodden_vardnesodden_0422000031_c"
"Porsanger","5436",2020,"klubben_0422010100_13_c"
"Nordkapp","5435",2019,"porsangerfjorden_indre_0422010100_16_c"
"Porsanger","5436",2020,"porsangerfjorden_indre_0422010100_16_c"
"Nordkapp","5435",2019,"porsangerfjorden_ytre_0422010100_2_c"
"Nordkapp","5435",2019,"innerbukta/_repvag_0422010100_4_c"
"Nordkapp","5435",2019,"nordvagen_0422010200_c"
"Nordkapp","5435",2019,"even_hansen_bukta_0422010300_7_c"
"Nordkapp","5435",2019,"honningsvag_havn_0422010300_8_c"
"Nordkapp","5435",2019,"strandbukta_0422010400_c"
"Porsanger","5436",2020,"smorfjorden_0422010500_c"
"Porsanger","5436",2020,"leaibevuotna_0422010600_c"
"Porsanger","5436",2020,"vesterbotn_0422010701_c"
"Porsanger","5436",2020,"soggovutna_0422010702_c"
"Porsanger","5436",2020,"roddenjargsjoen_0422010703_c"
"Nordkapp","5435",2019,"risfjorden_0422010801_c"
"Nordkapp","5435",2019,"skipsfjorden_0422010802_c"
"Nordkapp","5435",2019,"kamoyfjorden_0422010803_c"
"Nordkapp","5435",2019,"skarsvag_/_grovavfallsdeponi_0422010900_3_c"
"Nordkapp","5435",2019,"risfjorden_0422010900_4_c"
"Lebesby","5438",2022,"laksefjorden_indre_0422020100_1_c"
"Lebesby","5438",2022,"laksefjorden_ytre_0422020100_2_c"
"Lebesby","5438",2022,"veidnesholmen_0422020200_5_c"
"Lebesby","5438",2022,"lille_porsanger_0422020200_6_c"
"Lebesby","5438",2022,"storfjorden_0422020300_c"
"Lebesby","5438",2022,"friarfjorden_0422020400_1_c"
"Lebesby","5438",2022,"ifjorden_0422020400_2_c"
"Lebesby","5438",2022,"bekkarfjorden_0422020500_c"
"Lebesby","5438",2022,"vardnessundet_maroysundet_0422020600_c"
"Lebesby","5438",2022,"eidsfjorden_0422020700_c"
"Lebesby","5438",2022,"kifjorden_0422020802_c"
"Lebesby","5438",2022,"kjollefjorden_0422020900_c"
"Lebesby","5438",2022,"oksefjorden_0422021000_c"
"Lebesby","5438",2022,"sandfjorden_0422021100_c"
"Gamvik","5439",2023,"mehamn_havn_0422021200_2_c"
"Gamvik","5439",2023,"mehamnsfjorden_0422021200_3_c"
"Gamvik","5439",2023,"vevikneset_0422021200_7_c"
"Gamvik","5439",2023,"skittenfjorden_0422021300_c"
"Gamvik","5439",2023,"sandfjorden_0422021400_c"
"Gamvik","5439",2023,"vardnesodden_kjolnes_0423000030_11_c"
"Gamvik","5439",2023,"flintodden_0423000030_7_c"
"Berlevag","5440",2024,"kjolnes_fyr_makkaur_0423000031_c"
"Batsfjord","5443",2028,"kjolnes_fyr_makkaur_0423000031_c"
"Vardo","5404",2002,"makkaur_blodskytodden_0423000032_c"
"Batsfjord","5443",2028,"makkaur_blodskytodden_0423000032_c"
"Gamvik","5439",2023,"risfjorden_0423010100_c"
"Gamvik","5439",2023,"koifjorden_0423010200_c"
"Berlevag","5440",2024,"strommen_0423020101_c"
"Berlevag","5440",2024,"kongsfjorden_0423020102_c"
"Batsfjord","5443",2028,"batsfjorden_ytre_0423020200_10_c"
"Batsfjord","5443",2028,"batsfjorden_indre_0423020200_5_c"
"Batsfjord","5443",2028,"batsfjord_ytre_havn_0423020200_6_c"
"Batsfjord","5443",2028,"neptunbukt_foma_0423020200_7_c"
"Batsfjord","5443",2028,"neptunbukta_0423020200_8_c"
"Batsfjord","5443",2028,"batsfjord_/_deponi_0423020200_9_c"
"Batsfjord","5443",2028,"syltefjorden_nordfjorden_innenfor_molo_0423020300_1_c"
"Batsfjord","5443",2028,"syltefjorden_0423020300_4_c"
"Batsfjord","5443",2028,"syltefjorden_deponi_0423020300_5_c"
"Vardo","5404",2002,"blodskytodden_vardo_fyr_0424000030_c"
"Vardo","5404",2002,"vardo_fyr_kibergneset_0424000031_c"
"Vardo","5404",2002,"ostervagen_0424010100_1_c"
"Vardo","5404",2002,"bussesundet_0424010100_2_c"
"Vardo","5404",2002,"reinoysundet_0424010200_c"
"Vadso","5405",2003,"ekkeroy_yttersida_0424020100_12_c"
"Vadso","5405",2003,"skittenelv_deponi_0424020100_14_c"
"Vadso","5405",2003,"vadso_oya_vest_0424020100_15_c"
"Vadso","5405",2003,"varangerfjorden_indre_finnmark_0424020100_20_c"
"Nesseby","5442",2027,"varangerfjorden_indre_finnmark_0424020100_20_c"
"Nesseby","5442",2027,"varangerfjorden_indre_finnmark_0424020100_20_c"
"Sor-Varanger","5444",2030,"varangerfjorden_indre_finnmark_0424020100_20_c"
"Sor-Varanger","5444",2030,"varangerfjorden_indre_finnmark_0424020100_20_c"
"Vardo","5404",2002,"varangerfjorden_ytre_finnmark_0424020100_22_c"
"Vadso","5405",2003,"varangerfjorden_ytre_finnmark_0424020100_22_c"
"Sor-Varanger","5444",2030,"varangerfjorden_ytre_finnmark_0424020100_22_c"
"Sor-Varanger","5444",2030,"varangerfjorden_ytre_finnmark_0424020100_22_c"
"Vardo","5404",2002,"kiberg_0424020100_4_c"
"Vadso","5405",2003,"vadso_havn_ost_0424020100_7_c"
"Vadso","5405",2003,"vadso_havn_0424020200_c"
"Nesseby","5442",2027,"meskfjorden_0424020300_c"
"Nesseby","5442",2027,"meskfjorden_0424020300_c"
"Nesseby","5442",2027,"karlebotn/stuorravuonna_0424020400_c"
"Nesseby","5442",2027,"karlebotn/stuorravuonna_0424020400_c"
