"water_entity_id","okologisk_tilstand","okologisk_palitelighetsgrad","kjemisk_tilstand","kjemisk_palitelighetsgrad","num_status_eco","num_status_chem"
"vegafjorden_0360000030-c","svaert_god","lav","darlig","lav",100,0
"roingen_0360010100-2-c","svaert_god","hoy","ukjent","lav",100,NA
"kjelda_-_ost_0360010200-6-c","god","lav","ukjent","lav",75,NA
"bursvikbotn_0360010500-1-c","god","lav","ukjent","lav",75,NA
"lysfjorden_0360010500-2-c","god","lav","ukjent","lav",75,NA
"bindalsfjorden_0360010600-1-c","svaert_god","hoy","ukjent","lav",100,NA
"reppsundet_0360010600-2-c","god","lav","ukjent","lav",75,NA
"terrakfjorden_0360010600-3-c","god","hoy","ukjent","lav",75,NA
"oyfjorden_0360010600-4-c","god","hoy","ukjent","lav",75,NA
"sorfjorden-indre_0360010700-1-c","god","hoy","ukjent","lav",75,NA
"sorfjorden-midtre_0360010700-2-c","god","lav","ukjent","lav",75,NA
"sorfjorden-ytre_0360010700-3-c","god","lav","ukjent","lav",75,NA
"simlebotn_0360010800-c","god","lav","ukjent","lav",75,NA
"kollbotnet_0360010900-c","god","lav","ukjent","lav",75,NA
"osan_0360011000-c","god","lav","ukjent","lav",75,NA
"tosen-ytre_0360011100-1-c","god","hoy","ukjent","lav",75,NA
"tosen-indre_0360011100-2-c","god","lav","ukjent","lav",75,NA
"skotnesfjorden_0360011200-1-c","god","lav","ukjent","lav",75,NA
"selfjorden_0360011200-2-c","god","lav","ukjent","lav",75,NA
"hardangsfjorden_0360011300-1-c","god","lav","ukjent","lav",75,NA
"hovoysundet_0360011300-2-c","god","lav","ukjent","lav",75,NA
"oysundet_0360011300-3-c","god","lav","ukjent","lav",75,NA
"ursfjorden-ytre_0360011400-1-c","god","lav","ukjent","lav",75,NA
"brekkosen_0360011400-2-c","god","lav","ukjent","lav",75,NA
"ursfjorden-indre_0360011400-3-c","god","lav","ukjent","lav",75,NA
"storvika_0360011500-1-c","god","lav","ukjent","lav",75,NA
"gravfjorden_0360011500-2-c","god","lav","ukjent","lav",75,NA
"lyngvaerfjorden_0360011600-1-c","god","lav","ukjent","lav",75,NA
"sandvagen_-_vikvagen_0360011600-2-c","god","lav","ukjent","lav",75,NA
"somnesvika_0360020100-1-c","moderat","lav","ukjent","lav",50,NA
"oysjoen_0360020100-2-c","moderat","lav","ukjent","lav",50,NA
"sorbotnet_0360020100-3-c","moderat","lav","ukjent","lav",50,NA
"nordbotnet_0360020200-c","moderat","lav","ukjent","lav",50,NA
"torgfjorden_0360020300-1-c","god","lav","ukjent","lav",75,NA
"royrskjeran_0360020300-2-c","god","lav","ukjent","lav",75,NA
"skillbotnfjorden_0360020300-3-c","god","lav","ukjent","lav",75,NA
"tverroya_0360020400-1-c","god","lav","ukjent","lav",75,NA
"smiholmen_0360020400-2-c","god","lav","ukjent","lav",75,NA
"urdstabbvika_0360020400-3-c","god","lav","ukjent","lav",75,NA
"buoya_0360020400-4-c","god","lav","ukjent","lav",75,NA
"syltrevagen_0360020400-5-c","god","lav","ukjent","lav",75,NA
"traelvikstraumen_0360020500-1-c","god","lav","ukjent","lav",75,NA
"traelvikosen_0360020500-2-c","god","lav","ukjent","lav",75,NA
"hjartoybukta_0360020600-1-c","god","lav","ukjent","lav",75,NA
"svarthopen_0360020600-3-c","darlig","lav","ukjent","lav",0,NA
"bronnoysundet_sor_0360020600-4-c","svaert_darlig","lav","ukjent","lav",0,NA
"bronnoysundet_nord_0360020600-5-c","svaert_darlig","lav","ukjent","lav",0,NA
"tilremfjorden_0360020700-1-c","god","hoy","ukjent","lav",75,NA
"salhus_0360020700-2-c","moderat","lav","ukjent","lav",50,NA
"trongnessundet_0360020800-c","god","lav","ukjent","lav",75,NA
"kattsundet_0360020900-1-c","god","hoy","ukjent","lav",75,NA
"toftsundet_0360020900-2-c","svaert_god","hoy","ukjent","lav",100,NA
"skutstoa_0360021000-c","god","lav","ukjent","lav",75,NA
"ytre_vega_nord_0361000030-c","svaert_god","lav","ukjent","lav",100,NA
"floholmene_0361000031-c","svaert_god","hoy","ukjent","lav",100,NA
"vegafjorden_-_ylvingen_0361010100-c","god","hoy","ukjent","lav",75,NA
"vagoyfjorden_0361010200-c","god","lav","ukjent","lav",75,NA
"gladstadosen_0361010300-c","god","lav","ukjent","lav",75,NA
"vegsteinvika_0361010400-c","god","lav","ukjent","lav",75,NA
"lisorasa_0361010500-c","svaert_god","hoy","ukjent","lav",100,NA
"omnoyfjorden_0361010600-c","god","hoy","ukjent","lav",75,NA
"skjaervaer_0361010700-1-c","svaert_god","lav","ukjent","lav",100,NA
"flovaer_0361010700-2-c","god","hoy","ukjent","lav",75,NA
"anddalsvagen_0361020100-1-c","god","lav","ukjent","lav",75,NA
"velfjorden_0361020100-2-c","god","lav","ukjent","lav",75,NA
"sorfjorden_0361020200-c","god","lav","ukjent","lav",75,NA
"buasvagen_0361020300-1-c","god","lav","ukjent","lav",75,NA
"dyrnesvagen_0361020300-2-c","god","lav","ukjent","lav",75,NA
"heggefjorden_0361020400-c","god","lav","ukjent","lav",75,NA
"langfjorden-indre_0361020500-1-c","moderat","lav","ukjent","lav",50,NA
"langfjorden-ytre_0361020500-2-c","moderat","lav","ukjent","lav",50,NA
"storborja_0361020600-c","god","lav","ukjent","lav",75,NA
"litjeborja_0361020700-c","god","lav","ukjent","lav",75,NA
"lislfjorden_0361020800-1-c","god","lav","ukjent","lav",75,NA
"storfjorden_0361020800-2-c","god","lav","ukjent","lav",75,NA
"okfjorden_0361020900-c","god","lav","ukjent","lav",75,NA
"velvelstadsundet_0361030100-c","god","lav","ukjent","lav",75,NA
"innervisten_0361030201-c","god","lav","ukjent","lav",75,NA
"strandbukta_0361030202-1-c","god","lav","ukjent","lav",75,NA
"langkilvagen-indre_0361030202-2-c","god","lav","ukjent","lav",75,NA
"langkilvagen-ytre_0361030202-3-c","god","lav","ukjent","lav",75,NA
"visten-midtre_0361030202-4-c","god","lav","ukjent","lav",75,NA
"visten-ytre_0361030202-5-c","god","hoy","ukjent","lav",75,NA
"mindvaerfjorden_0361030300-c","svaert_god","hoy","ukjent","lav",100,NA
"stokkafjorden_0361030400-c","god","lav","ukjent","lav",75,NA
"trosundet_0361030500-c","god","lav","ukjent","lav",75,NA
"sorfjorden_0361030600-c","god","lav","ukjent","lav",75,NA
"halsfjorden_0361030700-2-c","god","lav","ukjent","lav",75,NA
"tjottfjorden-indre_0361030800-2-c","god","hoy","ukjent","lav",75,NA
"tjotta_0361030900-c","god","lav","ukjent","lav",75,NA
"hamnesleia_0361031000-c","god","lav","ukjent","lav",75,NA
"rosoyvalen_-_alstahaugfjorden_0361031100-c","god","lav","ukjent","lav",75,NA
"tjottfjorden-ytre_0361031200-c","god","lav","ukjent","lav",75,NA
"vefsnfjorden-indre_0361040101-c","god","hoy","darlig","hoy",75,0
"vefsnfjorden-midtre_0361040102-1-c","god","lav","darlig","hoy",75,0
"vefsnfjorden-ytre_0361040102-2-c","svaert_god","hoy","ukjent","lav",100,NA
"sundet_0361040200-c","god","lav","ukjent","lav",75,NA
"leirfjorden-ytre_0361040300-1-c","god","lav","ukjent","lav",75,NA
"leirfjorden-indre_0361040300-2-c","god","lav","ukjent","lav",75,NA
"botnfjorden_0361040400-c","god","lav","ukjent","lav",75,NA
"leirfjorden_-_leinesodden_0361040500-1-c","god","lav","ukjent","lav",75,NA
"meisfjorden_0361040600-c","god","lav","ukjent","lav",75,NA
"ulvangen_0361040700-3-c","god","lav","ukjent","lav",75,NA
"alstenfjorden_0361040800-c","god","hoy","ukjent","lav",75,NA
"ytre_flesan_0361050100-c","svaert_god","lav","ukjent","lav",100,NA
"haeroysundet_sor_0361050200-2-c","god","lav","ukjent","lav",75,NA
"heroysundet_0361050200-3-c","moderat","lav","ukjent","lav",50,NA
"husvaerfjorden_0361050200-4-c","god","hoy","ukjent","lav",75,NA
"skagafjorden_0361050300-c","god","lav","ukjent","lav",75,NA
"skagapollen_0361050400-c","god","lav","ukjent","lav",75,NA
"vikafjorden_0361050500-c","god","lav","ukjent","lav",75,NA
"lundstoa_0361050600-c","god","lav","ukjent","lav",75,NA
"kverva_0361050700-c","god","hoy","ukjent","lav",75,NA
"sorasvaerfjorden_0361050800-c","god","hoy","ukjent","lav",75,NA
"skipbatsvaerfjorden_0361050900-c","god","hoy","ukjent","lav",75,NA
"traenfjorden_0362000030-2-c","svaert_god","lav","ukjent","lav",100,NA
"ternholmfjorden_0362000031-c","svaert_god","lav","ukjent","lav",100,NA
"vestfjorden-ytre_0362000032-c","svaert_god","lav","ukjent","lav",100,NA
"stigfjorden_0362010101-1-c","svaert_god","hoy","ukjent","lav",100,NA
"sundstraumen_0362010101-2-c","udefinert","lav","ukjent","lav",NA,NA
"alsovagen_0362010102-c","god","lav","ukjent","lav",75,NA
"vagsvagen_0362010200-c","god","lav","ukjent","lav",75,NA
"dalsvagen_0362010300-c","god","lav","ukjent","lav",75,NA
"ranfjorden_-_lokta_0362010400-c","svaert_god","hoy","ukjent","lav",100,NA
"lavongsbukta_0362010500-1-c","god","lav","ukjent","lav",75,NA
"ranfjorden_-_sandnes_0362010500-2-c","svaert_god","hoy","ukjent","lav",100,NA
"ranfjorden_-_storvika_0362010500-3-c","god","lav","ukjent","lav",75,NA
"leirviken_0362010600-c","svaert_god","hoy","ukjent","lav",100,NA
"elsfjorden_0362010700-c","svaert_god","middels","ukjent","lav",100,NA
"sorfjorden_0362010800-c","moderat","hoy","ukjent","lav",50,NA
"rossaen_0362010900-c","svaert_god","middels","darlig","hoy",100,0
"ranfjorden_-_hemneshalvoya_0362011000-1-c","god","middels","darlig","hoy",75,0
"finneidfjorden_0362011100-c","god","lav","ukjent","lav",75,NA
"sveet_0362011200-c","moderat","lav","ukjent","lav",50,NA
"utskarpen_0362011300-c","udefinert","lav","ukjent","lav",NA,NA
"skogsleira_0362011400-1-c","god","lav","ukjent","lav",75,NA
"litlsjona_0362011400-2-c","god","lav","ukjent","lav",75,NA
"nordasvaerfjorden_-_tomfjorden_0362020100-2-c","svaert_god","lav","darlig","lav",100,0
"sjona-indre_0362020201-1-c","udefinert","middels","ukjent","lav",NA,NA
"sjona-indre_0362020201-2-c","moderat","hoy","ukjent","lav",50,NA
"sjona-ytre_0362020202-c","moderat","hoy","darlig","lav",50,0
"silavagen_0362020203-c","god","lav","ukjent","lav",75,NA
"stigfjorden_0362020300-c","god","lav","ukjent","lav",75,NA
"aldersund_0362020400-c","god","lav","ukjent","lav",75,NA
"matskjerfjorden_0362020500-1-c","god","lav","ukjent","lav",75,NA
"kvaroyfjorden-ytre_0362020500-2-c","god","middels","ukjent","lav",75,NA
"faeroya_0362020500-3-c","god","lav","ukjent","lav",75,NA
"kvina_0362020500-4-c","god","lav","ukjent","lav",75,NA
"kvaroyfjorden-indre_0362020500-5-c","god","lav","ukjent","lav",75,NA
"mavaerfjorden_0362020600-c","svaert_god","lav","ukjent","lav",100,NA
"risvaerfjorden_0362030100-c","god","hoy","darlig","lav",75,0
"vaerangen-ytre_0362030200-c","god","lav","ukjent","lav",75,NA
"melfjorden_0362030300-c","god","hoy","ukjent","lav",75,NA
"sorfjorden-indre_0362030401-c","god","lav","ukjent","lav",75,NA
"sorfjorden-midtre_0362030402-1-c","god","lav","ukjent","lav",75,NA
"sorfjorden-ytre_0362030402-2-c","god","lav","ukjent","lav",75,NA
"nordfjorden_0362030500-c","god","lav","ukjent","lav",75,NA
"kista_0362030601-c","god","lav","ukjent","lav",75,NA
"skjavika_0362030602-1-c","god","lav","ukjent","lav",75,NA
"vaerangen-indre_0362030602-2-c","god","lav","ukjent","lav",75,NA
"vaerangen-midtre_0362030602-3-c","god","lav","ukjent","lav",75,NA
"hopen_0362030700-1-c","god","lav","ukjent","lav",75,NA
"tjongsfjorden-ytre_0362030700-2-c","god","hoy","ukjent","lav",75,NA
"tjongsfjorden-indre_0362030700-3-c","god","lav","ukjent","lav",75,NA
"reppa_0362030700-4-c","god","lav","ukjent","lav",75,NA
"rodoyfjorden_0362030800-c","god","lav","ukjent","lav",75,NA
"meloyvaer_0362040100-c","svaert_god","lav","ukjent","lav",100,NA
"bolgfjorden_0362040200-2-c","god","middels","ukjent","lav",75,NA
"skardsfjorden-indre_0362040300-1-c","god","lav","ukjent","lav",75,NA
"skardsfjorden-ytre_0362040300-2-c","god","hoy","ukjent","lav",75,NA
"arhaugfjorden_0362040400-1-c","god","middels","ukjent","lav",75,NA
"holandsfjorden_0362040400-2-c","god","hoy","ukjent","lav",75,NA
"nordfjorden_0362040500-c","god","middels","ukjent","lav",75,NA
"bjerangsfjorden_0362040600-c","god","lav","ukjent","lav",75,NA
"murholmen_0362040700-1-c","god","lav","ukjent","lav",75,NA
"bogen_0362040700-2-c","god","lav","ukjent","lav",75,NA
"amnessundet_0362040700-3-c","god","lav","ukjent","lav",75,NA
"glomfjorden-indre_0362040800-1-c","moderat","hoy","ukjent","lav",50,NA
"meloyfjorden_-_glomfjorden_0362040800-2-c","moderat","hoy","ukjent","lav",50,NA
"eidet_0362040900-c","god","lav","ukjent","lav",75,NA
"mesoyfjorden_0362041000-2-c","god","lav","ukjent","lav",75,NA
"stigsundet_0362041000-4-c","god","lav","ukjent","lav",75,NA
"stottafjorden_-_gasvaerfjorden_0362041100-c","god","lav","god","hoy",75,100
"maoyleia_0362041200-1-c","god","lav","ukjent","lav",75,NA
"maoyleia_0362041200-2-c","god","lav","darlig","lav",75,0
"vestfjorden-midtre_0363000030-12-c","svaert_god","hoy","darlig","lav",100,0
"buoy_stamsund_havn_0363000030-13-c","moderat","lav","ukjent","lav",50,NA
"tindsvagen_0363000030-1-c","moderat","lav","ukjent","lav",50,NA
"vestervagen_0363000030-5-c","god","lav","ukjent","lav",75,NA
"helligvaer_-_ytterside_landegode_0363000030-7-c","god","middels","darlig","lav",75,0
"vikbukta_0363000031-1-c","god","lav","ukjent","lav",75,NA
"vagspollen_0363000031-2-c","god","lav","ukjent","lav",75,NA
"moskenes_-_flakstad_0363000031-3-c","svaert_god","lav","darlig","lav",100,0
"vagan_0363000032-1-c","svaert_god","lav","ukjent","lav",100,NA
"laukvika_0363000032-2-c","udefinert","lav","ukjent","lav",NA,NA
"fugloyvaer_0363010100-c","svaert_god","lav","ukjent","lav",100,NA
"fleinvaerfjorden_0363010200-c","svaert_god","lav","ukjent","lav",100,NA
"fugloyfjorden_0363010300-1-c","god","lav","darlig","lav",75,0
"gildeskal_0363010300-2-c","god","lav","ukjent","lav",75,NA
"vag_havn_0363010300-6-c","god","lav","ukjent","lav",75,NA
"sorarnoya_-_nordarnoya_0363010300-7-c","god","lav","ukjent","lav",75,NA
"storvik_havn_i_gildeskal_0363010400-1-c","god","lav","ukjent","lav",75,NA
"storviken_0363010400-2-c","god","lav","ukjent","lav",75,NA
"stavsundet_0363010500-c","god","lav","ukjent","lav",75,NA
"sorfjorden-indre_0363010600-1-c","god","lav","ukjent","lav",75,NA
"alten_0363010600-2-c","god","lav","ukjent","lav",75,NA
"sorfjorden-ytre_0363010600-3-c","god","hoy","ukjent","lav",75,NA
"morsdalsfjorden-indre_0363010700-1-c","moderat","hoy","ukjent","lav",50,NA
"morsdalsfjorden-ytre_0363010700-2-c","god","hoy","ukjent","lav",75,NA
"sundsfjorden-indre_0363010800-1-c","udefinert","lav","ukjent","lav",NA,NA
"sundsfjorden-ytre_0363010800-2-c","god","lav","ukjent","lav",75,NA
"holmsundfjorden_0363010800-3-c","god","lav","ukjent","lav",75,NA
"beiarfjorden-ytre_0363010900-1-c","god","lav","ukjent","lav",75,NA
"beiarfjorden-indre_0363010900-2-c","udefinert","lav","ukjent","lav",NA,NA
"nordfjorden_0363011000-2-c","god","lav","ukjent","lav",75,NA
"saltfjorden-ytre_0363011100-1-c","god","middels","darlig","hoy",75,0
"saltfjorden-indre_0363011100-2-c","god","lav","god","hoy",75,100
"hopen_0363011100-3-c","god","lav","ukjent","lav",75,NA
"landegodefjorden_0363011200-1-c","god","middels","god","lav",75,100
"hjartoysundet_-_nyholmsundet_0363011200-3-c","god","middels","darlig","lav",75,0
"ytre_sundan_0363020100-c","god","hoy","ukjent","lav",75,NA
"trongsmoget_0363020200-1-c","god","lav","ukjent","lav",75,NA
"fjellvika_0363020200-2-c","god","lav","ukjent","lav",75,NA
"elvefjorden_0363020300-c","god","lav","ukjent","lav",75,NA
"indre_sundan_0363020400-c","god","lav","ukjent","lav",75,NA
"skjaerstadfjorden_0363020500-c","god","hoy","ukjent","lav",75,NA
"misvaerfjorden-ytre_0363020600-1-c","god","lav","ukjent","lav",75,NA
"misvaerfjorden-indre_0363020600-2-c","god","lav","ukjent","lav",75,NA
"rognan_0363020700-1-c","udefinert","hoy","ukjent","lav",NA,NA
"saltdalsfjorden_0363020700-3-c","god","hoy","ukjent","lav",75,NA
"fauskevika_0363020900-c","svaert_god","hoy","ukjent","lav",100,NA
"klungsetvika_0363021000-c","god","lav","ukjent","lav",75,NA
"valnesfjorden_0363021102-c","god","lav","ukjent","lav",75,NA
"karlsoyfjorden-sondre_0363030100-1-c","god","middels","god","hoy",75,100
"karlsoyfjorden-nordre_0363030100-2-c","god","lav","darlig","lav",75,0
"mistfjorden_0363030200-c","svaert_god","hoy","god","hoy",100,100
"tommervika_-_storvika_0363030301-c","god","lav","ukjent","lav",75,NA
"sorfjorden-indre_0363030302-c","god","lav","ukjent","lav",75,NA
"sorfjorden-ytre_0363030303-c","god","lav","ukjent","lav",75,NA
"nordfjorden_0363030400-c","god","lav","ukjent","lav",75,NA
"folda_0363030500-c","god","lav","ukjent","lav",75,NA
"sorfolda-indre_0363030601-c","god","middels","darlig","hoy",75,0
"revsfjorden_0363030602-1-c","god","lav","ukjent","lav",75,NA
"hopen_0363030602-2-c","god","lav","ukjent","lav",75,NA
"styrkesnes-indre_0363030602-4-c","god","lav","ukjent","lav",75,NA
"sorfolda-ytre_0363030602-5-c","god","lav","ukjent","lav",75,NA
"nevelsfjord-indre_0363030701-c","god","lav","ukjent","lav",75,NA
"nevelsfjord-ytre_0363030702-c","god","lav","ukjent","lav",75,NA
"eidekjosen_0363030800-c","god","lav","ukjent","lav",75,NA
"sjunkfjorden-indre_0363030900-1-c","god","lav","ukjent","lav",75,NA
"sjunkfjorden-ytre_0363030900-2-c","god","lav","ukjent","lav",75,NA
"nordfjorden_0363031000-1-c","god","lav","ukjent","lav",75,NA
"torrfjordelva_0363031000-2-c","god","middels","darlig","lav",75,0
"torrfjorden_0363031000-3-c","god","lav","darlig","lav",75,0
"leirfjorden_0363031100-c","udefinert","lav","ukjent","lav",NA,NA
"botnfjorden_0363031201-c","god","lav","ukjent","lav",75,NA
"sagfjorden_0363031202-c","god","middels","ukjent","lav",75,NA
"brattfjorden-indre_0363031300-1-c","god","lav","ukjent","lav",75,NA
"nordfolda_0363031300-4-c","god","hoy","ukjent","lav",75,NA
"vinkfjorden_0363031400-c","svaert_god","hoy","god","lav",100,100
"stavfjorden_0363031500-c","god","lav","ukjent","lav",75,NA
"morsvikbotn_0363031600-c","god","middels","ukjent","lav",75,NA
"morsvikfjorden_0363031700-c","god","hoy","god","lav",75,100
"balkjosen_0363031800-c","god","lav","ukjent","lav",75,NA
"folda_-_andholmfjorden_0363031900-c","god","middels","darlig","lav",75,0
"botnfjorden_0363032000-c","god","lav","ukjent","lav",75,NA
"leinesfjorden_0363032100-c","god","lav","ukjent","lav",75,NA
"lilandsfjorden_0363032200-c","god","lav","ukjent","lav",75,NA
"skotsfjorden-indre_0363032300-1-c","god","lav","ukjent","lav",75,NA
"skotsfjorden-ytre_0363032300-2-c","god","lav","ukjent","lav",75,NA
"djupfjorden_0363040100-c","god","lav","ukjent","lav",75,NA
"hamnoy_0363040200-3-c","udefinert","lav","ukjent","lav",NA,NA
"kjerkfjorden-ytre_0363040200-4-c","god","lav","ukjent","lav",75,NA
"forsfjorden_0363040300-c","udefinert","lav","ukjent","lav",NA,NA
"bunesfjorden_0363040400-c","god","lav","ukjent","lav",75,NA
"kjerkfjorden-indre_0363040500-c","god","lav","ukjent","lav",75,NA
"sundstraumen_0363040600-2-c","god","lav","ukjent","lav",75,NA
"kakersundet_0363040600-4-c","god","hoy","ukjent","lav",75,NA
"selfjorden_0363040700-1-c","udefinert","lav","ukjent","lav",NA,NA
"torsfjorden-indre_0363040700-2-c","god","lav","ukjent","lav",75,NA
"fredvang_0363040700-6-c","moderat","middels","ukjent","lav",50,NA
"torsfjorden-ytre_0363040700-7-c","svaert_god","hoy","ukjent","lav",100,NA
"skjelfjorden-indre_0363040801-c","god","lav","ukjent","lav",75,NA
"skjelfjorden-ytre_0363040802-c","god","lav","ukjent","lav",75,NA
"nusfjord_0363040900-c","god","lav","ukjent","lav",75,NA
"kilpollen_0363041000-c","god","lav","ukjent","lav",75,NA
"offersoypollen_0363041101-c","udefinert","lav","ukjent","lav",NA,NA
"nappstraumen_0363041102-2-c","god","lav","ukjent","lav",75,NA
"buksnesfjorden-indre_0363041200-1-c","moderat","middels","ukjent","lav",50,NA
"fyglsjoen_0363041200-3-c","moderat","lav","ukjent","lav",50,NA
"buksnesfjorden-ytre_0363041200-4-c","moderat","hoy","ukjent","lav",50,NA
"petvik_0363041200-5-c","god","lav","ukjent","lav",75,NA
"flaget_0363041300-c","god","lav","ukjent","lav",75,NA
"storfjordpollen_0363041401-c","god","lav","ukjent","lav",75,NA
"finnstadpollen_0363041402-c","god","lav","ukjent","lav",75,NA
"sennesvika_0363041403-1-c","god","lav","ukjent","lav",75,NA
"sennesvika_0363041403-2-c","god","lav","ukjent","lav",75,NA
"myklevika_0363041500-1-c","god","lav","ukjent","lav",75,NA
"skifjorden-indre_0363041500-2-c","god","lav","ukjent","lav",75,NA
"kartfjorden_0363041500-3-c","god","lav","ukjent","lav",75,NA
"rolvsfjorden_0363041500-4-c","god","lav","ukjent","lav",75,NA
"skifjorden-ytre_0363041500-5-c","god","lav","ukjent","lav",75,NA
"djupfjorden_0363041600-c","udefinert","lav","ukjent","lav",NA,NA
"lyngvaer_0363041700-c","god","lav","ukjent","lav",75,NA
"olderfjorden-indre_0363041800-1-c","god","lav","ukjent","lav",75,NA
"olderfjorden-ytre_0363041800-2-c","god","lav","ukjent","lav",75,NA
"sydalspollen_0363041900-1-c","god","lav","ukjent","lav",75,NA
"gimsoystraumen_0363041900-2-c","god","lav","ukjent","lav",75,NA
"arrvagan_0363042000-1-c","god","lav","ukjent","lav",75,NA
"vikspollen_0363042000-2-c","god","lav","ukjent","lav",75,NA
"sundklakkstraumen_0363042000-3-c","god","lav","ukjent","lav",75,NA
"jenndalspollen_0363042000-4-c","god","lav","ukjent","lav",75,NA
"steiropollen_0363042101-c","god","lav","ukjent","lav",75,NA
"alstadpollen_0363042102-c","god","lav","ukjent","lav",75,NA
"limstrandpollen_0363042103-c","god","lav","ukjent","lav",75,NA
"indrefjorden_0363042200-c","god","lav","ukjent","lav",75,NA
"nordpollen_0363042300-1-c","god","lav","ukjent","lav",75,NA
"vatnfjorden_0363042300-2-c","god","lav","ukjent","lav",75,NA
"leirane_0363042400-1-c","god","lav","ukjent","lav",75,NA
"sundlandsfjorden_0363042400-2-c","god","lav","ukjent","lav",75,NA
"grunnforfjorden-indre_0363042500-1-c","udefinert","lav","ukjent","lav",NA,NA
"grunnforfjorden-ytre_0363042500-2-c","god","lav","ukjent","lav",75,NA
"innerpollen_0363042601-c","moderat","middels","ukjent","lav",50,NA
"ytterpollen_0363042602-c","moderat","middels","ukjent","lav",50,NA
"lauvaspollen_0363042603-1-c","moderat","middels","ukjent","lav",50,NA
"bronnoyholmen_0363042603-3-c","god","lav","ukjent","lav",75,NA
"hoynesvoda_0363042603-4-c","god","lav","ukjent","lav",75,NA
"mjasundet_0363042603-5-c","god","lav","darlig","lav",75,0
"mjasundet_0363042603-6-c","god","lav","ukjent","lav",75,NA
"tangstadpollen_0363042700-1-c","god","lav","ukjent","lav",75,NA
"sortlandsvika_0363042700-2-c","god","lav","ukjent","lav",75,NA
"rost_havn_0363050100-3-c","moderat","hoy","darlig","hoy",50,0
"rost-indre_0363050100-4-c","svaert_god","hoy","ukjent","lav",100,NA
"rosthavet-indre_0363050200-c","svaert_god","lav","ukjent","lav",100,NA
"sorlandsvika_0363050300-2-c","god","lav","ukjent","lav",75,NA
"teisthammeren_0363050300-6-c","god","lav","ukjent","lav",75,NA
"vaeroy-indre_0363050300-7-c","svaert_god","lav","ukjent","lav",100,NA
"nordlandsflaget-indre_0363050400-c","svaert_god","lav","ukjent","lav",100,NA
"nordlandsflaget-ytre_0363050500-c","svaert_god","lav","ukjent","lav",100,NA
"vaeroy-ytre_0363050600-c","svaert_god","lav","ukjent","lav",100,NA
"rosthavet-ytre_0363050700-c","svaert_god","lav","ukjent","lav",100,NA
"rost-ytre_0363050800-c","svaert_god","lav","ukjent","lav",100,NA
"vestfjorden-indre_0364000030-10-c","god","hoy","darlig","hoy",75,0
"ofoten_0364000030-2-c","god","hoy","god","hoy",75,100
"pundslettvagen_0364000030-4-c","god","lav","ukjent","lav",75,NA
"valastrandvagen_0364000030-5-c","god","lav","ukjent","lav",75,NA
"pollan_0364000030-6-c","god","lav","ukjent","lav",75,NA
"storpollen_0364000030-7-c","god","lav","ukjent","lav",75,NA
"revelsoya_0364000030-8-c","god","lav","ukjent","lav",75,NA
"hestfjorden_0364000030-9-c","god","lav","ukjent","lav",75,NA
"valsvaer_0364010100-c","god","lav","ukjent","lav",75,NA
"flagsundet_0364010200-c","god","lav","ukjent","lav",75,NA
"skjettenfjorden_0364010300-c","god","hoy","ukjent","lav",75,NA
"holmakfjorden_0364010400-c","god","middels","ukjent","lav",75,NA
"dypingspollen_0364010500-c","god","lav","ukjent","lav",75,NA
"sagfjorden_0364010600-c","god","hoy","ukjent","lav",75,NA
"straumfjordvatnet_0364010701-c","god","lav","ukjent","lav",75,NA
"straumfjorden_0364010702-c","god","lav","ukjent","lav",75,NA
"innhavet-ytre_0364010800-1-c","god","lav","ukjent","lav",75,NA
"sagpollen_0364010800-2-c","god","lav","ukjent","lav",75,NA
"grunnvagen_0364010800-3-c","god","lav","ukjent","lav",75,NA
"skipvagen_0364010800-4-c","god","lav","ukjent","lav",75,NA
"innhavet-indre_0364010800-5-c","god","lav","ukjent","lav",75,NA
"karlsoybotnen_0364010900-c","god","lav","ukjent","lav",75,NA
"kallstadsjoen_0364011000-1-c","god","lav","ukjent","lav",75,NA
"rossviksundet_0364011000-2-c","god","lav","ukjent","lav",75,NA
"kaldvagfjorden_0364011000-3-c","god","lav","ukjent","lav",75,NA
"husoy_0364011100-c","god","lav","ukjent","lav",75,NA
"lilandspollen_0364011200-c","god","lav","ukjent","lav",75,NA
"okssundet_0364011300-c","god","hoy","god","lav",75,100
"skagstadsundet_0364011400-c","god","hoy","ukjent","lav",75,NA
"brennvika_0364011500-c","god","lav","ukjent","lav",75,NA
"kobbvika_0364011600-c","god","lav","ukjent","lav",75,NA
"hamsundspollen_0364011700-c","god","lav","ukjent","lav",75,NA
"presteidvika_0364011800-c","god","lav","ukjent","lav",75,NA
"glimma_0364011900-c","god","lav","ukjent","lav",75,NA
"stordjupet_0364012000-c","god","lav","ukjent","lav",75,NA
"korsnes_0364020100-1-c","god","lav","ukjent","lav",75,NA
"tysfjorden_0364020100-3-c","god","lav","ukjent","lav",75,NA
"tysfjorden_0364020100-6-c","moderat","hoy","darlig","hoy",50,0
"beisfjorden_0364020200-c","god","lav","ukjent","lav",75,NA
"hellmofjorden-indre_0364020300-1-c","god","lav","ukjent","lav",75,NA
"hellmofjorden-ytre_0364020300-2-c","god","hoy","god","hoy",75,100
"grunnfjorden-indre_0364020400-1-c","god","lav","ukjent","lav",75,NA
"grunnfjorden-ytre_0364020400-2-c","god","lav","ukjent","lav",75,NA
"mannfjorden_0364020500-c","god","lav","ukjent","lav",75,NA
"sorfjorden_0364020601-c","moderat","lav","ukjent","lav",50,NA
"ytterpollen_0364020602-c","moderat","lav","ukjent","lav",50,NA
"indre_tysfjorden_0364020603-c","moderat","lav","darlig","hoy",50,0
"tommerasfjorden_0364020700-1-c","god","lav","god","hoy",75,100
"haukoyfjorden_0364020700-2-c","svaert_god","hoy","god","hoy",100,100
"vikran_0364020800-1-c","god","lav","ukjent","lav",75,NA
"fuglfjorden_0364020800-2-c","god","lav","ukjent","lav",75,NA
"stefjorden_0364020900-c","god","lav","ukjent","lav",75,NA
"sildpollen_0364021000-c","god","lav","ukjent","lav",75,NA
"skrovkjosen_0364021100-c","god","lav","ukjent","lav",75,NA
"tauselvhavet_0364021201-1-c","god","lav","ukjent","lav",75,NA
"efjorden_0364021201-2-c","god","lav","ukjent","lav",75,NA
"forsahavet_0364021201-3-c","god","lav","god","hoy",75,100
"sorstraumen-vest_0364021202-10-c","god","lav","ukjent","lav",75,NA
"vallebukta-vest_0364021202-1-c","god","lav","ukjent","lav",75,NA
"vallebukta-ost_0364021202-2-c","god","lav","ukjent","lav",75,NA
"stor-kobbvika_0364021202-3-c","god","lav","ukjent","lav",75,NA
"langvagpollen_0364021202-4-c","god","lav","ukjent","lav",75,NA
"teppkilen_0364021202-5-c","god","lav","ukjent","lav",75,NA
"efjorden-midtre_0364021202-6-c","god","lav","ukjent","lav",75,NA
"efjorden-indre_0364021202-7-c","god","lav","ukjent","lav",75,NA
"efjorden-ytre_0364021202-8-c","god","lav","ukjent","lav",75,NA
"leirpollen_0364021202-9-c","god","lav","ukjent","lav",75,NA
"vargfjorden_0364030100-1-c","god","lav","ukjent","lav",75,NA
"ofotfjorden_0364030100-2-c","god","hoy","god","hoy",75,100
"ballangen_0364030200-c","god","hoy","ukjent","lav",75,NA
"trongskjomen-indre_0364030301-c","god","hoy","god","hoy",75,100
"trongskjomen-ytre_0364030302-c","god","lav","ukjent","lav",75,NA
"beisfjorden-indre_0364030401-c","darlig","lav","ukjent","lav",0,NA
"narvikbukta_0364030402-c","svaert_darlig","lav","ukjent","lav",0,NA
"romsbakbotn_0364030501-1-c","god","lav","ukjent","lav",75,NA
"rombaken_0364030501-2-c","god","lav","darlig","lav",75,0
"rombaken_0364030502-c","god","hoy","god","hoy",75,100
"herjangsfjorden_0364030600-c","god","lav","god","hoy",75,100
"bogen_-_oysundet_0364030700-1-c","god","lav","ukjent","lav",75,NA
"bogen_0364030700-2-c","god","lav","god","hoy",75,100
"breidvika_0364040100-1-c","god","lav","ukjent","lav",75,NA
"ramsundet-sondre_0364040100-2-c","god","hoy","darlig","hoy",75,0
"ramsundet-nordre_-_ost_0364040100-4-c","god","middels","ukjent","lav",75,NA
"ramsundet-nordre_-_vest_0364040100-5-c","god","lav","god","lav",75,100
"lavangsfjorden_0364040200-1-c","moderat","middels","darlig","lav",50,0
"tjeldsundet-nordre_0364040200-2-c","god","lav","ukjent","lav",75,NA
"tjeldsundet-sondre_-_nordoya_0364040200-4-c","god","lav","ukjent","lav",75,NA
"tjeldsundet-sondre_0364040200-5-c","god","lav","ukjent","lav",75,NA
"fiskefjorden_0364040300-1-c","god","lav","ukjent","lav",75,NA
"tjeldsundet-indre_0364040300-2-c","god","lav","ukjent","lav",75,NA
"tjeldsundet-ytre_0364040300-4-c","god","lav","god","hoy",75,100
"kjerfjorden_0364040400-c","god","lav","ukjent","lav",75,NA
"innerfjorden_0364040501-c","god","lav","ukjent","lav",75,NA
"erikstadfjorden_0364040502-c","god","lav","ukjent","lav",75,NA
"kanstadfjorden_0364040503-1-c","god","lav","ukjent","lav",75,NA
"haukfjorden_0364040503-2-c","god","lav","ukjent","lav",75,NA
"innerfjorden_0364050101-c","god","lav","ukjent","lav",75,NA
"oksfjorden_0364050102-c","god","hoy","ukjent","lav",75,NA
"molldora_-_skrovsvedet_0364050200-10-c","svaert_god","hoy","darlig","lav",100,0
"valvagen_0364050301-1-c","god","lav","ukjent","lav",75,NA
"raftsundet_0364050301-2-c","god","lav","ukjent","lav",75,NA
"grunnfjorden_0364050302-c","god","lav","ukjent","lav",75,NA
"trollfjorden_0364050303-c","god","lav","ukjent","lav",75,NA
"ulvagsfjorden_0364050304-1-c","god","lav","ukjent","lav",75,NA
"ulvagsfjorden_0364050304-2-c","god","lav","ukjent","lav",75,NA
"laupstadpollen_0364050401-1-c","moderat","lav","ukjent","lav",50,NA
"austnesfjorden_0364050401-2-c","god","lav","ukjent","lav",75,NA
"vestpollen_0364050402-c","udefinert","lav","ukjent","lav",NA,NA
"vatterfjordpollen_0364050403-c","god","lav","ukjent","lav",75,NA
"vatterfjorden_0364050404-c","god","lav","ukjent","lav",75,NA
"husvagen_0364050500-c","god","lav","ukjent","lav",75,NA
"leirosen_0364050600-c","udefinert","lav","darlig","hoy",NA,0
"orsvag_0364050700-c","god","lav","ukjent","lav",75,NA
"hopspollen_0364050801-c","moderat","middels","ukjent","lav",50,NA
"hopen_0364050802-c","god","lav","ukjent","lav",75,NA
"skjorisen_0365000030-1-c","moderat","middels","ukjent","lav",50,NA
"forepollen_0365000030-2-c","god","lav","ukjent","lav",75,NA
"vesteralsfjorden_0365000030-4-c","god","lav","darlig","lav",75,0
"nykvag_0365000031-3-c","udefinert","lav","ukjent","lav",NA,NA
"vesteralen_0365000031-6-c","god","lav","darlig","lav",75,0
"gavlfjorden-ytre_0365000032-8-c","svaert_god","lav","ukjent","lav",100,NA
"morfjorden-indre_0365010101-c","god","lav","ukjent","lav",75,NA
"morfjorden-ytre_0365010102-c","god","lav","ukjent","lav",75,NA
"austpollen_0365010201-1-c","god","lav","ukjent","lav",75,NA
"higravfjorden_0365010201-2-c","god","lav","ukjent","lav",75,NA
"sloverfjorden_0365010201-3-c","god","lav","ukjent","lav",75,NA
"sloverfjorden_0365010202-c","god","lav","ukjent","lav",75,NA
"myrlandsfjorden_0365010300-1-c","god","lav","ukjent","lav",75,NA
"falkfjorden_0365010300-2-c","god","lav","ukjent","lav",75,NA
"haugvagen_0365010300-4-c","god","lav","ukjent","lav",75,NA
"hadselfjorden_0365010300-5-c","god","hoy","darlig","lav",75,0
"ytterfjorden_-_innerfjorden_0365010400-1-c","god","lav","ukjent","lav",75,NA
"ingelsfjorden_0365010400-2-c","god","lav","ukjent","lav",75,NA
"lonkanfjorden-indre_0365010501-c","god","lav","ukjent","lav",75,NA
"lonkanfjorden-ytre_0365010502-c","god","lav","ukjent","lav",75,NA
"sortlandsundet-sor-indre_0365010601-2-c","god","lav","ukjent","lav",75,NA
"blokken_0365010601-3-c","moderat","middels","ukjent","lav",50,NA
"fiskfjorden_indre_0365010601-5-c","god","lav","ukjent","lav",75,NA
"fiskfjorden_ytre_0365010601-6-c","god","lav","ukjent","lav",75,NA
"sortlandsundet-sor-ytre_0365010601-7-c","god","lav","god","hoy",75,100
"sortlandsundet-nord-indre_0365010602-1-c","moderat","middels","ukjent","lav",50,NA
"sortlandsundet-nord-ytre_0365010602-2-c","svaert_god","hoy","ukjent","lav",100,NA
"gasfjorden_0365010602-3-c","god","lav","ukjent","lav",75,NA
"djupfjorden_0365010700-c","udefinert","lav","ukjent","lav",NA,NA
"dalflaget_0365010800-1-c","god","lav","ukjent","lav",75,NA
"sigerfjorden_0365010800-2-c","god","lav","ukjent","lav",75,NA
"sorfjorden_0365010900-1-c","god","lav","ukjent","lav",75,NA
"hongfjorden_0365010900-2-c","god","lav","ukjent","lav",75,NA
"roksoyfjorden_0365011000-c","god","lav","ukjent","lav",75,NA
"strengelvagfjorden_0365011100-1-c","moderat","middels","ukjent","lav",50,NA
"strengelvag_0365011100-2-c","god","lav","ukjent","lav",75,NA
"kjoravalen_0365011100-3-c","god","lav","ukjent","lav",75,NA
"alsvagen_0365011100-5-c","moderat","middels","ukjent","lav",50,NA
"straumvatnet_0365011100-6-c","god","lav","ukjent","lav",75,NA
"lifjorden_0365011100-7-c","god","lav","ukjent","lav",75,NA
"gavlefjorden_0365011100-8-c","god","lav","darlig","lav",75,0
"risoysundet-indre_0365011200-c","god","lav","ukjent","lav",75,NA
"ase_0365011300-1-c","god","lav","ukjent","lav",75,NA
"risoysundet-ytre_0365011300-2-c","god","lav","ukjent","lav",75,NA
"tranesvagen_0365011400-c","god","lav","ukjent","lav",75,NA
"gisloyflaket_0365011500-c","god","lav","ukjent","lav",75,NA
"lifjorden_0365011600-c","god","lav","ukjent","lav",75,NA
"kvalsoybugen_0365020100-1-c","god","lav","ukjent","lav",75,NA
"eidsfjorden_ytre_0365020100-3-c","god","lav","ukjent","lav",75,NA
"eidsfjorden_indre_0365020100-4-c","god","lav","ukjent","lav",75,NA
"langoysundet_0365020200-1-c","god","lav","ukjent","lav",75,NA
"slattnesbogen_0365020300-c","god","lav","ukjent","lav",75,NA
"straumen_0365020400-1-c","moderat","middels","ukjent","lav",50,NA
"valfjorden_0365020400-2-c","moderat","middels","ukjent","lav",50,NA
"bjorndalsfjorden_0365020500-c","udefinert","lav","ukjent","lav",NA,NA
"olderfjorden-indre_0365020601-c","god","lav","ukjent","lav",75,NA
"olderfjorden-ytre_0365020602-c","god","lav","ukjent","lav",75,NA
"melfjorden_0365020700-c","god","lav","ukjent","lav",75,NA
"vestpollen_0365020801-1-c","god","lav","ukjent","lav",75,NA
"hellfjorden-indre_0365020801-2-c","god","lav","ukjent","lav",75,NA
"hellfjorden-ytre_0365020802-c","god","lav","ukjent","lav",75,NA
"kvernfjorden_0365020901-1-c","god","lav","ukjent","lav",75,NA
"jornfjorden-indre_0365020901-2-c","moderat","lav","ukjent","hoy",50,NA
"storoya-nord_0365020902-1-c","god","lav","ukjent","lav",75,NA
"jornfjorden-ytre_0365020902-2-c","god","lav","ukjent","lav",75,NA
"straumsnes_0365020902-3-c","god","lav","ukjent","lav",75,NA
"pollen_0365020902-4-c","god","lav","ukjent","lav",75,NA
"guvag_0365020902-5-c","god","lav","ukjent","lav",75,NA
"prestfjorden_0365030100-1-c","god","lav","ukjent","lav",75,NA
"steinlandsfjorden_0365030200-c","udefinert","lav","ukjent","lav",NA,NA
"romsetfjorden_0365030300-c","god","lav","ukjent","lav",75,NA
"breistrand_0365030400-1-c","god","lav","ukjent","lav",75,NA
"borroyfjorden_0365030400-2-c","god","lav","ukjent","lav",75,NA
"teistpollen_0365030500-1-c","god","lav","ukjent","lav",75,NA
"annfjorden_0365030500-2-c","god","lav","ukjent","lav",75,NA
"sandsetfjorden_0365030500-3-c","god","lav","ukjent","lav",75,NA
"skjerfjorden_0365030600-c","god","lav","ukjent","lav",75,NA
"vinjesundet_-_skallflaget_0365030700-c","god","lav","ukjent","lav",75,NA
"moklandsfjorden_0365030800-c","god","lav","ukjent","lav",75,NA
"sundsstraumen_0365030901-c","god","lav","ukjent","lav",75,NA
"malnesfjorden_0365030902-c","moderat","lav","ukjent","lav",50,NA
"eidspollen_0365031000-1-c","god","lav","ukjent","lav",75,NA
"eidspollen_0365031000-2-c","god","lav","ukjent","lav",75,NA
"straumfjorden_0365031100-c","god","lav","ukjent","lav",75,NA
"andenes_-_midt_andfjorden_0401000030-1-c","svaert_god","lav","darlig","lav",100,0
"midt_andfjorden_-_kasodden_0401000030-2-c","svaert_god","lav","darlig","lav",100,0
"dverberg_havn_0401010100-1-c","god","lav","ukjent","lav",75,NA
"skrollsvik_0401010100-3-c","god","lav","darlig","lav",75,0
"andfjorden_-_vest_0401010100-5-c","god","middels","darlig","lav",75,0
"andfjorden_-_ost_0401010100-6-c","svaert_god","lav","darlig","lav",100,0
"kvaefjorden_-_vest_0401010200-1-c","svaert_god","lav","ukjent","lav",100,NA
"kvaefjorden_-_ost_0401010200-2-c","svaert_god","lav","ukjent","lav",100,NA
"godfjorden-indre_0401010300-1-c","god","lav","ukjent","lav",75,NA
"godfjorden-ytre_0401010300-2-c","god","lav","ukjent","lav",75,NA
"gullesfjorden-midtre_0401010401-1-c","god","lav","ukjent","lav",75,NA
"foroysundet_0401010401-3-c","god","lav","ukjent","lav",75,NA
"gullesfjorden-indre_0401010401-4-c","god","lav","ukjent","lav",75,NA
"austerfjorden_0401010402-c","god","lav","ukjent","lav",75,NA
"kvaefjorden_indre_0401010403-1-c","god","middels","ukjent","lav",75,NA
"gullesfjorden-ytre_0401010403-2-c","god","middels","ukjent","lav",75,NA
"straumen_indre_kvaefjord_0401010501-1-c","god","lav","ukjent","lav",75,NA
"straumsbotnen_0401010501-2-c","svaert_god","lav","ukjent","lav",100,NA
"straumen_ytre_kvaefjord_0401010502-2-c","god","lav","ukjent","lav",75,NA
"bygdesundet_ytre_0401010502-3-c","god","middels","ukjent","lav",75,NA
"oysundet_0401010502-5-c","god","lav","ukjent","lav",75,NA
"bygdesundet_indre_0401010502-6-c","moderat","middels","ukjent","lav",50,NA
"kasfjorden_0401010600-c","god","lav","ukjent","lav",75,NA
"indre_selfjorden_0401010701-c","svaert_god","lav","ukjent","lav",100,NA
"selfjorden-midtre_0401010702-c","svaert_god","lav","ukjent","lav",100,NA
"selfjorden-ytre_0401010703-c","svaert_god","middels","god","lav",100,100
"veidemannsfjorden_0401010800-1-c","svaert_god","lav","ukjent","lav",100,NA
"sifjorden_0401010800-2-c","svaert_god","lav","ukjent","lav",100,NA
"grunnfarsnesbotnen_0401010900-c","god","lav","ukjent","lav",75,NA
"torskenfjorden_0401011000-c","god","lav","ukjent","lav",75,NA
"gryllefjorden_0401011100-c","svaert_god","lav","ukjent","lav",100,NA
"straumsbotn_0401011201-c","svaert_god","lav","ukjent","lav",100,NA
"lavollkjosen_0401011202-1-c","svaert_god","lav","ukjent","lav",100,NA
"lavollsfjorden_0401011202-2-c","svaert_god","lav","ukjent","lav",100,NA
"bergsbotn_i_bergsfjorden_0401011300-c","moderat","middels","darlig","middels",50,0
"bergsfjorden_0401011400-c","god","lav","god","lav",75,100
"steinfjorden_0401011500-c","svaert_god","lav","ukjent","lav",100,NA
"ersfjorden_0401011600-c","svaert_god","lav","ukjent","lav",100,NA
"mefjorden_0401011700-2-c","svaert_god","middels","darlig","lav",100,0
"breivik_-_kilbotn_0401020100-1-c","god","hoy","darlig","lav",75,0
"stangnes_0401020100-3-c","god","lav","god","lav",75,100
"vagsfjorden_0401020100-4-c","svaert_god","hoy","darlig","lav",100,0
"kvaernsundet_0401020200-c","svaert_god","middels","darlig","lav",100,0
"sandoysundet_0401020300-c","god","middels","god","lav",75,100
"bergsvagen_indre_0401020400-1-c","god","lav","darlig","lav",75,0
"bergsvagen_0401020400-3-c","god","hoy","darlig","lav",75,0
"toppsundet_0401020400-4-c","svaert_god","middels","darlig","lav",100,0
"harstadbassenget_russevika_-_brurvika_0401020500-1-c","moderat","middels","darlig","lav",50,0
"hamnvik_havn_ibestad_0401020600-1-c","udefinert","lav","ukjent","lav",NA,NA
"astafjorden_0401020600-2-c","svaert_god","middels","darlig","lav",100,0
"grov_indre_0401020701-1-c","god","lav","ukjent","lav",75,NA
"grovfjorden-indre_0401020701-2-c","moderat","hoy","ukjent","lav",50,NA
"grov_ytre_0401020702-1-c","god","lav","darlig","lav",75,0
"grov_havn_0401020702-3-c","moderat","middels","darlig","lav",50,0
"grovfjorden-ytre_0401020702-4-c","moderat","lav","darlig","lav",50,0
"gratangsbotnen_0401020801-c","god","lav","ukjent","lav",75,NA
"gratangen_0401020802-c","god","lav","ukjent","lav",75,NA
"lavangen_0401020900-c","svaert_god","middels","god","lav",100,100
"salangen_0401021000-c","svaert_god","hoy","darlig","hoy",100,0
"sagfjorden-indre_0401021101-c","god","lav","ukjent","lav",75,NA
"sagfjorden-ytre_0401021102-c","god","lav","ukjent","lav",75,NA
"mjosundet_0401021200-c","god","lav","ukjent","lav",75,NA
"bygda_0401021300-c","god","lav","darlig","lav",75,0
"straumbotn_0401021400-c","god","lav","ukjent","lav",75,NA
"hofsoybotnen_0401021500-c","svaert_god","lav","ukjent","lav",100,NA
"eidepollen_0401021600-c","god","lav","ukjent","lav",75,NA
"gisundet_finnsnes_-_gibostad_0401030100-3-c","god","lav","ukjent","lav",75,NA
"gisundet_nordlig_del_0401030100-5-c","svaert_god","lav","ukjent","lav",100,NA
"gisundet_ved_gibostad_0401030100-6-c","god","lav","ukjent","lav",75,NA
"gisundet_smabathavn_finnsnes_0401030100-7-c","moderat","middels","darlig","lav",50,0
"gisundet_ved_finnsnes_0401030100-8-c","god","lav","ukjent","lav",75,NA
"lysbotnvannet_0401030201-c","god","lav","ukjent","lav",75,NA
"lysbotn_0401030202-c","god","lav","ukjent","lav",75,NA
"solbergfjorden_0401030300-1-c","svaert_god","lav","ukjent","lav",100,NA
"finnfjorden-ytre_0401030300-2-c","svaert_god","lav","darlig","lav",100,0
"finnfjorden-indre_0401030400-c","svaert_god","lav","darlig","lav",100,0
"reisafjorden_0401030500-1-c","god","lav","ukjent","lav",75,NA
"tranoyfjord_0401030600-c","svaert_god","middels","darlig","lav",100,0
"dyroysundet_0401030700-1-c","svaert_god","middels","darlig","lav",100,0
"dyroysundet_dyreoysundbrua_0401030700-2-c","god","lav","ukjent","lav",75,NA
"valvagen_0401030800-c","svaert_god","lav","ukjent","lav",100,NA
"tranoybotn_0401030900-c","god","lav","ukjent","lav",75,NA
"laksfjorden_0401031000-c","god","lav","ukjent","lav",75,NA
"rossholmdjupta_0402000030-c","svaert_god","lav","ukjent","lav",100,NA
"hajafjorden_-_fugloysveet_0402000031-c","svaert_god","lav","ukjent","lav",100,NA
"ornfjorden_0402010101-c","god","lav","ukjent","lav",75,NA
"oyfjorden-indre_0402010102-c","god","middels","ukjent","lav",75,NA
"oyfjorden-ytre_0402010103-c","svaert_god","lav","ukjent","lav",100,NA
"baltsfjorden_0402010200-c","god","lav","ukjent","lav",75,NA
"malangen-indre_0402010300-1-c","god","middels","ukjent","lav",75,NA
"malangen-ytre_0402010300-3-c","svaert_god","middels","ukjent","lav",100,NA
"litlestrand_-_brensholmen_0402010300-4-c","god","lav","ukjent","lav",75,NA
"stonnesbotnen-indre_0402010401-c","god","lav","ukjent","lav",75,NA
"stonnesbotnen-ytre_0402010402-c","god","lav","ukjent","lav",75,NA
"malangen_-_rossfjorden_0402010500-c","god","lav","ukjent","lav",75,NA
"rossfjordstraumen_0402010600-1-c","svaert_god","lav","ukjent","lav",100,NA
"rossfjordvatnet_0402010600-2-c","darlig","lav","ukjent","lav",0,NA
"malselvfjorden_0402010700-c","god","lav","ukjent","lav",75,NA
"aursfjorden_0402010800-c","god","lav","ukjent","lav",75,NA
"nordfjordbotn_0402010900-1-c","moderat","middels","ukjent","lav",50,NA
"stalvikbotn_0402010900-2-c","god","middels","ukjent","lav",75,NA
"nordfjorden_0402011000-c","god","lav","ukjent","lav",75,NA
"straumsfjorden_0402011100-c","god","lav","ukjent","lav",75,NA
"sandvika_0402011200-c","god","lav","ukjent","lav",75,NA
"kattfjorden_0402011300-c","god","middels","ukjent","lav",75,NA
"nordfjorden_0402011400-c","god","lav","ukjent","lav",75,NA
"sorfjorden_0402011500-c","udefinert","lav","darlig","lav",NA,0
"ersfjorden_0402020100-c","god","lav","ukjent","lav",75,NA
"sessoyfjorden_0402020200-c","god","lav","ukjent","lav",75,NA
"vengsoyfjorden_0402020300-c","god","lav","ukjent","lav",75,NA
"indre_kaldfjord_0402020401-1-c","god","lav","ukjent","lav",75,NA
"kaldfjorden-_indre_midtre_0402020401-3-c","god","middels","ukjent","lav",75,NA
"kaldfjorden-_ytre_midtre_0402020401-4-c","god","lav","ukjent","lav",75,NA
"kaldfjorden-ytre_0402020402-c","god","lav","ukjent","lav",75,NA
"rakkneskjosen_0402020500-1-c","god","lav","ukjent","lav",75,NA
"kvalsundet_0402020500-2-c","svaert_god","middels","ukjent","lav",100,NA
"vagen_0402020600-c","god","lav","ukjent","lav",75,NA
"kifjorden_0402020700-c","god","lav","ukjent","lav",75,NA
"grotsundet_0402020800-c","svaert_god","hoy","god","lav",100,100
"skattora_smabathavn_tromso_0402020900-10-c","moderat","hoy","darlig","lav",50,0
"tromsoysundet_-_tromso_0402020900-11-c","god","hoy","darlig","lav",75,0
"tromsoysundet-sor_0402020900-1-c","god","lav","darlig","lav",75,0
"tromsoysundet-nord_0402020900-3-c","svaert_god","lav","ukjent","lav",100,NA
"tromsdalselva-utlop_0402020900-5-c","god","lav","ukjent","lav",75,NA
"tromsdalen_smabathavn_0402020900-7-c","moderat","middels","darlig","lav",50,0
"hakoya_-_grindoysundet_0402021000-1-c","god","middels","darlig","lav",75,0
"sandnessundet_0402021000-2-c","god","hoy","darlig","lav",75,0
"nordbotn_0402021100-c","god","hoy","darlig","lav",75,0
"sorbotn_0402021200-c","god","hoy","darlig","lav",75,0
"laksvatnbukt_indre_0402021300-1-c","god","lav","ukjent","lav",75,NA
"balsfjorden_0402021300-2-c","god","lav","ukjent","lav",75,NA
"ramfjorden_indre_0402021400-1-c","god","lav","ukjent","lav",75,NA
"ramfjorden_ytre_0402021400-2-c","god","lav","ukjent","lav",75,NA
"skagoysundet_0402021500-c","svaert_god","lav","ukjent","lav",100,NA
"skarsfjorden_0402021600-c","svaert_god","lav","ukjent","lav",100,NA
"skogsfjorden_0402021700-c","god","lav","ukjent","lav",75,NA
"grotoya_-_arnoya_0403000030-c","god","lav","ukjent","lav",75,NA
"andamsfjord_0403010100-c","svaert_god","lav","ukjent","lav",100,NA
"grotoysundet_0403010200-c","svaert_god","lav","ukjent","lav",100,NA
"bardsetsundet_0403010300-c","svaert_god","lav","ukjent","lav",100,NA
"kvaloysundet_0403010400-c","svaert_god","lav","ukjent","lav",100,NA
"helgoysundet_0403010500-c","svaert_god","lav","ukjent","lav",100,NA
"dafjorden_0403010600-c","god","lav","ukjent","lav",75,NA
"vannsundet_0403010700-c","god","lav","ukjent","lav",75,NA
"grunnfjorden_0403010800-c","god","lav","ukjent","lav",75,NA
"langsundet_0403010900-c","svaert_god","middels","ukjent","lav",100,NA
"hamrefjorden_0403011000-c","svaert_god","lav","ukjent","lav",100,NA
"rasa_0403011100-2-c","svaert_god","lav","ukjent","lav",100,NA
"sorskardvagen_0403011200-c","svaert_god","lav","ukjent","lav",100,NA
"fugloyfjorden_0403020100-c","svaert_god","lav","ukjent","lav",100,NA
"buroysundet_0403020200-c","svaert_god","lav","ukjent","lav",100,NA
"skipsfjorden_0403020300-c","svaert_god","lav","ukjent","lav",100,NA
"kristoffervalen_0403020400-1-c","god","lav","ukjent","lav",75,NA
"skoroysundet_0403020400-2-c","svaert_god","lav","ukjent","lav",100,NA
"storstraumen_ytre_-_ullsfjorden_0403020500-1-c","god","lav","ukjent","lav",75,NA
"ullsfjorden_0403020500-2-c","god","lav","ukjent","lav",75,NA
"sjovassbotn_0403020601-1-c","god","lav","ukjent","lav",75,NA
"sorfjorden-indre_0403020601-2-c","god","lav","ukjent","lav",75,NA
"storstraumen_indre_-_ullsfjorden_0403020602-1-c","god","lav","ukjent","lav",75,NA
"sorfjorden-ytre_0403020602-2-c","god","lav","ukjent","lav",75,NA
"kjosen_0403020700-c","god","lav","ukjent","lav",75,NA
"sorlenangen_0403020800-c","god","lav","ukjent","lav",75,NA
"nordlenangen_-_straumen_0403020900-c","god","lav","ukjent","lav",75,NA
"lyngen-indre_0403030100-1-c","god","lav","ukjent","lav",75,NA
"lyngen-ytre_0403030100-2-c","svaert_god","middels","ukjent","lav",100,NA
"lyngseidet_0403030200-c","god","lav","ukjent","lav",75,NA
"pollen_0403030300-c","god","lav","ukjent","lav",75,NA
"storfjorden-indre_0403030401-c","god","lav","ukjent","lav",75,NA
"storfjorden-ytre_0403030402-c","god","lav","ukjent","lav",75,NA
"kafjorden-indre_0403030501-c","god","middels","ukjent","lav",75,NA
"kafjorden-ytre_0403030502-c","svaert_god","lav","ukjent","lav",100,NA
"rotsundet_sor_0403030600-1-c","god","middels","ukjent","lav",75,NA
"rotsundet_nord_0403030600-2-c","god","lav","ukjent","lav",75,NA
"maursundet_0403030700-c","god","lav","ukjent","lav",75,NA
"kjolmangen_0403030800-c","svaert_god","middels","ukjent","lav",100,NA
"kagsundet_0403030900-c","god","lav","ukjent","lav",75,NA
"langfjorden_0403031000-c","god","lav","ukjent","lav",75,NA
"kvaenangsbotnen_0403040101-c","god","lav","ukjent","lav",75,NA
"kvaenangen_-_aroyan_0403040102-1-c","god","lav","ukjent","lav",75,NA
"sorstraumen__kvaenangen_0403040102-2-c","god","lav","ukjent","lav",75,NA
"badderfjorden_0403040103-c","god","middels","ukjent","lav",75,NA
"kvaenangen_haukoy_0403040104-1-c","god","lav","ukjent","lav",75,NA
"kvaenangen_skorpa_-_spildra_0403040104-3-c","god","lav","ukjent","lav",75,NA
"kvaenangen_-_ytre_0403040104-4-c","moderat","lav","ukjent","lav",50,NA
"lauksundet_0403040200-c","god","lav","ukjent","lav",75,NA
"reisaelva-utlop_0403040401-1-c","god","lav","darlig","lav",75,0
"reisafjorden-indre_0403040401-2-c","god","lav","ukjent","lav",75,NA
"reisafjorden-ytre_0403040402-c","god","lav","ukjent","lav",75,NA
"straumfjorden_0403040500-1-c","god","lav","ukjent","lav",75,NA
"straumfjordnes_-_straumfjorden_0403040500-2-c","god","lav","ukjent","lav",75,NA
"oksfjorden_0403040600-c","god","lav","ukjent","lav",75,NA
"burfjorden_0403040700-c","god","lav","ukjent","lav",75,NA
"isfjorden_0403040800-1-c","svaert_god","lav","ukjent","lav",100,NA
"jokelfjorden_0403040800-2-c","god","lav","ukjent","lav",75,NA
"olderfjorden_0403040900-c","svaert_god","lav","ukjent","lav",100,NA
"mevaer_havn_-_loppa_oy_0420000030-2-c","udefinert","lav","darlig","lav",NA,0
"lopphavet_0420000030-3-c","god","lav","darlig","middels",75,0
"bukt_nord_for_bjorndalen_0420000030-4-c","udefinert","lav","ukjent","lav",NA,NA
"trombak_-_tarhalsen_0420000031-c","god","lav","ukjent","lav",75,NA
"frakkfjorden_0420010100-c","god","lav","ukjent","lav",75,NA
"sandland_havn_0420010200-1-c","god","lav","darlig","lav",75,0
"sandlandsfjorden_0420010200-2-c","god","middels","god","lav",75,100
"langfjorden_0420010300-c","god","lav","ukjent","lav",75,NA
"bergsfjorden_0420010400-c","god","lav","ukjent","lav",75,NA
"soroysundet_0420020100-10-c","god","lav","darlig","lav",75,0
"trollvika_0420020100-2-c","udefinert","lav","ukjent","lav",NA,NA
"rypklubben_0420020100-8-c","god","lav","darlig","lav",75,0
"ullsfjorden_0420020200-c","god","lav","ukjent","lav",75,NA
"nuvsfjorden_0420020300-c","god","lav","ukjent","lav",75,NA
"sorfjorden_0420020400-c","god","lav","ukjent","lav",75,NA
"nordfjorden_0420020500-c","god","lav","ukjent","lav",75,NA
"smalfjorden_0420020600-c","god","lav","ukjent","lav",75,NA
"lille_kjerringfjorden_0420020700-c","god","lav","ukjent","lav",75,NA
"store_kjerringfjorden_0420020800-c","god","lav","ukjent","lav",75,NA
"bardfjorden_0420020900-c","god","lav","ukjent","lav",75,NA
"skreifjorden_0420021000-c","god","lav","ukjent","lav",75,NA
"jofjorden_0420021100-c","god","middels","ukjent","lav",75,NA
"eidvagen_0420021201-c","god","lav","ukjent","lav",75,NA
"vinnasundet_0420021202-1-c","god","lav","ukjent","lav",75,NA
"honsebyfjorden_-_njiŋŋevuotna_0420021202-2-c","god","lav","ukjent","lav",75,NA
"hammerfest_havn_0420021300-c","svaert_god","hoy","darlig","lav",100,0
"akkarfjorden_0420021400-c","god","lav","ukjent","lav",75,NA
"skippernesfjorden_0420021500-c","god","lav","ukjent","lav",75,NA
"langstrandfjorden_0420021600-c","god","lav","ukjent","lav",75,NA
"slettnes_0420021700-c","god","middels","god","lav",75,100
"hamnefjorden_0420021800-c","god","lav","ukjent","lav",75,NA
"husfjorden_0420021900-c","god","lav","ukjent","lav",75,NA
"komagfjordbotn_0420022000-c","god","lav","ukjent","lav",75,NA
"straumen_0420022100-c","god","lav","ukjent","lav",75,NA
"kobbefjorden_0420022200-c","god","lav","ukjent","lav",75,NA
"oyfjorden_0420022300-c","god","lav","ukjent","lav",75,NA
"kipparfjorden_0420022400-c","god","lav","ukjent","lav",75,NA
"meltefjorden_0420022500-c","god","lav","ukjent","lav",75,NA
"hasfjorden_0420022600-c","god","lav","god","lav",75,100
"hasvik_0420022700-c","god","lav","darlig","lav",75,0
"oksfjorden-midtre_0420030101-2-c","god","hoy","ukjent","lav",75,NA
"vassdalsbotn_0420030101-3-c","god","lav","darlig","lav",75,0
"oksfjorden-ytre_0420030101-4-c","god","lav","ukjent","lav",75,NA
"oksfjordbotn_0420030102-1-c","god","lav","ukjent","lav",75,NA
"oksfjorden_indre_0420030102-2-c","god","hoy","ukjent","lav",75,NA
"lillebukta_-_ytre_simavik_0420030200-1-c","moderat","lav","ukjent","lav",50,NA
"stjernsundet_deponi_0420030200-5-c","udefinert","lav","ukjent","lav",NA,NA
"stjernsundet_0420030200-7-c","god","lav","ukjent","lav",75,NA
"altafjorden-ytre_0420030300-2-c","god","lav","ukjent","lav",75,NA
"hjemmeluft__bossekop_og_tollevika_0420030300-4-c","god","middels","god","lav",75,100
"talvikbukta_0420030300-5-c","god","middels","god","lav",75,100
"altafjorden-indre_0420030300-6-c","darlig","middels","darlig","lav",0,0
"langfjordbotn_0420030401-2-c","god","lav","ukjent","lav",75,NA
"tappeluft_0420030401-3-c","god","lav","ukjent","lav",75,NA
"langfjorden-indre_0420030401-4-c","god","lav","ukjent","lav",75,NA
"langfjorden-ytre_0420030402-c","god","middels","god","lav",75,100
"kafjord_-_indre_0420030501-1-c","moderat","middels","god","lav",50,100
"kafjordbotn_0420030501-2-c","udefinert","lav","ukjent","lav",NA,NA
"kafjorden_0420030502-c","moderat","middels","god","lav",50,100
"rafsbotn_0420030600-2-c","god","middels","god","lav",75,100
"russeluft_0420030600-3-c","god","lav","god","lav",75,100
"bukta_og_utlopet_til_altaelva_0420030600-5-c","god","middels","darlig","middels",75,0
"leirbotnen_0420030700-c","god","middels","ukjent","lav",75,NA
"skillefjorden_0420030800-c","god","lav","ukjent","lav",75,NA
"korsfjorden_0420030900-c","god","hoy","darlig","middels",75,0
"rognsundet_0420031000-c","god","middels","ukjent","lav",75,NA
"innerpollen_0420031100-c","god","lav","ukjent","lav",75,NA
"store_kufjorden_0420031200-c","god","middels","ukjent","lav",75,NA
"store_lerresfjorden_0420031300-c","god","lav","ukjent","lav",75,NA
"vargsundet_0420031400-c","god","lav","god","lav",75,100
"kvalsundet_/_beritsfjord_deponi_0420031500-2-c","god","lav","ukjent","lav",75,NA
"kvalsundet_0420031500-4-c","god","middels","darlig","lav",75,0
"rypefjorden_0420031600-2-c","god","lav","darlig","lav",75,0
"grotnes_avfallsdeponi_0420031600-3-c","udefinert","lav","ukjent","lav",NA,NA
"straumen_0420031600-6-c","god","lav","darlig","lav",75,0
"breivikbotn_0420040100-1-c","god","middels","darlig","hoy",75,0
"breivikfjorden_0420040100-2-c","god","lav","ukjent","lav",75,NA
"markeila_0420040200-c","moderat","middels","darlig","hoy",50,0
"sandfjorden_0420040300-c","god","lav","ukjent","lav",75,NA
"ofjorden_0420040400-c","god","lav","ukjent","lav",75,NA
"bolefjorden_0420040500-c","god","lav","ukjent","lav",75,NA
"borrfjorden_0420040601-c","god","lav","ukjent","lav",75,NA
"galtefjorden_0420040602-1-c","god","middels","ukjent","lav",75,NA
"donnesfjorden_0420040602-2-c","god","hoy","ukjent","lav",75,NA
"honsebyvika_0420040701-c","god","lav","ukjent","lav",75,NA
"sandoyfjorden_0420040702-c","god","lav","ukjent","lav",75,NA
"finnfjorden_0420040800-c","god","lav","ukjent","lav",75,NA
"gamvikfjorden_0420040900-c","god","lav","ukjent","lav",75,NA
"tarhalsen_-_furuholmen_fyr_0421000030-c","god","lav","ukjent","lav",75,NA
"fruholmen_fyr_-_hjelmsoya_0421000031-c","god","lav","ukjent","lav",75,NA
"gjesvaer_0421000032-4-c","god","lav","darlig","lav",75,0
"masoyfjorden-nord_0421000032-6-c","god","lav","ukjent","lav",75,NA
"revsbotn-ytre_0421010100-c","god","middels","god","middels",75,100
"sandbukta_-_forsolbukta_0421010200-c","god","lav","darlig","hoy",75,0
"kvalfjorden_0421010300-c","god","lav","ukjent","lav",75,NA
"sammelsundet_0421010400-c","god","lav","ukjent","lav",75,NA
"repparfjorden_ytre_0421010500-1-c","god","middels","god","lav",75,100
"repparfjorden_indre_0421010500-2-c","god","middels","god","middels",75,100
"revsbotn-indre_0421010600-c","god","middels","ukjent","lav",75,NA
"lillefjorden_0421010700-c","god","lav","ukjent","lav",75,NA
"valfjorden_0421010800-c","god","lav","ukjent","lav",75,NA
"tufjorden_0421010900-c","god","lav","ukjent","lav",75,NA
"mafjorden_0421011000-c","god","lav","ukjent","lav",75,NA
"rolvsoysundet_0421020100-c","god","lav","ukjent","lav",75,NA
"trollsundet_0421020200-c","god","lav","ukjent","lav",75,NA
"langfjorden_0421020300-c","god","lav","ukjent","lav",75,NA
"reinoysundet_0421020400-c","god","lav","ukjent","lav",75,NA
"indre_pollen_0421020501-c","god","lav","ukjent","lav",75,NA
"ytre_pollen_0421020502-c","god","lav","ukjent","lav",75,NA
"snefjorden_0421020600-c","god","middels","ukjent","lav",75,NA
"bakfjorden_0421020700-c","god","lav","ukjent","lav",75,NA
"selvika_0421020800-c","god","lav","ukjent","lav",75,NA
"myrfjorden_0421020900-c","god","lav","ukjent","lav",75,NA
"akkarfjorden_0421021000-c","god","lav","ukjent","lav",75,NA
"russehamn_0421021100-c","god","lav","ukjent","lav",75,NA
"masoyfjorden-ost_0421030100-c","god","lav","ukjent","lav",75,NA
"breidsundet_0421030200-3-c","god","lav","ukjent","lav",75,NA
"breidsundet_0421030200-8-c","god","lav","ukjent","lav",75,NA
"havoysundet_0421030300-c","god","lav","darlig","lav",75,0
"eiterfjorden_0421030400-c","god","lav","darlig","lav",75,0
"masoyfjorden-vest_0421030500-c","god","lav","ukjent","lav",75,NA
"vesterbotnen_0421030601-c","god","lav","ukjent","lav",75,NA
"osterbotn_0421030602-c","god","lav","ukjent","lav",75,NA
"kulfjorden_0421030603-c","god","lav","ukjent","lav",75,NA
"ryggefjorden_0421030700-c","god","middels","ukjent","lav",75,NA
"kobbefjorden_0421030800-c","god","middels","ukjent","lav",75,NA
"mageroysundet-vest_0421030900-c","god","lav","ukjent","lav",75,NA
"mageroysundet-ost_0421031000-c","god","lav","darlig","lav",75,0
"vester-lafjorden_0421031100-1-c","darlig","hoy","ukjent","lav",0,NA
"lafjorden_0421031100-2-c","god","middels","ukjent","lav",75,NA
"sarnesfjorden_0421031200-c","god","middels","god","lav",75,100
"vassfjorden_0421031300-c","god","lav","ukjent","lav",75,NA
"tufjorden_0421031400-c","god","lav","ukjent","lav",75,NA
"ytre_porsangen_0422000030-c","udefinert","lav","ukjent","lav",NA,NA
"kinnarodden_-_vardnesodden_0422000031-c","udefinert","lav","ukjent","lav",NA,NA
"klubben_0422010100-13-c","god","lav","ukjent","lav",75,NA
"porsangerfjorden-indre_0422010100-16-c","god","lav","ukjent","lav",75,NA
"porsangerfjorden-ytre_0422010100-2-c","god","lav","ukjent","lav",75,NA
"innerbukta/_repvag_0422010100-4-c","udefinert","lav","ukjent","lav",NA,NA
"nordvagen_0422010200-c","udefinert","lav","ukjent","lav",NA,NA
"even_hansen_bukta_0422010300-7-c","udefinert","lav","ukjent","lav",NA,NA
"honningsvag_havn_0422010300-8-c","moderat","middels","darlig","middels",50,0
"strandbukta_0422010400-c","god","lav","ukjent","lav",75,NA
"smorfjorden_0422010500-c","udefinert","lav","ukjent","lav",NA,NA
"leaibevuotna_0422010600-c","udefinert","lav","ukjent","lav",NA,NA
"vesterbotn_0422010701-c","god","lav","god","lav",75,100
"soggovutna_0422010702-c","god","lav","darlig","lav",75,0
"roddenjargsjoen_0422010703-c","god","lav","god","lav",75,100
"risfjorden_0422010801-c","god","lav","darlig","middels",75,0
"skipsfjorden_0422010802-c","udefinert","lav","ukjent","lav",NA,NA
"kamoyfjorden_0422010803-c","udefinert","lav","ukjent","lav",NA,NA
"skarsvag_/_grovavfallsdeponi_0422010900-3-c","god","lav","ukjent","lav",75,NA
"risfjorden_0422010900-4-c","moderat","lav","darlig","lav",50,0
"laksefjorden-indre_0422020100-1-c","udefinert","lav","ukjent","lav",NA,NA
"laksefjorden-ytre_0422020100-2-c","udefinert","lav","ukjent","lav",NA,NA
"veidnesholmen_0422020200-5-c","udefinert","lav","ukjent","lav",NA,NA
"lille_porsanger_0422020200-6-c","udefinert","lav","ukjent","lav",NA,NA
"storfjorden_0422020300-c","udefinert","lav","ukjent","lav",NA,NA
"friarfjorden_0422020400-1-c","god","lav","ukjent","lav",75,NA
"ifjorden_0422020400-2-c","udefinert","lav","ukjent","lav",NA,NA
"bekkarfjorden_0422020500-c","god","middels","ukjent","lav",75,NA
"vardnessundet_-_maroysundet_0422020600-c","god","middels","ukjent","lav",75,NA
"eidsfjorden_0422020700-c","god","middels","ukjent","lav",75,NA
"kifjorden_0422020802-c","udefinert","middels","god","lav",NA,100
"kjollefjorden_0422020900-c","moderat","lav","darlig","lav",50,0
"oksefjorden_0422021000-c","udefinert","lav","ukjent","lav",NA,NA
"sandfjorden_0422021100-c","udefinert","lav","ukjent","lav",NA,NA
"mehamn_havn_0422021200-2-c","god","lav","darlig","lav",75,0
"mehamnsfjorden_0422021200-3-c","udefinert","lav","ukjent","lav",NA,NA
"vevikneset_0422021200-7-c","udefinert","lav","ukjent","lav",NA,NA
"skittenfjorden_0422021300-c","udefinert","lav","ukjent","lav",NA,NA
"sandfjorden_0422021400-c","udefinert","lav","ukjent","lav",NA,NA
"berlevag_ytre_havn_0423000030-10-c","god","lav","darlig","hoy",75,0
"vardnesodden_-_kjolnes_0423000030-11-c","god","middels","darlig","lav",75,0
"berlevag_indre_havn_0423000030-1-c","moderat","lav","darlig","lav",50,0
"vargvikholmen_0423000030-4-c","udefinert","lav","ukjent","lav",NA,NA
"flintodden_0423000030-7-c","god","lav","ukjent","lav",75,NA
"kjolnes_fyr_-_makkaur_0423000031-c","udefinert","lav","ukjent","lav",NA,NA
"makkaur_-_blodskytodden_0423000032-c","udefinert","lav","ukjent","lav",NA,NA
"risfjorden_0423010100-c","udefinert","lav","ukjent","lav",NA,NA
"koifjorden_0423010200-c","moderat","middels","ukjent","lav",50,NA
"tanafjorden-ytre_0423010300-1-c","moderat","middels","ukjent","lav",50,NA
"tanafjorden-indre_0423010300-2-c","god","lav","darlig","lav",75,0
"rafjorden_0423010600-c","udefinert","lav","ukjent","lav",NA,NA
"hopsfjorden_0423010700-c","udefinert","lav","ukjent","lav",NA,NA
"ramsbergvika_0423010800-c","udefinert","lav","ukjent","lav",NA,NA
"ivarsfjorden_0423010900-c","udefinert","lav","ukjent","lav",NA,NA
"store_skogfjorden_0423011000-c","udefinert","lav","ukjent","lav",NA,NA
"lille_skogfjorden_0423011100-c","udefinert","lav","ukjent","lav",NA,NA
"langfjorden_0423011200-c","moderat","middels","ukjent","lav",50,NA
"vestertana_0423011300-c","udefinert","lav","ukjent","lav",NA,NA
"tarmfjorden_0423011400-c","udefinert","lav","ukjent","lav",NA,NA
"smalfjorden_0423011500-c","udefinert","lav","ukjent","lav",NA,NA
"tanaelva_0423011601-c","udefinert","lav","ukjent","lav",NA,NA
"leirpollen_0423011602-c","god","lav","ukjent","lav",75,NA
"tanaelva-ytre_0423011603-c","udefinert","lav","ukjent","lav",NA,NA
"gulgofjorden_0423011700-c","god","middels","god","hoy",75,100
"strommen_0423020101-c","udefinert","lav","ukjent","lav",NA,NA
"kongsfjorden_0423020102-c","god","lav","darlig","lav",75,0
"batsfjorden-ytre_0423020200-10-c","udefinert","lav","ukjent","lav",NA,NA
"batsfjorden-indre_0423020200-5-c","udefinert","middels","god","lav",NA,100
"batsfjord_ytre_havn_0423020200-6-c","god","lav","darlig","middels",75,0
"neptunbukt_-_foma_0423020200-7-c","moderat","middels","darlig","lav",50,0
"neptunbukta_0423020200-8-c","god","lav","darlig","hoy",75,0
"batsfjord_/_deponi_0423020200-9-c","udefinert","lav","ukjent","lav",NA,NA
"syltefjorden_-_nordfjorden_innenfor_molo_0423020300-1-c","god","middels","god","lav",75,100
"syltefjorden_0423020300-4-c","god","middels","god","lav",75,100
"syltefjorden_-_deponi_0423020300-5-c","udefinert","lav","ukjent","lav",NA,NA
"blodskytodden_-_vardo_fyr_0424000030-c","moderat","lav","ukjent","lav",50,NA
"vardo_fyr_-_kibergneset_0424000031-c","udefinert","lav","ukjent","lav",NA,NA
"ostervagen_0424010100-1-c","udefinert","lav","ukjent","lav",NA,NA
"bussesundet_0424010100-2-c","god","lav","darlig","lav",75,0
"reinoysundet_0424010200-c","god","lav","darlig","hoy",75,0
"bugoynes_havn_0424020100-10-c","moderat","lav","ukjent","lav",50,NA
"ekkeroy_yttersida_0424020100-12-c","god","middels","darlig","lav",75,0
"skittenelv_deponi_0424020100-14-c","udefinert","lav","ukjent","lav",NA,NA
"vadso_-_oya_vest_0424020100-15-c","udefinert","lav","ukjent","lav",NA,NA
"varangerfjorden-indre_norsk-finsk_0424020100-19-c","god","middels","ukjent","lav",75,NA
"varangerfjorden-indre_finnmark_0424020100-20-c","god","middels","ukjent","lav",75,NA
"varangerfjorden-ytre_norsk-finsk_0424020100-21-c","moderat","hoy","darlig","hoy",50,0
"varangerfjorden-ytre_finnmark_0424020100-22-c","god","hoy","god","hoy",75,100
"kiberg_0424020100-4-c","god","lav","darlig","lav",75,0
"vadso_havn_ost_0424020100-7-c","udefinert","lav","ukjent","lav",NA,NA
"vadso_havn_0424020200-c","udefinert","lav","darlig","lav",NA,0
"meskfjorden_0424020300-c","god","lav","ukjent","lav",75,NA
"karlebotn/stuorravuonna_0424020400-c","god","lav","ukjent","lav",75,NA
"bugoyfjorden_0424020500-c","god","middels","ukjent","lav",75,NA
"holmengrafjorden_0424020600-c","god","lav","ukjent","lav",75,NA
"jarfjorden_0424020700-c","god","lav","ukjent","lav",75,NA
"kobbholmfjorden_0424020800-c","god","lav","ukjent","lav",75,NA
"kjofjorden-ytre_0424030100-c","god","middels","god","lav",75,100
"kjofjorden-indre_0424030200-c","god","lav","ukjent","lav",75,NA
"neidenfjorden_0424030300-c","god","lav","ukjent","lav",75,NA
"korsfjorden_0424030400-c","god","middels","ukjent","lav",75,NA
"solferbotn_0424030500-2-c","moderat","lav","ukjent","lav",50,NA
"bokfjorden-ytre_0424030500-3-c","moderat","middels","darlig","lav",50,0
"bokfjorden-midtre_0424030500-5-c","god","middels","darlig","lav",75,0
"langfjorden-indre_0424030601-c","god","lav","ukjent","lav",75,NA
"langfjorden-ytre_0424030602-c","god","middels","darlig","lav",75,0
"bokfjorden-indre_0424030700-1-c","god","lav","ukjent","lav",75,NA
"prestoya_industriomrade_0424030700-2-c","god","lav","ukjent","lav",75,NA
