"","municip_name","municip_numb","year","part_time_occupation","main_occupation"
"1","Alstahaug",1820,"1990",0,2
"2","Alstahaug",1820,"1991",0,4
"3","Alstahaug",1820,"1992",0,6
"4","Alstahaug",1820,"1993",0,5
"5","Alstahaug",1820,"1994",0,4
"6","Alstahaug",1820,"1995",0,5
"7","Alstahaug",1820,"1996",1,5
"8","Alstahaug",1820,"1997",1,5
"9","Alstahaug",1820,"1998",0,4
"10","Alstahaug",1820,"1999",0,4
"11","Alstahaug",1820,"2000",0,5
"12","Alstahaug",1820,"2001",0,4
"13","Alstahaug",1820,"2002",0,2
"14","Alstahaug",1820,"2003",0,2
"15","Alstahaug",1820,"2004",0,1
"16","Alstahaug",1820,"2005",0,1
"17","Alstahaug",1820,"2006",0,1
"18","Alstahaug",1820,"2007",0,2
"19","Alstahaug",1820,"2008",0,1
"20","Alstahaug",1820,"2009",0,1
"21","Alstahaug",1820,"2010",0,2
"22","Alstahaug",1820,"2011",1,2
"23","Alstahaug",1820,"2012",1,3
"24","Alstahaug",1820,"2013",1,1
"25","Alstahaug",1820,"2014",0,1
"26","Alstahaug",1820,"2015",0,1
"27","Alstahaug",1820,"2016",0,1
"28","Alstahaug",1820,"2017",0,1
"29","Alstahaug",1820,"2018",0,2
"30","Alstahaug",1820,"2019",0,1
"31","Alta",2012,"1990",5,5
"32","Alta",2012,"1991",4,6
"33","Alta",2012,"1992",6,7
"34","Alta",2012,"1993",10,6
"35","Alta",2012,"1994",10,7
"36","Alta",2012,"1995",9,4
"37","Alta",2012,"1996",8,4
"38","Alta",2012,"1997",7,5
"39","Alta",2012,"1998",8,6
"40","Alta",2012,"1999",9,6
"41","Alta",2012,"2000",10,6
"42","Alta",2012,"2001",8,4
"43","Alta",2012,"2002",7,4
"44","Alta",2012,"2003",8,5
"45","Alta",2012,"2004",7,4
"46","Alta",2012,"2005",9,3
"47","Alta",2012,"2006",9,6
"48","Alta",2012,"2007",9,6
"49","Alta",2012,"2008",9,7
"50","Alta",2012,"2009",7,7
"51","Alta",2012,"2010",7,5
"52","Alta",2012,"2011",6,5
"53","Alta",2012,"2012",3,5
"54","Alta",2012,"2013",2,3
"55","Alta",2012,"2014",2,4
"56","Alta",2012,"2015",2,3
"57","Alta",2012,"2016",1,5
"58","Alta",2012,"2017",1,5
"59","Alta",2012,"2018",2,5
"60","Alta",2012,"2019",2,6
"61","Andoy",1871,"1990",2,4
"62","Andoy",1871,"1991",2,4
"63","Andoy",1871,"1992",2,4
"64","Andoy",1871,"1993",2,5
"65","Andoy",1871,"1994",2,3
"66","Andoy",1871,"1995",1,4
"67","Andoy",1871,"1996",1,4
"68","Andoy",1871,"1997",1,6
"69","Andoy",1871,"1998",1,3
"70","Andoy",1871,"1999",2,3
"71","Andoy",1871,"2000",2,3
"72","Andoy",1871,"2001",1,2
"73","Andoy",1871,"2002",1,4
"74","Andoy",1871,"2003",4,7
"75","Andoy",1871,"2004",3,8
"76","Andoy",1871,"2005",4,10
"77","Andoy",1871,"2006",4,7
"78","Andoy",1871,"2007",4,5
"79","Andoy",1871,"2008",3,6
"80","Andoy",1871,"2009",2,5
"81","Andoy",1871,"2010",1,6
"82","Andoy",1871,"2011",1,7
"83","Andoy",1871,"2012",1,7
"84","Andoy",1871,"2013",1,7
"85","Andoy",1871,"2014",1,6
"86","Andoy",1871,"2015",1,4
"87","Andoy",1871,"2016",1,4
"88","Andoy",1871,"2017",0,7
"89","Andoy",1871,"2018",0,6
"90","Andoy",1871,"2019",0,3
"91","Ballangen",1854,"1990",0,0
"92","Ballangen",1854,"1991",0,0
"93","Ballangen",1854,"1992",0,0
"94","Ballangen",1854,"1993",0,0
"95","Ballangen",1854,"1994",0,0
"96","Ballangen",1854,"1995",0,0
"97","Ballangen",1854,"1996",0,0
"98","Ballangen",1854,"1997",0,0
"99","Ballangen",1854,"1998",0,0
"100","Ballangen",1854,"1999",0,0
"101","Ballangen",1854,"2000",0,0
"102","Ballangen",1854,"2001",0,0
"103","Ballangen",1854,"2002",0,0
"104","Ballangen",1854,"2003",0,0
"105","Ballangen",1854,"2004",0,0
"106","Ballangen",1854,"2005",0,0
"107","Ballangen",1854,"2006",0,0
"108","Ballangen",1854,"2007",0,0
"109","Ballangen",1854,"2008",0,0
"110","Ballangen",1854,"2009",0,0
"111","Ballangen",1854,"2010",0,0
"112","Ballangen",1854,"2011",0,0
"113","Ballangen",1854,"2012",0,0
"114","Ballangen",1854,"2013",0,0
"115","Ballangen",1854,"2014",0,0
"116","Ballangen",1854,"2015",0,0
"117","Ballangen",1854,"2016",0,0
"118","Ballangen",1854,"2017",0,0
"119","Ballangen",1854,"2018",0,0
"120","Ballangen",1854,"2019",0,0
"121","Balsfjord",1933,"1990",0,7
"122","Balsfjord",1933,"1991",0,3
"123","Balsfjord",1933,"1992",1,3
"124","Balsfjord",1933,"1993",0,5
"125","Balsfjord",1933,"1994",0,9
"126","Balsfjord",1933,"1995",0,6
"127","Balsfjord",1933,"1996",0,6
"128","Balsfjord",1933,"1997",1,5
"129","Balsfjord",1933,"1998",1,4
"130","Balsfjord",1933,"1999",0,6
"131","Balsfjord",1933,"2000",1,3
"132","Balsfjord",1933,"2001",1,2
"133","Balsfjord",1933,"2002",0,0
"134","Balsfjord",1933,"2003",0,0
"135","Balsfjord",1933,"2004",0,1
"136","Balsfjord",1933,"2005",1,1
"137","Balsfjord",1933,"2006",0,1
"138","Balsfjord",1933,"2007",0,1
"139","Balsfjord",1933,"2008",0,1
"140","Balsfjord",1933,"2009",0,2
"141","Balsfjord",1933,"2010",0,0
"142","Balsfjord",1933,"2011",0,0
"143","Balsfjord",1933,"2012",0,0
"144","Balsfjord",1933,"2013",0,0
"145","Balsfjord",1933,"2014",0,1
"146","Balsfjord",1933,"2015",0,1
"147","Balsfjord",1933,"2016",0,1
"148","Balsfjord",1933,"2017",0,2
"149","Balsfjord",1933,"2018",0,2
"150","Balsfjord",1933,"2019",0,2
"151","Batsfjord",2028,"1990",1,3
"152","Batsfjord",2028,"1991",1,3
"153","Batsfjord",2028,"1992",1,3
"154","Batsfjord",2028,"1993",0,3
"155","Batsfjord",2028,"1994",0,2
"156","Batsfjord",2028,"1995",0,2
"157","Batsfjord",2028,"1996",0,3
"158","Batsfjord",2028,"1997",0,3
"159","Batsfjord",2028,"1998",0,2
"160","Batsfjord",2028,"1999",0,2
"161","Batsfjord",2028,"2000",0,2
"162","Batsfjord",2028,"2001",0,2
"163","Batsfjord",2028,"2002",0,1
"164","Batsfjord",2028,"2003",0,1
"165","Batsfjord",2028,"2004",0,1
"166","Batsfjord",2028,"2005",2,1
"167","Batsfjord",2028,"2006",2,1
"168","Batsfjord",2028,"2007",1,0
"169","Batsfjord",2028,"2008",1,0
"170","Batsfjord",2028,"2009",0,1
"171","Batsfjord",2028,"2010",0,1
"172","Batsfjord",2028,"2011",0,1
"173","Batsfjord",2028,"2012",0,1
"174","Batsfjord",2028,"2013",0,2
"175","Batsfjord",2028,"2014",0,2
"176","Batsfjord",2028,"2015",0,1
"177","Batsfjord",2028,"2016",0,1
"178","Batsfjord",2028,"2017",0,1
"179","Batsfjord",2028,"2018",0,1
"180","Batsfjord",2028,"2019",0,0
"181","Berg",1929,"1990",1,0
"182","Berg",1929,"1991",1,0
"183","Berg",1929,"1992",1,1
"184","Berg",1929,"1993",1,1
"185","Berg",1929,"1994",1,2
"186","Berg",1929,"1995",1,1
"187","Berg",1929,"1996",1,1
"188","Berg",1929,"1997",1,0
"189","Berg",1929,"1998",0,0
"190","Berg",1929,"1999",0,0
"191","Berg",1929,"2000",0,0
"192","Berg",1929,"2001",0,1
"193","Berg",1929,"2002",0,1
"194","Berg",1929,"2003",0,0
"195","Berg",1929,"2004",0,0
"196","Berg",1929,"2005",0,0
"197","Berg",1929,"2006",0,0
"198","Berg",1929,"2007",0,0
"199","Berg",1929,"2008",0,0
"200","Berg",1929,"2009",1,0
"201","Berg",1929,"2010",1,0
"202","Berg",1929,"2011",1,0
"203","Berg",1929,"2012",0,0
"204","Berg",1929,"2013",0,0
"205","Berg",1929,"2014",0,1
"206","Berg",1929,"2015",0,1
"207","Berg",1929,"2016",0,1
"208","Berg",1929,"2017",0,0
"209","Berg",1929,"2018",0,0
"210","Berg",1929,"2019",0,0
"211","Berlevag",2024,"1990",0,0
"212","Berlevag",2024,"1991",0,0
"213","Berlevag",2024,"1992",0,0
"214","Berlevag",2024,"1993",0,0
"215","Berlevag",2024,"1994",0,0
"216","Berlevag",2024,"1995",0,0
"217","Berlevag",2024,"1996",0,0
"218","Berlevag",2024,"1997",0,0
"219","Berlevag",2024,"1998",0,0
"220","Berlevag",2024,"1999",0,2
"221","Berlevag",2024,"2000",0,3
"222","Berlevag",2024,"2001",0,3
"223","Berlevag",2024,"2002",0,3
"224","Berlevag",2024,"2003",0,1
"225","Berlevag",2024,"2004",0,0
"226","Berlevag",2024,"2005",0,0
"227","Berlevag",2024,"2006",0,0
"228","Berlevag",2024,"2007",0,0
"229","Berlevag",2024,"2008",1,0
"230","Berlevag",2024,"2009",2,0
"231","Berlevag",2024,"2010",1,1
"232","Berlevag",2024,"2011",0,1
"233","Berlevag",2024,"2012",0,2
"234","Berlevag",2024,"2013",0,2
"235","Berlevag",2024,"2014",0,2
"236","Berlevag",2024,"2015",0,2
"237","Berlevag",2024,"2016",0,2
"238","Berlevag",2024,"2017",0,2
"239","Berlevag",2024,"2018",0,2
"240","Berlevag",2024,"2019",0,2
"241","Bindal",1811,"1990",0,0
"242","Bindal",1811,"1991",0,0
"243","Bindal",1811,"1992",0,0
"244","Bindal",1811,"1993",0,1
"245","Bindal",1811,"1994",0,1
"246","Bindal",1811,"1995",0,2
"247","Bindal",1811,"1996",0,1
"248","Bindal",1811,"1997",0,0
"249","Bindal",1811,"1998",0,0
"250","Bindal",1811,"1999",0,0
"251","Bindal",1811,"2000",0,0
"252","Bindal",1811,"2001",0,0
"253","Bindal",1811,"2002",0,0
"254","Bindal",1811,"2003",0,0
"255","Bindal",1811,"2004",0,0
"256","Bindal",1811,"2005",0,0
"257","Bindal",1811,"2006",0,0
"258","Bindal",1811,"2007",0,0
"259","Bindal",1811,"2008",0,1
"260","Bindal",1811,"2009",0,1
"261","Bindal",1811,"2010",0,1
"262","Bindal",1811,"2011",1,0
"263","Bindal",1811,"2012",0,0
"264","Bindal",1811,"2013",0,0
"265","Bindal",1811,"2014",0,0
"266","Bindal",1811,"2015",0,0
"267","Bindal",1811,"2016",0,0
"268","Bindal",1811,"2017",0,0
"269","Bindal",1811,"2018",0,0
"270","Bindal",1811,"2019",0,0
"271","Bo",1867,"1990",0,4
"272","Bo",1867,"1991",0,1
"273","Bo",1867,"1992",0,2
"274","Bo",1867,"1993",0,3
"275","Bo",1867,"1994",0,2
"276","Bo",1867,"1995",0,3
"277","Bo",1867,"1996",0,2
"278","Bo",1867,"1997",0,2
"279","Bo",1867,"1998",0,1
"280","Bo",1867,"1999",0,2
"281","Bo",1867,"2000",0,0
"282","Bo",1867,"2001",0,0
"283","Bo",1867,"2002",0,0
"284","Bo",1867,"2003",0,0
"285","Bo",1867,"2004",1,0
"286","Bo",1867,"2005",1,0
"287","Bo",1867,"2006",1,0
"288","Bo",1867,"2007",0,0
"289","Bo",1867,"2008",0,0
"290","Bo",1867,"2009",0,0
"291","Bo",1867,"2010",0,1
"292","Bo",1867,"2011",0,1
"293","Bo",1867,"2012",0,1
"294","Bo",1867,"2013",0,3
"295","Bo",1867,"2014",0,4
"296","Bo",1867,"2015",0,3
"297","Bo",1867,"2016",0,2
"298","Bo",1867,"2017",0,2
"299","Bo",1867,"2018",0,2
"300","Bo",1867,"2019",0,2
"301","Bodo",1804,"1990",0,3
"302","Bodo",1804,"1991",0,3
"303","Bodo",1804,"1992",1,2
"304","Bodo",1804,"1993",2,4
"305","Bodo",1804,"1994",1,5
"306","Bodo",1804,"1995",1,5
"307","Bodo",1804,"1996",1,6
"308","Bodo",1804,"1997",3,3
"309","Bodo",1804,"1998",3,3
"310","Bodo",1804,"1999",3,3
"311","Bodo",1804,"2000",3,3
"312","Bodo",1804,"2001",3,2
"313","Bodo",1804,"2002",3,2
"314","Bodo",1804,"2003",0,2
"315","Bodo",1804,"2004",2,2
"316","Bodo",1804,"2005",1,3
"317","Bodo",1804,"2006",1,2
"318","Bodo",1804,"2007",1,1
"319","Bodo",1804,"2008",1,1
"320","Bodo",1804,"2009",1,2
"321","Bodo",1804,"2010",2,1
"322","Bodo",1804,"2011",2,0
"323","Bodo",1804,"2012",2,1
"324","Bodo",1804,"2013",2,1
"325","Bodo",1804,"2014",1,2
"326","Bodo",1804,"2015",1,3
"327","Bodo",1804,"2016",2,3
"328","Bodo",1804,"2017",2,3
"329","Bodo",1804,"2018",1,3
"330","Bodo",1804,"2019",1,5
"331","Bronnoy",1813,"1990",1,1
"332","Bronnoy",1813,"1991",0,1
"333","Bronnoy",1813,"1992",0,2
"334","Bronnoy",1813,"1993",0,2
"335","Bronnoy",1813,"1994",0,3
"336","Bronnoy",1813,"1995",0,3
"337","Bronnoy",1813,"1996",0,3
"338","Bronnoy",1813,"1997",0,2
"339","Bronnoy",1813,"1998",0,1
"340","Bronnoy",1813,"1999",0,1
"341","Bronnoy",1813,"2000",0,1
"342","Bronnoy",1813,"2001",0,1
"343","Bronnoy",1813,"2002",0,1
"344","Bronnoy",1813,"2003",0,1
"345","Bronnoy",1813,"2004",0,2
"346","Bronnoy",1813,"2005",0,1
"347","Bronnoy",1813,"2006",0,1
"348","Bronnoy",1813,"2007",0,1
"349","Bronnoy",1813,"2008",0,1
"350","Bronnoy",1813,"2009",0,1
"351","Bronnoy",1813,"2010",0,1
"352","Bronnoy",1813,"2011",0,1
"353","Bronnoy",1813,"2012",0,1
"354","Bronnoy",1813,"2013",0,1
"355","Bronnoy",1813,"2014",0,2
"356","Bronnoy",1813,"2015",1,2
"357","Bronnoy",1813,"2016",3,1
"358","Bronnoy",1813,"2017",3,2
"359","Bronnoy",1813,"2018",4,2
"360","Bronnoy",1813,"2019",4,2
"361","Donna",1827,"1990",1,0
"362","Donna",1827,"1991",0,0
"363","Donna",1827,"1992",0,0
"364","Donna",1827,"1993",0,0
"365","Donna",1827,"1994",0,0
"366","Donna",1827,"1995",0,0
"367","Donna",1827,"1996",0,0
"368","Donna",1827,"1997",0,2
"369","Donna",1827,"1998",1,1
"370","Donna",1827,"1999",1,0
"371","Donna",1827,"2000",0,1
"372","Donna",1827,"2001",0,1
"373","Donna",1827,"2002",0,1
"374","Donna",1827,"2003",0,1
"375","Donna",1827,"2004",0,2
"376","Donna",1827,"2005",0,1
"377","Donna",1827,"2006",0,1
"378","Donna",1827,"2007",0,0
"379","Donna",1827,"2008",0,0
"380","Donna",1827,"2009",0,0
"381","Donna",1827,"2010",0,0
"382","Donna",1827,"2011",0,0
"383","Donna",1827,"2012",0,0
"384","Donna",1827,"2013",0,0
"385","Donna",1827,"2014",0,0
"386","Donna",1827,"2015",0,0
"387","Donna",1827,"2016",0,0
"388","Donna",1827,"2017",0,0
"389","Donna",1827,"2018",0,0
"390","Donna",1827,"2019",0,0
"391","Dyroy",1926,"1990",0,1
"392","Dyroy",1926,"1991",0,2
"393","Dyroy",1926,"1992",0,2
"394","Dyroy",1926,"1993",0,2
"395","Dyroy",1926,"1994",0,1
"396","Dyroy",1926,"1995",0,2
"397","Dyroy",1926,"1996",0,1
"398","Dyroy",1926,"1997",0,1
"399","Dyroy",1926,"1998",0,1
"400","Dyroy",1926,"1999",0,1
"401","Dyroy",1926,"2000",1,0
"402","Dyroy",1926,"2001",1,0
"403","Dyroy",1926,"2002",1,1
"404","Dyroy",1926,"2003",1,0
"405","Dyroy",1926,"2004",0,0
"406","Dyroy",1926,"2005",1,0
"407","Dyroy",1926,"2006",0,0
"408","Dyroy",1926,"2007",0,0
"409","Dyroy",1926,"2008",0,0
"410","Dyroy",1926,"2009",0,0
"411","Dyroy",1926,"2010",0,0
"412","Dyroy",1926,"2011",0,0
"413","Dyroy",1926,"2012",0,0
"414","Dyroy",1926,"2013",0,0
"415","Dyroy",1926,"2014",0,0
"416","Dyroy",1926,"2015",0,0
"417","Dyroy",1926,"2016",0,0
"418","Dyroy",1926,"2017",0,0
"419","Dyroy",1926,"2018",0,0
"420","Dyroy",1926,"2019",0,0
"421","Evenes",1853,"1990",0,0
"422","Evenes",1853,"1991",0,0
"423","Evenes",1853,"1992",0,0
"424","Evenes",1853,"1993",0,0
"425","Evenes",1853,"1994",0,0
"426","Evenes",1853,"1995",0,0
"427","Evenes",1853,"1996",0,0
"428","Evenes",1853,"1997",0,0
"429","Evenes",1853,"1998",0,0
"430","Evenes",1853,"1999",0,0
"431","Evenes",1853,"2000",0,0
"432","Evenes",1853,"2001",0,0
"433","Evenes",1853,"2002",0,0
"434","Evenes",1853,"2003",0,0
"435","Evenes",1853,"2004",0,0
"436","Evenes",1853,"2005",0,0
"437","Evenes",1853,"2006",0,0
"438","Evenes",1853,"2007",0,0
"439","Evenes",1853,"2008",0,0
"440","Evenes",1853,"2009",0,0
"441","Evenes",1853,"2010",0,0
"442","Evenes",1853,"2011",0,0
"443","Evenes",1853,"2012",0,0
"444","Evenes",1853,"2013",0,0
"445","Evenes",1853,"2014",0,0
"446","Evenes",1853,"2015",0,0
"447","Evenes",1853,"2016",0,0
"448","Evenes",1853,"2017",0,0
"449","Evenes",1853,"2018",0,0
"450","Evenes",1853,"2019",0,0
"451","Fauske",1841,"1990",0,0
"452","Fauske",1841,"1991",0,0
"453","Fauske",1841,"1992",0,0
"454","Fauske",1841,"1993",0,0
"455","Fauske",1841,"1994",0,0
"456","Fauske",1841,"1995",0,0
"457","Fauske",1841,"1996",0,0
"458","Fauske",1841,"1997",1,2
"459","Fauske",1841,"1998",0,1
"460","Fauske",1841,"1999",0,2
"461","Fauske",1841,"2000",0,2
"462","Fauske",1841,"2001",0,3
"463","Fauske",1841,"2002",0,2
"464","Fauske",1841,"2003",0,0
"465","Fauske",1841,"2004",0,0
"466","Fauske",1841,"2005",0,0
"467","Fauske",1841,"2006",0,1
"468","Fauske",1841,"2007",0,0
"469","Fauske",1841,"2008",0,0
"470","Fauske",1841,"2009",0,0
"471","Fauske",1841,"2010",0,0
"472","Fauske",1841,"2011",0,0
"473","Fauske",1841,"2012",0,0
"474","Fauske",1841,"2013",0,0
"475","Fauske",1841,"2014",0,0
"476","Fauske",1841,"2015",0,0
"477","Fauske",1841,"2016",0,0
"478","Fauske",1841,"2017",0,0
"479","Fauske",1841,"2018",0,0
"480","Fauske",1841,"2019",0,0
"481","Flakstad",1859,"1990",2,10
"482","Flakstad",1859,"1991",0,12
"483","Flakstad",1859,"1992",0,13
"484","Flakstad",1859,"1993",1,9
"485","Flakstad",1859,"1994",3,6
"486","Flakstad",1859,"1995",2,6
"487","Flakstad",1859,"1996",1,7
"488","Flakstad",1859,"1997",0,6
"489","Flakstad",1859,"1998",1,9
"490","Flakstad",1859,"1999",3,7
"491","Flakstad",1859,"2000",3,7
"492","Flakstad",1859,"2001",2,6
"493","Flakstad",1859,"2002",2,7
"494","Flakstad",1859,"2003",2,11
"495","Flakstad",1859,"2004",3,10
"496","Flakstad",1859,"2005",3,9
"497","Flakstad",1859,"2006",1,10
"498","Flakstad",1859,"2007",2,11
"499","Flakstad",1859,"2008",2,11
"500","Flakstad",1859,"2009",2,12
"501","Flakstad",1859,"2010",1,13
"502","Flakstad",1859,"2011",1,13
"503","Flakstad",1859,"2012",1,12
"504","Flakstad",1859,"2013",1,10
"505","Flakstad",1859,"2014",0,8
"506","Flakstad",1859,"2015",1,6
"507","Flakstad",1859,"2016",2,6
"508","Flakstad",1859,"2017",1,6
"509","Flakstad",1859,"2018",1,7
"510","Flakstad",1859,"2019",2,6
"511","Gamvik",2023,"1990",0,6
"512","Gamvik",2023,"1991",0,5
"513","Gamvik",2023,"1992",0,5
"514","Gamvik",2023,"1993",0,4
"515","Gamvik",2023,"1994",1,3
"516","Gamvik",2023,"1995",1,2
"517","Gamvik",2023,"1996",1,2
"518","Gamvik",2023,"1997",2,2
"519","Gamvik",2023,"1998",2,0
"520","Gamvik",2023,"1999",2,0
"521","Gamvik",2023,"2000",1,0
"522","Gamvik",2023,"2001",1,0
"523","Gamvik",2023,"2002",3,1
"524","Gamvik",2023,"2003",5,3
"525","Gamvik",2023,"2004",5,3
"526","Gamvik",2023,"2005",5,2
"527","Gamvik",2023,"2006",2,4
"528","Gamvik",2023,"2007",1,4
"529","Gamvik",2023,"2008",2,4
"530","Gamvik",2023,"2009",1,5
"531","Gamvik",2023,"2010",1,5
"532","Gamvik",2023,"2011",0,5
"533","Gamvik",2023,"2012",0,7
"534","Gamvik",2023,"2013",0,6
"535","Gamvik",2023,"2014",0,7
"536","Gamvik",2023,"2015",0,7
"537","Gamvik",2023,"2016",0,9
"538","Gamvik",2023,"2017",0,9
"539","Gamvik",2023,"2018",0,10
"540","Gamvik",2023,"2019",2,11
"541","Gildeskal",1838,"1990",0,0
"542","Gildeskal",1838,"1991",0,0
"543","Gildeskal",1838,"1992",0,2
"544","Gildeskal",1838,"1993",0,2
"545","Gildeskal",1838,"1994",0,3
"546","Gildeskal",1838,"1995",0,2
"547","Gildeskal",1838,"1996",1,1
"548","Gildeskal",1838,"1997",1,1
"549","Gildeskal",1838,"1998",1,0
"550","Gildeskal",1838,"1999",1,0
"551","Gildeskal",1838,"2000",0,0
"552","Gildeskal",1838,"2001",0,0
"553","Gildeskal",1838,"2002",0,0
"554","Gildeskal",1838,"2003",0,1
"555","Gildeskal",1838,"2004",0,0
"556","Gildeskal",1838,"2005",0,0
"557","Gildeskal",1838,"2006",0,0
"558","Gildeskal",1838,"2007",0,0
"559","Gildeskal",1838,"2008",2,0
"560","Gildeskal",1838,"2009",2,0
"561","Gildeskal",1838,"2010",2,0
"562","Gildeskal",1838,"2011",0,0
"563","Gildeskal",1838,"2012",0,0
"564","Gildeskal",1838,"2013",0,0
"565","Gildeskal",1838,"2014",0,0
"566","Gildeskal",1838,"2015",0,0
"567","Gildeskal",1838,"2016",0,0
"568","Gildeskal",1838,"2017",0,1
"569","Gildeskal",1838,"2018",0,0
"570","Gildeskal",1838,"2019",0,1
"571","Gratangen",1919,"1990",0,0
"572","Gratangen",1919,"1991",0,1
"573","Gratangen",1919,"1992",0,1
"574","Gratangen",1919,"1993",0,1
"575","Gratangen",1919,"1994",0,0
"576","Gratangen",1919,"1995",0,0
"577","Gratangen",1919,"1996",0,0
"578","Gratangen",1919,"1997",0,0
"579","Gratangen",1919,"1998",0,0
"580","Gratangen",1919,"1999",0,1
"581","Gratangen",1919,"2000",0,3
"582","Gratangen",1919,"2001",0,1
"583","Gratangen",1919,"2002",0,1
"584","Gratangen",1919,"2003",0,0
"585","Gratangen",1919,"2004",0,0
"586","Gratangen",1919,"2005",0,0
"587","Gratangen",1919,"2006",1,0
"588","Gratangen",1919,"2007",1,0
"589","Gratangen",1919,"2008",0,0
"590","Gratangen",1919,"2009",0,0
"591","Gratangen",1919,"2010",0,0
"592","Gratangen",1919,"2011",0,0
"593","Gratangen",1919,"2012",0,0
"594","Gratangen",1919,"2013",0,1
"595","Gratangen",1919,"2014",0,1
"596","Gratangen",1919,"2015",0,1
"597","Gratangen",1919,"2016",1,0
"598","Gratangen",1919,"2017",0,0
"599","Gratangen",1919,"2018",0,0
"600","Gratangen",1919,"2019",0,0
"601","Hadsel",1866,"1990",0,4
"602","Hadsel",1866,"1991",2,5
"603","Hadsel",1866,"1992",1,5
"604","Hadsel",1866,"1993",1,5
"605","Hadsel",1866,"1994",1,2
"606","Hadsel",1866,"1995",2,1
"607","Hadsel",1866,"1996",2,3
"608","Hadsel",1866,"1997",2,3
"609","Hadsel",1866,"1998",1,4
"610","Hadsel",1866,"1999",1,3
"611","Hadsel",1866,"2000",1,2
"612","Hadsel",1866,"2001",1,2
"613","Hadsel",1866,"2002",1,3
"614","Hadsel",1866,"2003",1,3
"615","Hadsel",1866,"2004",0,2
"616","Hadsel",1866,"2005",0,2
"617","Hadsel",1866,"2006",0,2
"618","Hadsel",1866,"2007",0,0
"619","Hadsel",1866,"2008",0,0
"620","Hadsel",1866,"2009",1,0
"621","Hadsel",1866,"2010",1,0
"622","Hadsel",1866,"2011",0,0
"623","Hadsel",1866,"2012",0,0
"624","Hadsel",1866,"2013",0,1
"625","Hadsel",1866,"2014",0,2
"626","Hadsel",1866,"2015",1,0
"627","Hadsel",1866,"2016",2,1
"628","Hadsel",1866,"2017",0,2
"629","Hadsel",1866,"2018",0,2
"630","Hadsel",1866,"2019",0,2
"631","Hamaroy",1849,"1990",1,1
"632","Hamaroy",1849,"1991",1,1
"633","Hamaroy",1849,"1992",0,2
"634","Hamaroy",1849,"1993",0,2
"635","Hamaroy",1849,"1994",0,1
"636","Hamaroy",1849,"1995",0,1
"637","Hamaroy",1849,"1996",0,1
"638","Hamaroy",1849,"1997",0,1
"639","Hamaroy",1849,"1998",0,1
"640","Hamaroy",1849,"1999",0,1
"641","Hamaroy",1849,"2000",0,1
"642","Hamaroy",1849,"2001",0,2
"643","Hamaroy",1849,"2002",0,2
"644","Hamaroy",1849,"2003",0,2
"645","Hamaroy",1849,"2004",1,2
"646","Hamaroy",1849,"2005",1,1
"647","Hamaroy",1849,"2006",1,1
"648","Hamaroy",1849,"2007",0,1
"649","Hamaroy",1849,"2008",0,1
"650","Hamaroy",1849,"2009",0,0
"651","Hamaroy",1849,"2010",0,0
"652","Hamaroy",1849,"2011",0,0
"653","Hamaroy",1849,"2012",0,0
"654","Hamaroy",1849,"2013",0,0
"655","Hamaroy",1849,"2014",0,0
"656","Hamaroy",1849,"2015",0,0
"657","Hamaroy",1849,"2016",0,0
"658","Hamaroy",1849,"2017",0,0
"659","Hamaroy",1849,"2018",1,0
"660","Hamaroy",1849,"2019",0,2
"661","Hammerfest",2004,"1990",3,1
"662","Hammerfest",2004,"1991",1,5
"663","Hammerfest",2004,"1992",1,5
"664","Hammerfest",2004,"1993",1,5
"665","Hammerfest",2004,"1994",1,4
"666","Hammerfest",2004,"1995",1,6
"667","Hammerfest",2004,"1996",1,3
"668","Hammerfest",2004,"1997",1,3
"669","Hammerfest",2004,"1998",1,2
"670","Hammerfest",2004,"1999",0,3
"671","Hammerfest",2004,"2000",0,3
"672","Hammerfest",2004,"2001",1,2
"673","Hammerfest",2004,"2002",2,3
"674","Hammerfest",2004,"2003",1,2
"675","Hammerfest",2004,"2004",0,2
"676","Hammerfest",2004,"2005",0,1
"677","Hammerfest",2004,"2006",0,1
"678","Hammerfest",2004,"2007",0,1
"679","Hammerfest",2004,"2008",0,2
"680","Hammerfest",2004,"2009",0,3
"681","Hammerfest",2004,"2010",0,1
"682","Hammerfest",2004,"2011",0,1
"683","Hammerfest",2004,"2012",0,1
"684","Hammerfest",2004,"2013",1,2
"685","Hammerfest",2004,"2014",1,1
"686","Hammerfest",2004,"2015",1,2
"687","Hammerfest",2004,"2016",1,2
"688","Hammerfest",2004,"2017",1,3
"689","Hammerfest",2004,"2018",1,1
"690","Hammerfest",2004,"2019",0,2
"691","Harstad",1903,"1990",3,4
"692","Harstad",1903,"1991",3,9
"693","Harstad",1903,"1992",3,9
"694","Harstad",1903,"1993",4,10
"695","Harstad",1903,"1994",4,7
"696","Harstad",1903,"1995",5,7
"697","Harstad",1903,"1996",6,8
"698","Harstad",1903,"1997",6,7
"699","Harstad",1903,"1998",5,7
"700","Harstad",1903,"1999",5,2
"701","Harstad",1903,"2000",5,1
"702","Harstad",1903,"2001",5,1
"703","Harstad",1903,"2002",4,3
"704","Harstad",1903,"2003",5,3
"705","Harstad",1903,"2004",1,3
"706","Harstad",1903,"2005",0,2
"707","Harstad",1903,"2006",0,2
"708","Harstad",1903,"2007",0,1
"709","Harstad",1903,"2008",1,0
"710","Harstad",1903,"2009",1,2
"711","Harstad",1903,"2010",1,2
"712","Harstad",1903,"2011",1,2
"713","Harstad",1903,"2012",0,1
"714","Harstad",1903,"2013",0,3
"715","Harstad",1903,"2014",0,4
"716","Harstad",1903,"2015",0,4
"717","Harstad",1903,"2016",0,4
"718","Harstad",1903,"2017",0,3
"719","Harstad",1903,"2018",0,1
"720","Harstad",1903,"2019",0,0
"721","Hasvik",2015,"1990",0,9
"722","Hasvik",2015,"1991",0,8
"723","Hasvik",2015,"1992",0,7
"724","Hasvik",2015,"1993",0,7
"725","Hasvik",2015,"1994",0,4
"726","Hasvik",2015,"1995",0,3
"727","Hasvik",2015,"1996",0,2
"728","Hasvik",2015,"1997",0,2
"729","Hasvik",2015,"1998",0,2
"730","Hasvik",2015,"1999",0,2
"731","Hasvik",2015,"2000",0,2
"732","Hasvik",2015,"2001",0,2
"733","Hasvik",2015,"2002",0,3
"734","Hasvik",2015,"2003",0,2
"735","Hasvik",2015,"2004",0,2
"736","Hasvik",2015,"2005",0,3
"737","Hasvik",2015,"2006",1,3
"738","Hasvik",2015,"2007",0,3
"739","Hasvik",2015,"2008",1,2
"740","Hasvik",2015,"2009",1,2
"741","Hasvik",2015,"2010",1,2
"742","Hasvik",2015,"2011",1,1
"743","Hasvik",2015,"2012",1,1
"744","Hasvik",2015,"2013",0,1
"745","Hasvik",2015,"2014",0,1
"746","Hasvik",2015,"2015",0,1
"747","Hasvik",2015,"2016",0,3
"748","Hasvik",2015,"2017",1,3
"749","Hasvik",2015,"2018",1,3
"750","Hasvik",2015,"2019",0,3
"751","Hemnes",1832,"1990",0,1
"752","Hemnes",1832,"1991",0,1
"753","Hemnes",1832,"1992",0,0
"754","Hemnes",1832,"1993",0,0
"755","Hemnes",1832,"1994",0,0
"756","Hemnes",1832,"1995",0,0
"757","Hemnes",1832,"1996",0,0
"758","Hemnes",1832,"1997",0,0
"759","Hemnes",1832,"1998",0,0
"760","Hemnes",1832,"1999",0,0
"761","Hemnes",1832,"2000",0,1
"762","Hemnes",1832,"2001",0,0
"763","Hemnes",1832,"2002",0,0
"764","Hemnes",1832,"2003",0,0
"765","Hemnes",1832,"2004",0,0
"766","Hemnes",1832,"2005",0,0
"767","Hemnes",1832,"2006",0,0
"768","Hemnes",1832,"2007",0,0
"769","Hemnes",1832,"2008",0,0
"770","Hemnes",1832,"2009",0,0
"771","Hemnes",1832,"2010",0,0
"772","Hemnes",1832,"2011",0,0
"773","Hemnes",1832,"2012",0,0
"774","Hemnes",1832,"2013",0,0
"775","Hemnes",1832,"2014",0,0
"776","Hemnes",1832,"2015",0,0
"777","Hemnes",1832,"2016",0,0
"778","Hemnes",1832,"2017",0,0
"779","Hemnes",1832,"2018",0,0
"780","Hemnes",1832,"2019",0,0
"781","Heroy",1818,"1990",0,5
"782","Heroy",1818,"1991",1,4
"783","Heroy",1818,"1992",2,2
"784","Heroy",1818,"1993",0,2
"785","Heroy",1818,"1994",0,2
"786","Heroy",1818,"1995",0,2
"787","Heroy",1818,"1996",0,3
"788","Heroy",1818,"1997",1,0
"789","Heroy",1818,"1998",0,0
"790","Heroy",1818,"1999",0,1
"791","Heroy",1818,"2000",0,1
"792","Heroy",1818,"2001",0,1
"793","Heroy",1818,"2002",0,2
"794","Heroy",1818,"2003",0,1
"795","Heroy",1818,"2004",0,1
"796","Heroy",1818,"2005",0,1
"797","Heroy",1818,"2006",1,2
"798","Heroy",1818,"2007",1,2
"799","Heroy",1818,"2008",0,2
"800","Heroy",1818,"2009",0,3
"801","Heroy",1818,"2010",0,3
"802","Heroy",1818,"2011",0,3
"803","Heroy",1818,"2012",0,2
"804","Heroy",1818,"2013",0,2
"805","Heroy",1818,"2014",0,1
"806","Heroy",1818,"2015",0,1
"807","Heroy",1818,"2016",0,2
"808","Heroy",1818,"2017",0,2
"809","Heroy",1818,"2018",0,4
"810","Heroy",1818,"2019",0,4
"811","Ibestad",1917,"1990",1,0
"812","Ibestad",1917,"1991",1,0
"813","Ibestad",1917,"1992",1,1
"814","Ibestad",1917,"1993",1,1
"815","Ibestad",1917,"1994",1,0
"816","Ibestad",1917,"1995",1,0
"817","Ibestad",1917,"1996",1,1
"818","Ibestad",1917,"1997",1,2
"819","Ibestad",1917,"1998",1,1
"820","Ibestad",1917,"1999",1,1
"821","Ibestad",1917,"2000",1,0
"822","Ibestad",1917,"2001",1,0
"823","Ibestad",1917,"2002",1,1
"824","Ibestad",1917,"2003",1,1
"825","Ibestad",1917,"2004",1,0
"826","Ibestad",1917,"2005",1,0
"827","Ibestad",1917,"2006",1,0
"828","Ibestad",1917,"2007",1,0
"829","Ibestad",1917,"2008",1,0
"830","Ibestad",1917,"2009",1,0
"831","Ibestad",1917,"2010",1,0
"832","Ibestad",1917,"2011",1,0
"833","Ibestad",1917,"2012",0,0
"834","Ibestad",1917,"2013",0,0
"835","Ibestad",1917,"2014",0,0
"836","Ibestad",1917,"2015",0,0
"837","Ibestad",1917,"2016",0,0
"838","Ibestad",1917,"2017",0,0
"839","Ibestad",1917,"2018",0,0
"840","Ibestad",1917,"2019",0,0
"841","Kafjord",1940,"1990",0,1
"842","Kafjord",1940,"1991",0,0
"843","Kafjord",1940,"1992",1,0
"844","Kafjord",1940,"1993",1,0
"845","Kafjord",1940,"1994",1,1
"846","Kafjord",1940,"1995",1,1
"847","Kafjord",1940,"1996",1,1
"848","Kafjord",1940,"1997",1,0
"849","Kafjord",1940,"1998",1,0
"850","Kafjord",1940,"1999",1,0
"851","Kafjord",1940,"2000",1,0
"852","Kafjord",1940,"2001",2,0
"853","Kafjord",1940,"2002",0,1
"854","Kafjord",1940,"2003",1,1
"855","Kafjord",1940,"2004",1,1
"856","Kafjord",1940,"2005",1,1
"857","Kafjord",1940,"2006",1,0
"858","Kafjord",1940,"2007",1,1
"859","Kafjord",1940,"2008",1,0
"860","Kafjord",1940,"2009",1,0
"861","Kafjord",1940,"2010",1,0
"862","Kafjord",1940,"2011",1,0
"863","Kafjord",1940,"2012",1,0
"864","Kafjord",1940,"2013",1,0
"865","Kafjord",1940,"2014",0,0
"866","Kafjord",1940,"2015",0,0
"867","Kafjord",1940,"2016",0,0
"868","Kafjord",1940,"2017",1,0
"869","Kafjord",1940,"2018",1,0
"870","Kafjord",1940,"2019",1,0
"871","Karlsoy",1936,"1990",0,11
"872","Karlsoy",1936,"1991",0,11
"873","Karlsoy",1936,"1992",0,10
"874","Karlsoy",1936,"1993",3,14
"875","Karlsoy",1936,"1994",4,10
"876","Karlsoy",1936,"1995",3,9
"877","Karlsoy",1936,"1996",3,10
"878","Karlsoy",1936,"1997",3,8
"879","Karlsoy",1936,"1998",2,9
"880","Karlsoy",1936,"1999",5,9
"881","Karlsoy",1936,"2000",7,8
"882","Karlsoy",1936,"2001",13,9
"883","Karlsoy",1936,"2002",14,8
"884","Karlsoy",1936,"2003",16,8
"885","Karlsoy",1936,"2004",11,6
"886","Karlsoy",1936,"2005",11,6
"887","Karlsoy",1936,"2006",9,6
"888","Karlsoy",1936,"2007",10,7
"889","Karlsoy",1936,"2008",8,8
"890","Karlsoy",1936,"2009",8,8
"891","Karlsoy",1936,"2010",3,5
"892","Karlsoy",1936,"2011",3,5
"893","Karlsoy",1936,"2012",2,5
"894","Karlsoy",1936,"2013",1,5
"895","Karlsoy",1936,"2014",1,4
"896","Karlsoy",1936,"2015",0,3
"897","Karlsoy",1936,"2016",0,4
"898","Karlsoy",1936,"2017",1,4
"899","Karlsoy",1936,"2018",1,3
"900","Karlsoy",1936,"2019",1,3
"901","Kvaefjord",1911,"1990",4,0
"902","Kvaefjord",1911,"1991",4,1
"903","Kvaefjord",1911,"1992",4,1
"904","Kvaefjord",1911,"1993",4,1
"905","Kvaefjord",1911,"1994",4,1
"906","Kvaefjord",1911,"1995",4,2
"907","Kvaefjord",1911,"1996",2,3
"908","Kvaefjord",1911,"1997",2,3
"909","Kvaefjord",1911,"1998",1,2
"910","Kvaefjord",1911,"1999",2,3
"911","Kvaefjord",1911,"2000",1,2
"912","Kvaefjord",1911,"2001",1,2
"913","Kvaefjord",1911,"2002",0,3
"914","Kvaefjord",1911,"2003",0,3
"915","Kvaefjord",1911,"2004",0,3
"916","Kvaefjord",1911,"2005",0,2
"917","Kvaefjord",1911,"2006",0,2
"918","Kvaefjord",1911,"2007",0,2
"919","Kvaefjord",1911,"2008",0,2
"920","Kvaefjord",1911,"2009",0,2
"921","Kvaefjord",1911,"2010",0,2
"922","Kvaefjord",1911,"2011",0,2
"923","Kvaefjord",1911,"2012",0,1
"924","Kvaefjord",1911,"2013",1,0
"925","Kvaefjord",1911,"2014",0,0
"926","Kvaefjord",1911,"2015",0,0
"927","Kvaefjord",1911,"2016",0,0
"928","Kvaefjord",1911,"2017",0,0
"929","Kvaefjord",1911,"2018",0,0
"930","Kvaefjord",1911,"2019",0,0
"931","Kvaenangen",1943,"1990",1,1
"932","Kvaenangen",1943,"1991",2,1
"933","Kvaenangen",1943,"1992",3,2
"934","Kvaenangen",1943,"1993",2,3
"935","Kvaenangen",1943,"1994",2,2
"936","Kvaenangen",1943,"1995",3,3
"937","Kvaenangen",1943,"1996",3,4
"938","Kvaenangen",1943,"1997",1,4
"939","Kvaenangen",1943,"1998",1,4
"940","Kvaenangen",1943,"1999",1,4
"941","Kvaenangen",1943,"2000",3,2
"942","Kvaenangen",1943,"2001",2,2
"943","Kvaenangen",1943,"2002",1,3
"944","Kvaenangen",1943,"2003",2,2
"945","Kvaenangen",1943,"2004",3,2
"946","Kvaenangen",1943,"2005",3,2
"947","Kvaenangen",1943,"2006",2,2
"948","Kvaenangen",1943,"2007",1,2
"949","Kvaenangen",1943,"2008",1,2
"950","Kvaenangen",1943,"2009",1,2
"951","Kvaenangen",1943,"2010",1,2
"952","Kvaenangen",1943,"2011",2,1
"953","Kvaenangen",1943,"2012",2,1
"954","Kvaenangen",1943,"2013",2,1
"955","Kvaenangen",1943,"2014",2,1
"956","Kvaenangen",1943,"2015",1,0
"957","Kvaenangen",1943,"2016",1,0
"958","Kvaenangen",1943,"2017",1,0
"959","Kvaenangen",1943,"2018",1,0
"960","Kvaenangen",1943,"2019",1,0
"961","Kvalsund",2017,"1990",0,0
"962","Kvalsund",2017,"1991",0,0
"963","Kvalsund",2017,"1992",0,0
"964","Kvalsund",2017,"1993",0,1
"965","Kvalsund",2017,"1994",0,1
"966","Kvalsund",2017,"1995",0,1
"967","Kvalsund",2017,"1996",1,0
"968","Kvalsund",2017,"1997",1,0
"969","Kvalsund",2017,"1998",2,0
"970","Kvalsund",2017,"1999",1,0
"971","Kvalsund",2017,"2000",1,0
"972","Kvalsund",2017,"2001",1,0
"973","Kvalsund",2017,"2002",0,0
"974","Kvalsund",2017,"2003",0,0
"975","Kvalsund",2017,"2004",0,0
"976","Kvalsund",2017,"2005",0,0
"977","Kvalsund",2017,"2006",0,0
"978","Kvalsund",2017,"2007",0,0
"979","Kvalsund",2017,"2008",0,1
"980","Kvalsund",2017,"2009",0,1
"981","Kvalsund",2017,"2010",0,0
"982","Kvalsund",2017,"2011",0,1
"983","Kvalsund",2017,"2012",0,1
"984","Kvalsund",2017,"2013",0,1
"985","Kvalsund",2017,"2014",0,1
"986","Kvalsund",2017,"2015",0,1
"987","Kvalsund",2017,"2016",0,1
"988","Kvalsund",2017,"2017",0,1
"989","Kvalsund",2017,"2018",0,1
"990","Kvalsund",2017,"2019",0,1
"991","Lavangen",1920,"1990",0,0
"992","Lavangen",1920,"1991",0,0
"993","Lavangen",1920,"1992",0,0
"994","Lavangen",1920,"1993",0,0
"995","Lavangen",1920,"1994",0,0
"996","Lavangen",1920,"1995",0,0
"997","Lavangen",1920,"1996",0,0
"998","Lavangen",1920,"1997",0,0
"999","Lavangen",1920,"1998",0,0
"1000","Lavangen",1920,"1999",0,0
"1001","Lavangen",1920,"2000",0,0
"1002","Lavangen",1920,"2001",0,0
"1003","Lavangen",1920,"2002",0,0
"1004","Lavangen",1920,"2003",0,0
"1005","Lavangen",1920,"2004",0,0
"1006","Lavangen",1920,"2005",0,0
"1007","Lavangen",1920,"2006",0,0
"1008","Lavangen",1920,"2007",0,0
"1009","Lavangen",1920,"2008",0,0
"1010","Lavangen",1920,"2009",0,0
"1011","Lavangen",1920,"2010",0,0
"1012","Lavangen",1920,"2011",0,0
"1013","Lavangen",1920,"2012",0,0
"1014","Lavangen",1920,"2013",0,0
"1015","Lavangen",1920,"2014",0,0
"1016","Lavangen",1920,"2015",0,0
"1017","Lavangen",1920,"2016",0,1
"1018","Lavangen",1920,"2017",0,1
"1019","Lavangen",1920,"2018",0,1
"1020","Lavangen",1920,"2019",0,0
"1021","Lebesby",2022,"1990",0,2
"1022","Lebesby",2022,"1991",0,2
"1023","Lebesby",2022,"1992",0,2
"1024","Lebesby",2022,"1993",0,4
"1025","Lebesby",2022,"1994",0,4
"1026","Lebesby",2022,"1995",0,3
"1027","Lebesby",2022,"1996",1,2
"1028","Lebesby",2022,"1997",0,3
"1029","Lebesby",2022,"1998",0,3
"1030","Lebesby",2022,"1999",0,3
"1031","Lebesby",2022,"2000",0,5
"1032","Lebesby",2022,"2001",0,5
"1033","Lebesby",2022,"2002",2,2
"1034","Lebesby",2022,"2003",3,2
"1035","Lebesby",2022,"2004",4,1
"1036","Lebesby",2022,"2005",2,1
"1037","Lebesby",2022,"2006",1,1
"1038","Lebesby",2022,"2007",1,2
"1039","Lebesby",2022,"2008",1,0
"1040","Lebesby",2022,"2009",1,0
"1041","Lebesby",2022,"2010",1,0
"1042","Lebesby",2022,"2011",2,3
"1043","Lebesby",2022,"2012",2,5
"1044","Lebesby",2022,"2013",2,7
"1045","Lebesby",2022,"2014",1,10
"1046","Lebesby",2022,"2015",1,11
"1047","Lebesby",2022,"2016",2,9
"1048","Lebesby",2022,"2017",1,11
"1049","Lebesby",2022,"2018",3,9
"1050","Lebesby",2022,"2019",0,10
"1051","Leirfjord",1822,"1990",0,0
"1052","Leirfjord",1822,"1991",1,0
"1053","Leirfjord",1822,"1992",0,0
"1054","Leirfjord",1822,"1993",0,1
"1055","Leirfjord",1822,"1994",0,1
"1056","Leirfjord",1822,"1995",0,1
"1057","Leirfjord",1822,"1996",0,0
"1058","Leirfjord",1822,"1997",0,0
"1059","Leirfjord",1822,"1998",0,0
"1060","Leirfjord",1822,"1999",0,0
"1061","Leirfjord",1822,"2000",0,0
"1062","Leirfjord",1822,"2001",0,0
"1063","Leirfjord",1822,"2002",0,0
"1064","Leirfjord",1822,"2003",0,0
"1065","Leirfjord",1822,"2004",0,0
"1066","Leirfjord",1822,"2005",0,0
"1067","Leirfjord",1822,"2006",0,0
"1068","Leirfjord",1822,"2007",0,0
"1069","Leirfjord",1822,"2008",0,0
"1070","Leirfjord",1822,"2009",0,0
"1071","Leirfjord",1822,"2010",0,1
"1072","Leirfjord",1822,"2011",0,1
"1073","Leirfjord",1822,"2012",0,0
"1074","Leirfjord",1822,"2013",0,0
"1075","Leirfjord",1822,"2014",0,0
"1076","Leirfjord",1822,"2015",0,0
"1077","Leirfjord",1822,"2016",0,0
"1078","Leirfjord",1822,"2017",0,0
"1079","Leirfjord",1822,"2018",0,0
"1080","Leirfjord",1822,"2019",0,0
"1081","Lenvik",1931,"1990",1,3
"1082","Lenvik",1931,"1991",2,2
"1083","Lenvik",1931,"1992",2,3
"1084","Lenvik",1931,"1993",1,3
"1085","Lenvik",1931,"1994",0,1
"1086","Lenvik",1931,"1995",0,3
"1087","Lenvik",1931,"1996",0,4
"1088","Lenvik",1931,"1997",0,4
"1089","Lenvik",1931,"1998",2,3
"1090","Lenvik",1931,"1999",2,4
"1091","Lenvik",1931,"2000",0,4
"1092","Lenvik",1931,"2001",0,3
"1093","Lenvik",1931,"2002",1,4
"1094","Lenvik",1931,"2003",1,2
"1095","Lenvik",1931,"2004",0,2
"1096","Lenvik",1931,"2005",0,2
"1097","Lenvik",1931,"2006",0,1
"1098","Lenvik",1931,"2007",1,2
"1099","Lenvik",1931,"2008",1,2
"1100","Lenvik",1931,"2009",0,3
"1101","Lenvik",1931,"2010",0,5
"1102","Lenvik",1931,"2011",0,2
"1103","Lenvik",1931,"2012",0,1
"1104","Lenvik",1931,"2013",0,4
"1105","Lenvik",1931,"2014",0,3
"1106","Lenvik",1931,"2015",0,3
"1107","Lenvik",1931,"2016",0,3
"1108","Lenvik",1931,"2017",0,3
"1109","Lenvik",1931,"2018",0,2
"1110","Lenvik",1931,"2019",0,2
"1111","Lodingen",1851,"1990",0,2
"1112","Lodingen",1851,"1991",0,2
"1113","Lodingen",1851,"1992",0,3
"1114","Lodingen",1851,"1993",0,3
"1115","Lodingen",1851,"1994",0,4
"1116","Lodingen",1851,"1995",0,4
"1117","Lodingen",1851,"1996",0,5
"1118","Lodingen",1851,"1997",0,5
"1119","Lodingen",1851,"1998",0,4
"1120","Lodingen",1851,"1999",0,5
"1121","Lodingen",1851,"2000",0,4
"1122","Lodingen",1851,"2001",0,4
"1123","Lodingen",1851,"2002",1,2
"1124","Lodingen",1851,"2003",1,3
"1125","Lodingen",1851,"2004",0,4
"1126","Lodingen",1851,"2005",0,2
"1127","Lodingen",1851,"2006",0,2
"1128","Lodingen",1851,"2007",0,3
"1129","Lodingen",1851,"2008",0,2
"1130","Lodingen",1851,"2009",0,2
"1131","Lodingen",1851,"2010",1,1
"1132","Lodingen",1851,"2011",0,1
"1133","Lodingen",1851,"2012",0,1
"1134","Lodingen",1851,"2013",0,1
"1135","Lodingen",1851,"2014",0,2
"1136","Lodingen",1851,"2015",0,2
"1137","Lodingen",1851,"2016",0,2
"1138","Lodingen",1851,"2017",1,1
"1139","Lodingen",1851,"2018",1,1
"1140","Lodingen",1851,"2019",0,1
"1141","Loppa",2014,"1990",2,2
"1142","Loppa",2014,"1991",2,1
"1143","Loppa",2014,"1992",3,1
"1144","Loppa",2014,"1993",3,1
"1145","Loppa",2014,"1994",3,2
"1146","Loppa",2014,"1995",3,3
"1147","Loppa",2014,"1996",3,3
"1148","Loppa",2014,"1997",4,1
"1149","Loppa",2014,"1998",4,2
"1150","Loppa",2014,"1999",4,2
"1151","Loppa",2014,"2000",3,1
"1152","Loppa",2014,"2001",1,2
"1153","Loppa",2014,"2002",1,2
"1154","Loppa",2014,"2003",3,2
"1155","Loppa",2014,"2004",4,1
"1156","Loppa",2014,"2005",5,2
"1157","Loppa",2014,"2006",4,1
"1158","Loppa",2014,"2007",1,1
"1159","Loppa",2014,"2008",1,0
"1160","Loppa",2014,"2009",1,0
"1161","Loppa",2014,"2010",0,1
"1162","Loppa",2014,"2011",0,1
"1163","Loppa",2014,"2012",0,1
"1164","Loppa",2014,"2013",0,0
"1165","Loppa",2014,"2014",0,0
"1166","Loppa",2014,"2015",0,0
"1167","Loppa",2014,"2016",0,0
"1168","Loppa",2014,"2017",0,0
"1169","Loppa",2014,"2018",0,0
"1170","Loppa",2014,"2019",0,0
"1171","Luroy",1834,"1990",1,2
"1172","Luroy",1834,"1991",1,2
"1173","Luroy",1834,"1992",0,3
"1174","Luroy",1834,"1993",0,3
"1175","Luroy",1834,"1994",0,3
"1176","Luroy",1834,"1995",0,3
"1177","Luroy",1834,"1996",0,4
"1178","Luroy",1834,"1997",1,2
"1179","Luroy",1834,"1998",2,1
"1180","Luroy",1834,"1999",2,1
"1181","Luroy",1834,"2000",0,1
"1182","Luroy",1834,"2001",0,1
"1183","Luroy",1834,"2002",0,1
"1184","Luroy",1834,"2003",0,1
"1185","Luroy",1834,"2004",0,1
"1186","Luroy",1834,"2005",0,1
"1187","Luroy",1834,"2006",0,1
"1188","Luroy",1834,"2007",0,1
"1189","Luroy",1834,"2008",1,0
"1190","Luroy",1834,"2009",1,0
"1191","Luroy",1834,"2010",0,0
"1192","Luroy",1834,"2011",0,0
"1193","Luroy",1834,"2012",0,0
"1194","Luroy",1834,"2013",0,0
"1195","Luroy",1834,"2014",0,0
"1196","Luroy",1834,"2015",0,0
"1197","Luroy",1834,"2016",0,0
"1198","Luroy",1834,"2017",0,0
"1199","Luroy",1834,"2018",0,0
"1200","Luroy",1834,"2019",0,0
"1201","Lyngen",1938,"1990",0,1
"1202","Lyngen",1938,"1991",2,1
"1203","Lyngen",1938,"1992",2,1
"1204","Lyngen",1938,"1993",1,1
"1205","Lyngen",1938,"1994",0,0
"1206","Lyngen",1938,"1995",1,0
"1207","Lyngen",1938,"1996",1,0
"1208","Lyngen",1938,"1997",1,0
"1209","Lyngen",1938,"1998",0,0
"1210","Lyngen",1938,"1999",1,0
"1211","Lyngen",1938,"2000",1,0
"1212","Lyngen",1938,"2001",1,0
"1213","Lyngen",1938,"2002",1,0
"1214","Lyngen",1938,"2003",1,0
"1215","Lyngen",1938,"2004",1,0
"1216","Lyngen",1938,"2005",1,0
"1217","Lyngen",1938,"2006",1,0
"1218","Lyngen",1938,"2007",1,1
"1219","Lyngen",1938,"2008",1,1
"1220","Lyngen",1938,"2009",1,0
"1221","Lyngen",1938,"2010",1,0
"1222","Lyngen",1938,"2011",1,0
"1223","Lyngen",1938,"2012",0,1
"1224","Lyngen",1938,"2013",0,3
"1225","Lyngen",1938,"2014",0,3
"1226","Lyngen",1938,"2015",0,3
"1227","Lyngen",1938,"2016",0,3
"1228","Lyngen",1938,"2017",0,1
"1229","Lyngen",1938,"2018",0,1
"1230","Lyngen",1938,"2019",0,1
"1231","Malselv",1924,"1990",0,2
"1232","Malselv",1924,"1991",0,2
"1233","Malselv",1924,"1992",0,2
"1234","Malselv",1924,"1993",0,2
"1235","Malselv",1924,"1994",1,0
"1236","Malselv",1924,"1995",1,0
"1237","Malselv",1924,"1996",1,0
"1238","Malselv",1924,"1997",1,0
"1239","Malselv",1924,"1998",1,0
"1240","Malselv",1924,"1999",1,0
"1241","Malselv",1924,"2000",1,0
"1242","Malselv",1924,"2001",0,0
"1243","Malselv",1924,"2002",0,0
"1244","Malselv",1924,"2003",0,0
"1245","Malselv",1924,"2004",0,0
"1246","Malselv",1924,"2005",0,0
"1247","Malselv",1924,"2006",0,0
"1248","Malselv",1924,"2007",0,0
"1249","Malselv",1924,"2008",0,0
"1250","Malselv",1924,"2009",0,1
"1251","Malselv",1924,"2010",0,1
"1252","Malselv",1924,"2011",0,1
"1253","Malselv",1924,"2012",0,1
"1254","Malselv",1924,"2013",0,0
"1255","Malselv",1924,"2014",0,0
"1256","Malselv",1924,"2015",0,0
"1257","Malselv",1924,"2016",0,0
"1258","Malselv",1924,"2017",0,0
"1259","Malselv",1924,"2018",0,0
"1260","Malselv",1924,"2019",0,0
"1261","Masoy",2018,"1990",1,3
"1262","Masoy",2018,"1991",1,2
"1263","Masoy",2018,"1992",1,3
"1264","Masoy",2018,"1993",1,2
"1265","Masoy",2018,"1994",1,3
"1266","Masoy",2018,"1995",1,3
"1267","Masoy",2018,"1996",1,2
"1268","Masoy",2018,"1997",1,3
"1269","Masoy",2018,"1998",1,2
"1270","Masoy",2018,"1999",2,2
"1271","Masoy",2018,"2000",5,2
"1272","Masoy",2018,"2001",6,3
"1273","Masoy",2018,"2002",5,2
"1274","Masoy",2018,"2003",5,1
"1275","Masoy",2018,"2004",4,1
"1276","Masoy",2018,"2005",1,3
"1277","Masoy",2018,"2006",1,3
"1278","Masoy",2018,"2007",1,3
"1279","Masoy",2018,"2008",0,3
"1280","Masoy",2018,"2009",0,3
"1281","Masoy",2018,"2010",0,1
"1282","Masoy",2018,"2011",0,1
"1283","Masoy",2018,"2012",1,1
"1284","Masoy",2018,"2013",0,1
"1285","Masoy",2018,"2014",0,1
"1286","Masoy",2018,"2015",0,1
"1287","Masoy",2018,"2016",1,4
"1288","Masoy",2018,"2017",2,4
"1289","Masoy",2018,"2018",1,8
"1290","Masoy",2018,"2019",1,8
"1291","Meloy",1837,"1990",2,12
"1292","Meloy",1837,"1991",4,13
"1293","Meloy",1837,"1992",3,13
"1294","Meloy",1837,"1993",2,12
"1295","Meloy",1837,"1994",4,9
"1296","Meloy",1837,"1995",5,8
"1297","Meloy",1837,"1996",5,7
"1298","Meloy",1837,"1997",5,6
"1299","Meloy",1837,"1998",7,6
"1300","Meloy",1837,"1999",7,5
"1301","Meloy",1837,"2000",1,4
"1302","Meloy",1837,"2001",1,4
"1303","Meloy",1837,"2002",0,5
"1304","Meloy",1837,"2003",0,5
"1305","Meloy",1837,"2004",0,7
"1306","Meloy",1837,"2005",0,5
"1307","Meloy",1837,"2006",0,5
"1308","Meloy",1837,"2007",0,6
"1309","Meloy",1837,"2008",0,6
"1310","Meloy",1837,"2009",0,6
"1311","Meloy",1837,"2010",0,7
"1312","Meloy",1837,"2011",2,6
"1313","Meloy",1837,"2012",2,8
"1314","Meloy",1837,"2013",2,5
"1315","Meloy",1837,"2014",2,5
"1316","Meloy",1837,"2015",2,5
"1317","Meloy",1837,"2016",3,5
"1318","Meloy",1837,"2017",3,6
"1319","Meloy",1837,"2018",3,8
"1320","Meloy",1837,"2019",1,8
"1321","Moskenes",1874,"1990",2,7
"1322","Moskenes",1874,"1991",1,10
"1323","Moskenes",1874,"1992",3,10
"1324","Moskenes",1874,"1993",2,12
"1325","Moskenes",1874,"1994",2,11
"1326","Moskenes",1874,"1995",2,11
"1327","Moskenes",1874,"1996",1,9
"1328","Moskenes",1874,"1997",1,9
"1329","Moskenes",1874,"1998",1,9
"1330","Moskenes",1874,"1999",1,8
"1331","Moskenes",1874,"2000",0,5
"1332","Moskenes",1874,"2001",0,3
"1333","Moskenes",1874,"2002",0,4
"1334","Moskenes",1874,"2003",1,4
"1335","Moskenes",1874,"2004",2,2
"1336","Moskenes",1874,"2005",2,1
"1337","Moskenes",1874,"2006",2,1
"1338","Moskenes",1874,"2007",1,1
"1339","Moskenes",1874,"2008",1,1
"1340","Moskenes",1874,"2009",1,0
"1341","Moskenes",1874,"2010",0,0
"1342","Moskenes",1874,"2011",0,0
"1343","Moskenes",1874,"2012",0,0
"1344","Moskenes",1874,"2013",1,0
"1345","Moskenes",1874,"2014",2,0
"1346","Moskenes",1874,"2015",1,2
"1347","Moskenes",1874,"2016",2,3
"1348","Moskenes",1874,"2017",2,3
"1349","Moskenes",1874,"2018",1,2
"1350","Moskenes",1874,"2019",2,1
"1351","Narvik",1805,"1990",3,2
"1352","Narvik",1805,"1991",2,2
"1353","Narvik",1805,"1992",0,2
"1354","Narvik",1805,"1993",0,1
"1355","Narvik",1805,"1994",0,1
"1356","Narvik",1805,"1995",0,1
"1357","Narvik",1805,"1996",0,1
"1358","Narvik",1805,"1997",0,1
"1359","Narvik",1805,"1998",2,0
"1360","Narvik",1805,"1999",2,0
"1361","Narvik",1805,"2000",2,0
"1362","Narvik",1805,"2001",2,0
"1363","Narvik",1805,"2002",0,0
"1364","Narvik",1805,"2003",0,0
"1365","Narvik",1805,"2004",0,0
"1366","Narvik",1805,"2005",0,0
"1367","Narvik",1805,"2006",0,0
"1368","Narvik",1805,"2007",0,0
"1369","Narvik",1805,"2008",0,0
"1370","Narvik",1805,"2009",0,0
"1371","Narvik",1805,"2010",0,0
"1372","Narvik",1805,"2011",0,0
"1373","Narvik",1805,"2012",0,0
"1374","Narvik",1805,"2013",0,0
"1375","Narvik",1805,"2014",0,0
"1376","Narvik",1805,"2015",0,1
"1377","Narvik",1805,"2016",0,1
"1378","Narvik",1805,"2017",0,1
"1379","Narvik",1805,"2018",0,1
"1380","Narvik",1805,"2019",0,2
"1381","Nesna",1828,"1990",1,2
"1382","Nesna",1828,"1991",1,2
"1383","Nesna",1828,"1992",1,2
"1384","Nesna",1828,"1993",1,2
"1385","Nesna",1828,"1994",1,2
"1386","Nesna",1828,"1995",1,2
"1387","Nesna",1828,"1996",1,2
"1388","Nesna",1828,"1997",1,1
"1389","Nesna",1828,"1998",1,1
"1390","Nesna",1828,"1999",1,1
"1391","Nesna",1828,"2000",1,1
"1392","Nesna",1828,"2001",1,1
"1393","Nesna",1828,"2002",1,1
"1394","Nesna",1828,"2003",1,1
"1395","Nesna",1828,"2004",0,1
"1396","Nesna",1828,"2005",0,1
"1397","Nesna",1828,"2006",0,1
"1398","Nesna",1828,"2007",0,1
"1399","Nesna",1828,"2008",0,1
"1400","Nesna",1828,"2009",0,1
"1401","Nesna",1828,"2010",0,2
"1402","Nesna",1828,"2011",0,2
"1403","Nesna",1828,"2012",0,2
"1404","Nesna",1828,"2013",0,2
"1405","Nesna",1828,"2014",0,2
"1406","Nesna",1828,"2015",0,2
"1407","Nesna",1828,"2016",0,1
"1408","Nesna",1828,"2017",0,1
"1409","Nesna",1828,"2018",0,1
"1410","Nesna",1828,"2019",1,0
"1411","Nesseby",2027,"1990",0,0
"1412","Nesseby",2027,"1991",0,0
"1413","Nesseby",2027,"1992",0,0
"1414","Nesseby",2027,"1993",1,0
"1415","Nesseby",2027,"1994",1,0
"1416","Nesseby",2027,"1995",1,0
"1417","Nesseby",2027,"1996",2,0
"1418","Nesseby",2027,"1997",4,0
"1419","Nesseby",2027,"1998",3,0
"1420","Nesseby",2027,"1999",3,1
"1421","Nesseby",2027,"2000",2,1
"1422","Nesseby",2027,"2001",1,1
"1423","Nesseby",2027,"2002",1,1
"1424","Nesseby",2027,"2003",1,1
"1425","Nesseby",2027,"2004",1,1
"1426","Nesseby",2027,"2005",0,0
"1427","Nesseby",2027,"2006",0,0
"1428","Nesseby",2027,"2007",0,0
"1429","Nesseby",2027,"2008",0,0
"1430","Nesseby",2027,"2009",0,0
"1431","Nesseby",2027,"2010",0,0
"1432","Nesseby",2027,"2011",0,0
"1433","Nesseby",2027,"2012",0,0
"1434","Nesseby",2027,"2013",0,0
"1435","Nesseby",2027,"2014",0,0
"1436","Nesseby",2027,"2015",0,0
"1437","Nesseby",2027,"2016",0,0
"1438","Nesseby",2027,"2017",0,0
"1439","Nesseby",2027,"2018",0,0
"1440","Nesseby",2027,"2019",0,0
"1441","Nordkapp",2019,"1990",2,5
"1442","Nordkapp",2019,"1991",1,3
"1443","Nordkapp",2019,"1992",1,5
"1444","Nordkapp",2019,"1993",2,6
"1445","Nordkapp",2019,"1994",1,5
"1446","Nordkapp",2019,"1995",0,6
"1447","Nordkapp",2019,"1996",1,6
"1448","Nordkapp",2019,"1997",2,5
"1449","Nordkapp",2019,"1998",2,5
"1450","Nordkapp",2019,"1999",2,4
"1451","Nordkapp",2019,"2000",2,5
"1452","Nordkapp",2019,"2001",2,6
"1453","Nordkapp",2019,"2002",2,5
"1454","Nordkapp",2019,"2003",2,4
"1455","Nordkapp",2019,"2004",1,4
"1456","Nordkapp",2019,"2005",1,4
"1457","Nordkapp",2019,"2006",2,4
"1458","Nordkapp",2019,"2007",2,4
"1459","Nordkapp",2019,"2008",2,4
"1460","Nordkapp",2019,"2009",2,3
"1461","Nordkapp",2019,"2010",3,1
"1462","Nordkapp",2019,"2011",4,3
"1463","Nordkapp",2019,"2012",4,4
"1464","Nordkapp",2019,"2013",5,4
"1465","Nordkapp",2019,"2014",2,8
"1466","Nordkapp",2019,"2015",3,11
"1467","Nordkapp",2019,"2016",4,13
"1468","Nordkapp",2019,"2017",6,18
"1469","Nordkapp",2019,"2018",5,22
"1470","Nordkapp",2019,"2019",6,23
"1471","Nordreisa",1942,"1990",0,7
"1472","Nordreisa",1942,"1991",0,7
"1473","Nordreisa",1942,"1992",0,0
"1474","Nordreisa",1942,"1993",0,0
"1475","Nordreisa",1942,"1994",0,1
"1476","Nordreisa",1942,"1995",1,1
"1477","Nordreisa",1942,"1996",1,1
"1478","Nordreisa",1942,"1997",1,1
"1479","Nordreisa",1942,"1998",2,0
"1480","Nordreisa",1942,"1999",2,0
"1481","Nordreisa",1942,"2000",3,0
"1482","Nordreisa",1942,"2001",1,0
"1483","Nordreisa",1942,"2002",1,0
"1484","Nordreisa",1942,"2003",0,0
"1485","Nordreisa",1942,"2004",0,0
"1486","Nordreisa",1942,"2005",0,0
"1487","Nordreisa",1942,"2006",0,0
"1488","Nordreisa",1942,"2007",1,0
"1489","Nordreisa",1942,"2008",1,0
"1490","Nordreisa",1942,"2009",1,1
"1491","Nordreisa",1942,"2010",1,1
"1492","Nordreisa",1942,"2011",1,0
"1493","Nordreisa",1942,"2012",1,0
"1494","Nordreisa",1942,"2013",0,0
"1495","Nordreisa",1942,"2014",0,0
"1496","Nordreisa",1942,"2015",0,0
"1497","Nordreisa",1942,"2016",0,0
"1498","Nordreisa",1942,"2017",0,0
"1499","Nordreisa",1942,"2018",0,0
"1500","Nordreisa",1942,"2019",0,0
"1501","Oksnes",1868,"1990",5,14
"1502","Oksnes",1868,"1991",2,14
"1503","Oksnes",1868,"1992",3,19
"1504","Oksnes",1868,"1993",2,16
"1505","Oksnes",1868,"1994",1,13
"1506","Oksnes",1868,"1995",1,17
"1507","Oksnes",1868,"1996",1,18
"1508","Oksnes",1868,"1997",1,19
"1509","Oksnes",1868,"1998",1,17
"1510","Oksnes",1868,"1999",1,18
"1511","Oksnes",1868,"2000",0,19
"1512","Oksnes",1868,"2001",0,17
"1513","Oksnes",1868,"2002",0,18
"1514","Oksnes",1868,"2003",0,15
"1515","Oksnes",1868,"2004",0,12
"1516","Oksnes",1868,"2005",0,15
"1517","Oksnes",1868,"2006",0,17
"1518","Oksnes",1868,"2007",0,18
"1519","Oksnes",1868,"2008",0,17
"1520","Oksnes",1868,"2009",0,17
"1521","Oksnes",1868,"2010",0,18
"1522","Oksnes",1868,"2011",0,15
"1523","Oksnes",1868,"2012",0,15
"1524","Oksnes",1868,"2013",0,10
"1525","Oksnes",1868,"2014",0,7
"1526","Oksnes",1868,"2015",0,11
"1527","Oksnes",1868,"2016",0,8
"1528","Oksnes",1868,"2017",0,5
"1529","Oksnes",1868,"2018",0,4
"1530","Oksnes",1868,"2019",0,5
"1531","Porsanger",2020,"1990",0,1
"1532","Porsanger",2020,"1991",1,2
"1533","Porsanger",2020,"1992",1,2
"1534","Porsanger",2020,"1993",0,2
"1535","Porsanger",2020,"1994",0,1
"1536","Porsanger",2020,"1995",0,2
"1537","Porsanger",2020,"1996",0,2
"1538","Porsanger",2020,"1997",2,1
"1539","Porsanger",2020,"1998",2,0
"1540","Porsanger",2020,"1999",2,0
"1541","Porsanger",2020,"2000",2,1
"1542","Porsanger",2020,"2001",1,0
"1543","Porsanger",2020,"2002",0,0
"1544","Porsanger",2020,"2003",0,0
"1545","Porsanger",2020,"2004",0,0
"1546","Porsanger",2020,"2005",0,0
"1547","Porsanger",2020,"2006",0,0
"1548","Porsanger",2020,"2007",0,0
"1549","Porsanger",2020,"2008",0,0
"1550","Porsanger",2020,"2009",0,0
"1551","Porsanger",2020,"2010",0,0
"1552","Porsanger",2020,"2011",1,2
"1553","Porsanger",2020,"2012",2,3
"1554","Porsanger",2020,"2013",1,3
"1555","Porsanger",2020,"2014",0,4
"1556","Porsanger",2020,"2015",1,4
"1557","Porsanger",2020,"2016",2,2
"1558","Porsanger",2020,"2017",2,5
"1559","Porsanger",2020,"2018",2,7
"1560","Porsanger",2020,"2019",2,7
"1561","Rana",1833,"1990",0,1
"1562","Rana",1833,"1991",0,1
"1563","Rana",1833,"1992",0,0
"1564","Rana",1833,"1993",0,0
"1565","Rana",1833,"1994",0,0
"1566","Rana",1833,"1995",0,0
"1567","Rana",1833,"1996",0,1
"1568","Rana",1833,"1997",0,1
"1569","Rana",1833,"1998",0,0
"1570","Rana",1833,"1999",0,0
"1571","Rana",1833,"2000",0,0
"1572","Rana",1833,"2001",0,0
"1573","Rana",1833,"2002",0,0
"1574","Rana",1833,"2003",0,0
"1575","Rana",1833,"2004",0,0
"1576","Rana",1833,"2005",0,0
"1577","Rana",1833,"2006",0,0
"1578","Rana",1833,"2007",0,0
"1579","Rana",1833,"2008",0,0
"1580","Rana",1833,"2009",0,0
"1581","Rana",1833,"2010",0,0
"1582","Rana",1833,"2011",0,0
"1583","Rana",1833,"2012",0,0
"1584","Rana",1833,"2013",0,0
"1585","Rana",1833,"2014",0,0
"1586","Rana",1833,"2015",0,1
"1587","Rana",1833,"2016",0,1
"1588","Rana",1833,"2017",0,1
"1589","Rana",1833,"2018",0,1
"1590","Rana",1833,"2019",1,0
"1591","Rodoy",1836,"1990",1,5
"1592","Rodoy",1836,"1991",0,5
"1593","Rodoy",1836,"1992",0,4
"1594","Rodoy",1836,"1993",0,4
"1595","Rodoy",1836,"1994",0,4
"1596","Rodoy",1836,"1995",0,4
"1597","Rodoy",1836,"1996",0,5
"1598","Rodoy",1836,"1997",0,5
"1599","Rodoy",1836,"1998",0,5
"1600","Rodoy",1836,"1999",0,4
"1601","Rodoy",1836,"2000",0,3
"1602","Rodoy",1836,"2001",1,2
"1603","Rodoy",1836,"2002",3,0
"1604","Rodoy",1836,"2003",3,0
"1605","Rodoy",1836,"2004",0,1
"1606","Rodoy",1836,"2005",0,1
"1607","Rodoy",1836,"2006",0,2
"1608","Rodoy",1836,"2007",1,1
"1609","Rodoy",1836,"2008",1,2
"1610","Rodoy",1836,"2009",1,2
"1611","Rodoy",1836,"2010",1,1
"1612","Rodoy",1836,"2011",0,1
"1613","Rodoy",1836,"2012",0,1
"1614","Rodoy",1836,"2013",0,0
"1615","Rodoy",1836,"2014",0,1
"1616","Rodoy",1836,"2015",0,1
"1617","Rodoy",1836,"2016",0,1
"1618","Rodoy",1836,"2017",0,2
"1619","Rodoy",1836,"2018",0,1
"1620","Rodoy",1836,"2019",0,1
"1621","Rost",1856,"1990",0,0
"1622","Rost",1856,"1991",0,0
"1623","Rost",1856,"1992",0,0
"1624","Rost",1856,"1993",0,0
"1625","Rost",1856,"1994",0,0
"1626","Rost",1856,"1995",0,1
"1627","Rost",1856,"1996",0,0
"1628","Rost",1856,"1997",0,0
"1629","Rost",1856,"1998",0,0
"1630","Rost",1856,"1999",0,0
"1631","Rost",1856,"2000",0,0
"1632","Rost",1856,"2001",0,0
"1633","Rost",1856,"2002",0,0
"1634","Rost",1856,"2003",0,0
"1635","Rost",1856,"2004",2,0
"1636","Rost",1856,"2005",2,0
"1637","Rost",1856,"2006",2,0
"1638","Rost",1856,"2007",2,1
"1639","Rost",1856,"2008",0,1
"1640","Rost",1856,"2009",0,1
"1641","Rost",1856,"2010",0,1
"1642","Rost",1856,"2011",0,1
"1643","Rost",1856,"2012",0,1
"1644","Rost",1856,"2013",0,0
"1645","Rost",1856,"2014",1,1
"1646","Rost",1856,"2015",1,1
"1647","Rost",1856,"2016",1,2
"1648","Rost",1856,"2017",1,2
"1649","Rost",1856,"2018",1,2
"1650","Rost",1856,"2019",1,3
"1651","Salangen",1923,"1990",0,0
"1652","Salangen",1923,"1991",0,0
"1653","Salangen",1923,"1992",0,0
"1654","Salangen",1923,"1993",0,0
"1655","Salangen",1923,"1994",0,0
"1656","Salangen",1923,"1995",0,0
"1657","Salangen",1923,"1996",0,1
"1658","Salangen",1923,"1997",0,0
"1659","Salangen",1923,"1998",0,0
"1660","Salangen",1923,"1999",0,0
"1661","Salangen",1923,"2000",0,0
"1662","Salangen",1923,"2001",0,0
"1663","Salangen",1923,"2002",0,0
"1664","Salangen",1923,"2003",0,0
"1665","Salangen",1923,"2004",0,0
"1666","Salangen",1923,"2005",0,0
"1667","Salangen",1923,"2006",0,0
"1668","Salangen",1923,"2007",0,0
"1669","Salangen",1923,"2008",0,0
"1670","Salangen",1923,"2009",0,0
"1671","Salangen",1923,"2010",0,0
"1672","Salangen",1923,"2011",0,0
"1673","Salangen",1923,"2012",0,0
"1674","Salangen",1923,"2013",0,0
"1675","Salangen",1923,"2014",0,0
"1676","Salangen",1923,"2015",0,0
"1677","Salangen",1923,"2016",0,0
"1678","Salangen",1923,"2017",0,0
"1679","Salangen",1923,"2018",0,0
"1680","Salangen",1923,"2019",0,0
"1681","Saltdal",1840,"1990",0,0
"1682","Saltdal",1840,"1991",0,0
"1683","Saltdal",1840,"1992",0,0
"1684","Saltdal",1840,"1993",0,0
"1685","Saltdal",1840,"1994",0,0
"1686","Saltdal",1840,"1995",0,0
"1687","Saltdal",1840,"1996",0,0
"1688","Saltdal",1840,"1997",0,0
"1689","Saltdal",1840,"1998",0,0
"1690","Saltdal",1840,"1999",0,0
"1691","Saltdal",1840,"2000",0,0
"1692","Saltdal",1840,"2001",0,0
"1693","Saltdal",1840,"2002",0,0
"1694","Saltdal",1840,"2003",0,0
"1695","Saltdal",1840,"2004",0,0
"1696","Saltdal",1840,"2005",0,0
"1697","Saltdal",1840,"2006",0,0
"1698","Saltdal",1840,"2007",0,0
"1699","Saltdal",1840,"2008",0,0
"1700","Saltdal",1840,"2009",0,0
"1701","Saltdal",1840,"2010",0,0
"1702","Saltdal",1840,"2011",0,0
"1703","Saltdal",1840,"2012",0,0
"1704","Saltdal",1840,"2013",0,0
"1705","Saltdal",1840,"2014",0,0
"1706","Saltdal",1840,"2015",0,0
"1707","Saltdal",1840,"2016",0,0
"1708","Saltdal",1840,"2017",0,0
"1709","Saltdal",1840,"2018",0,0
"1710","Saltdal",1840,"2019",0,0
"1711","Skanland",1913,"1990",0,0
"1712","Skanland",1913,"1991",0,0
"1713","Skanland",1913,"1992",0,0
"1714","Skanland",1913,"1993",0,1
"1715","Skanland",1913,"1994",0,1
"1716","Skanland",1913,"1995",0,0
"1717","Skanland",1913,"1996",0,0
"1718","Skanland",1913,"1997",0,0
"1719","Skanland",1913,"1998",0,0
"1720","Skanland",1913,"1999",0,0
"1721","Skanland",1913,"2000",0,0
"1722","Skanland",1913,"2001",0,0
"1723","Skanland",1913,"2002",0,0
"1724","Skanland",1913,"2003",0,0
"1725","Skanland",1913,"2004",0,0
"1726","Skanland",1913,"2005",0,0
"1727","Skanland",1913,"2006",0,0
"1728","Skanland",1913,"2007",0,0
"1729","Skanland",1913,"2008",0,0
"1730","Skanland",1913,"2009",0,0
"1731","Skanland",1913,"2010",0,0
"1732","Skanland",1913,"2011",0,0
"1733","Skanland",1913,"2012",0,0
"1734","Skanland",1913,"2013",0,0
"1735","Skanland",1913,"2014",0,0
"1736","Skanland",1913,"2015",0,0
"1737","Skanland",1913,"2016",0,1
"1738","Skanland",1913,"2017",0,1
"1739","Skanland",1913,"2018",0,1
"1740","Skanland",1913,"2019",0,1
"1741","Skjervoy",1941,"1990",0,4
"1742","Skjervoy",1941,"1991",2,5
"1743","Skjervoy",1941,"1992",4,3
"1744","Skjervoy",1941,"1993",3,3
"1745","Skjervoy",1941,"1994",4,3
"1746","Skjervoy",1941,"1995",5,6
"1747","Skjervoy",1941,"1996",6,5
"1748","Skjervoy",1941,"1997",6,4
"1749","Skjervoy",1941,"1998",5,5
"1750","Skjervoy",1941,"1999",5,5
"1751","Skjervoy",1941,"2000",4,3
"1752","Skjervoy",1941,"2001",3,2
"1753","Skjervoy",1941,"2002",3,1
"1754","Skjervoy",1941,"2003",3,1
"1755","Skjervoy",1941,"2004",2,1
"1756","Skjervoy",1941,"2005",2,1
"1757","Skjervoy",1941,"2006",3,0
"1758","Skjervoy",1941,"2007",3,0
"1759","Skjervoy",1941,"2008",3,1
"1760","Skjervoy",1941,"2009",3,2
"1761","Skjervoy",1941,"2010",3,1
"1762","Skjervoy",1941,"2011",3,1
"1763","Skjervoy",1941,"2012",2,1
"1764","Skjervoy",1941,"2013",0,1
"1765","Skjervoy",1941,"2014",0,1
"1766","Skjervoy",1941,"2015",0,1
"1767","Skjervoy",1941,"2016",0,1
"1768","Skjervoy",1941,"2017",0,0
"1769","Skjervoy",1941,"2018",0,0
"1770","Skjervoy",1941,"2019",0,0
"1771","Somna",1812,"1990",0,1
"1772","Somna",1812,"1991",0,1
"1773","Somna",1812,"1992",0,1
"1774","Somna",1812,"1993",0,2
"1775","Somna",1812,"1994",0,2
"1776","Somna",1812,"1995",0,1
"1777","Somna",1812,"1996",0,1
"1778","Somna",1812,"1997",0,1
"1779","Somna",1812,"1998",0,1
"1780","Somna",1812,"1999",0,1
"1781","Somna",1812,"2000",0,1
"1782","Somna",1812,"2001",0,1
"1783","Somna",1812,"2002",0,1
"1784","Somna",1812,"2003",0,1
"1785","Somna",1812,"2004",0,1
"1786","Somna",1812,"2005",0,1
"1787","Somna",1812,"2006",0,1
"1788","Somna",1812,"2007",1,1
"1789","Somna",1812,"2008",1,1
"1790","Somna",1812,"2009",1,1
"1791","Somna",1812,"2010",1,2
"1792","Somna",1812,"2011",1,2
"1793","Somna",1812,"2012",1,2
"1794","Somna",1812,"2013",1,3
"1795","Somna",1812,"2014",0,3
"1796","Somna",1812,"2015",1,3
"1797","Somna",1812,"2016",1,3
"1798","Somna",1812,"2017",2,1
"1799","Somna",1812,"2018",0,1
"1800","Somna",1812,"2019",0,1
"1801","Sor-Varanger",2030,"1990",0,2
"1802","Sor-Varanger",2030,"1991",0,2
"1803","Sor-Varanger",2030,"1992",0,2
"1804","Sor-Varanger",2030,"1993",1,1
"1805","Sor-Varanger",2030,"1994",1,1
"1806","Sor-Varanger",2030,"1995",1,1
"1807","Sor-Varanger",2030,"1996",1,1
"1808","Sor-Varanger",2030,"1997",2,1
"1809","Sor-Varanger",2030,"1998",2,1
"1810","Sor-Varanger",2030,"1999",3,0
"1811","Sor-Varanger",2030,"2000",5,1
"1812","Sor-Varanger",2030,"2001",3,1
"1813","Sor-Varanger",2030,"2002",2,0
"1814","Sor-Varanger",2030,"2003",3,0
"1815","Sor-Varanger",2030,"2004",2,0
"1816","Sor-Varanger",2030,"2005",1,1
"1817","Sor-Varanger",2030,"2006",0,1
"1818","Sor-Varanger",2030,"2007",1,2
"1819","Sor-Varanger",2030,"2008",1,2
"1820","Sor-Varanger",2030,"2009",0,1
"1821","Sor-Varanger",2030,"2010",1,1
"1822","Sor-Varanger",2030,"2011",3,1
"1823","Sor-Varanger",2030,"2012",4,1
"1824","Sor-Varanger",2030,"2013",3,1
"1825","Sor-Varanger",2030,"2014",3,1
"1826","Sor-Varanger",2030,"2015",3,1
"1827","Sor-Varanger",2030,"2016",2,1
"1828","Sor-Varanger",2030,"2017",1,2
"1829","Sor-Varanger",2030,"2018",1,3
"1830","Sor-Varanger",2030,"2019",1,2
"1831","Sorfold",1845,"1990",1,1
"1832","Sorfold",1845,"1991",1,1
"1833","Sorfold",1845,"1992",0,1
"1834","Sorfold",1845,"1993",0,1
"1835","Sorfold",1845,"1994",0,1
"1836","Sorfold",1845,"1995",0,1
"1837","Sorfold",1845,"1996",0,1
"1838","Sorfold",1845,"1997",0,1
"1839","Sorfold",1845,"1998",0,0
"1840","Sorfold",1845,"1999",0,0
"1841","Sorfold",1845,"2000",0,0
"1842","Sorfold",1845,"2001",0,0
"1843","Sorfold",1845,"2002",0,0
"1844","Sorfold",1845,"2003",0,0
"1845","Sorfold",1845,"2004",0,0
"1846","Sorfold",1845,"2005",0,0
"1847","Sorfold",1845,"2006",0,0
"1848","Sorfold",1845,"2007",0,0
"1849","Sorfold",1845,"2008",0,0
"1850","Sorfold",1845,"2009",0,0
"1851","Sorfold",1845,"2010",0,0
"1852","Sorfold",1845,"2011",0,0
"1853","Sorfold",1845,"2012",0,0
"1854","Sorfold",1845,"2013",0,0
"1855","Sorfold",1845,"2014",0,0
"1856","Sorfold",1845,"2015",0,0
"1857","Sorfold",1845,"2016",0,0
"1858","Sorfold",1845,"2017",0,0
"1859","Sorfold",1845,"2018",0,0
"1860","Sorfold",1845,"2019",0,0
"1861","Sorreisa",1925,"1990",0,0
"1862","Sorreisa",1925,"1991",0,0
"1863","Sorreisa",1925,"1992",0,0
"1864","Sorreisa",1925,"1993",0,0
"1865","Sorreisa",1925,"1994",0,0
"1866","Sorreisa",1925,"1995",0,1
"1867","Sorreisa",1925,"1996",0,1
"1868","Sorreisa",1925,"1997",0,1
"1869","Sorreisa",1925,"1998",0,0
"1870","Sorreisa",1925,"1999",0,0
"1871","Sorreisa",1925,"2000",0,0
"1872","Sorreisa",1925,"2001",0,0
"1873","Sorreisa",1925,"2002",0,0
"1874","Sorreisa",1925,"2003",0,0
"1875","Sorreisa",1925,"2004",0,0
"1876","Sorreisa",1925,"2005",0,0
"1877","Sorreisa",1925,"2006",0,0
"1878","Sorreisa",1925,"2007",0,0
"1879","Sorreisa",1925,"2008",0,0
"1880","Sorreisa",1925,"2009",0,0
"1881","Sorreisa",1925,"2010",0,0
"1882","Sorreisa",1925,"2011",0,1
"1883","Sorreisa",1925,"2012",0,1
"1884","Sorreisa",1925,"2013",0,1
"1885","Sorreisa",1925,"2014",1,1
"1886","Sorreisa",1925,"2015",1,0
"1887","Sorreisa",1925,"2016",0,1
"1888","Sorreisa",1925,"2017",1,0
"1889","Sorreisa",1925,"2018",1,0
"1890","Sorreisa",1925,"2019",1,0
"1891","Sortland",1870,"1990",0,3
"1892","Sortland",1870,"1991",0,4
"1893","Sortland",1870,"1992",0,3
"1894","Sortland",1870,"1993",0,4
"1895","Sortland",1870,"1994",0,2
"1896","Sortland",1870,"1995",0,3
"1897","Sortland",1870,"1996",0,4
"1898","Sortland",1870,"1997",0,2
"1899","Sortland",1870,"1998",0,2
"1900","Sortland",1870,"1999",0,1
"1901","Sortland",1870,"2000",0,1
"1902","Sortland",1870,"2001",0,1
"1903","Sortland",1870,"2002",0,2
"1904","Sortland",1870,"2003",0,3
"1905","Sortland",1870,"2004",1,3
"1906","Sortland",1870,"2005",0,4
"1907","Sortland",1870,"2006",2,3
"1908","Sortland",1870,"2007",1,2
"1909","Sortland",1870,"2008",1,2
"1910","Sortland",1870,"2009",1,5
"1911","Sortland",1870,"2010",0,5
"1912","Sortland",1870,"2011",0,5
"1913","Sortland",1870,"2012",0,5
"1914","Sortland",1870,"2013",0,5
"1915","Sortland",1870,"2014",0,2
"1916","Sortland",1870,"2015",0,6
"1917","Sortland",1870,"2016",0,6
"1918","Sortland",1870,"2017",1,7
"1919","Sortland",1870,"2018",1,6
"1920","Sortland",1870,"2019",0,6
"1921","Steigen",1848,"1990",1,2
"1922","Steigen",1848,"1991",0,2
"1923","Steigen",1848,"1992",0,3
"1924","Steigen",1848,"1993",0,2
"1925","Steigen",1848,"1994",0,2
"1926","Steigen",1848,"1995",0,2
"1927","Steigen",1848,"1996",0,4
"1928","Steigen",1848,"1997",0,3
"1929","Steigen",1848,"1998",0,4
"1930","Steigen",1848,"1999",0,5
"1931","Steigen",1848,"2000",0,2
"1932","Steigen",1848,"2001",0,2
"1933","Steigen",1848,"2002",0,2
"1934","Steigen",1848,"2003",0,2
"1935","Steigen",1848,"2004",0,2
"1936","Steigen",1848,"2005",0,2
"1937","Steigen",1848,"2006",0,3
"1938","Steigen",1848,"2007",0,3
"1939","Steigen",1848,"2008",0,1
"1940","Steigen",1848,"2009",0,1
"1941","Steigen",1848,"2010",0,1
"1942","Steigen",1848,"2011",0,1
"1943","Steigen",1848,"2012",0,1
"1944","Steigen",1848,"2013",0,1
"1945","Steigen",1848,"2014",0,1
"1946","Steigen",1848,"2015",0,1
"1947","Steigen",1848,"2016",0,1
"1948","Steigen",1848,"2017",0,1
"1949","Steigen",1848,"2018",0,1
"1950","Steigen",1848,"2019",0,1
"1951","Storfjord",1939,"1990",0,0
"1952","Storfjord",1939,"1991",0,0
"1953","Storfjord",1939,"1992",0,0
"1954","Storfjord",1939,"1993",0,0
"1955","Storfjord",1939,"1994",0,0
"1956","Storfjord",1939,"1995",1,0
"1957","Storfjord",1939,"1996",1,0
"1958","Storfjord",1939,"1997",1,0
"1959","Storfjord",1939,"1998",1,0
"1960","Storfjord",1939,"1999",1,0
"1961","Storfjord",1939,"2000",2,0
"1962","Storfjord",1939,"2001",2,1
"1963","Storfjord",1939,"2002",1,1
"1964","Storfjord",1939,"2003",1,1
"1965","Storfjord",1939,"2004",1,1
"1966","Storfjord",1939,"2005",1,1
"1967","Storfjord",1939,"2006",1,1
"1968","Storfjord",1939,"2007",2,1
"1969","Storfjord",1939,"2008",2,0
"1970","Storfjord",1939,"2009",2,0
"1971","Storfjord",1939,"2010",2,0
"1972","Storfjord",1939,"2011",2,0
"1973","Storfjord",1939,"2012",1,0
"1974","Storfjord",1939,"2013",1,0
"1975","Storfjord",1939,"2014",1,0
"1976","Storfjord",1939,"2015",1,0
"1977","Storfjord",1939,"2016",1,0
"1978","Storfjord",1939,"2017",1,0
"1979","Storfjord",1939,"2018",1,0
"1980","Storfjord",1939,"2019",1,0
"1981","Tana",2025,"1990",1,2
"1982","Tana",2025,"1991",1,1
"1983","Tana",2025,"1992",1,0
"1984","Tana",2025,"1993",1,0
"1985","Tana",2025,"1994",1,0
"1986","Tana",2025,"1995",1,0
"1987","Tana",2025,"1996",1,0
"1988","Tana",2025,"1997",1,0
"1989","Tana",2025,"1998",1,1
"1990","Tana",2025,"1999",1,0
"1991","Tana",2025,"2000",1,0
"1992","Tana",2025,"2001",1,0
"1993","Tana",2025,"2002",1,0
"1994","Tana",2025,"2003",2,0
"1995","Tana",2025,"2004",2,0
"1996","Tana",2025,"2005",1,1
"1997","Tana",2025,"2006",0,1
"1998","Tana",2025,"2007",0,1
"1999","Tana",2025,"2008",1,0
"2000","Tana",2025,"2009",2,1
"2001","Tana",2025,"2010",2,1
"2002","Tana",2025,"2011",4,0
"2003","Tana",2025,"2012",5,1
"2004","Tana",2025,"2013",4,1
"2005","Tana",2025,"2014",4,1
"2006","Tana",2025,"2015",3,0
"2007","Tana",2025,"2016",4,0
"2008","Tana",2025,"2017",3,3
"2009","Tana",2025,"2018",2,4
"2010","Tana",2025,"2019",4,4
"2011","Tjeldsund",1852,"1990",0,0
"2012","Tjeldsund",1852,"1991",0,0
"2013","Tjeldsund",1852,"1992",0,1
"2014","Tjeldsund",1852,"1993",0,0
"2015","Tjeldsund",1852,"1994",0,1
"2016","Tjeldsund",1852,"1995",0,0
"2017","Tjeldsund",1852,"1996",0,1
"2018","Tjeldsund",1852,"1997",0,1
"2019","Tjeldsund",1852,"1998",0,0
"2020","Tjeldsund",1852,"1999",0,0
"2021","Tjeldsund",1852,"2000",0,0
"2022","Tjeldsund",1852,"2001",0,0
"2023","Tjeldsund",1852,"2002",0,0
"2024","Tjeldsund",1852,"2003",0,0
"2025","Tjeldsund",1852,"2004",0,0
"2026","Tjeldsund",1852,"2005",0,1
"2027","Tjeldsund",1852,"2006",0,1
"2028","Tjeldsund",1852,"2007",0,1
"2029","Tjeldsund",1852,"2008",0,1
"2030","Tjeldsund",1852,"2009",0,1
"2031","Tjeldsund",1852,"2010",0,1
"2032","Tjeldsund",1852,"2011",0,1
"2033","Tjeldsund",1852,"2012",0,1
"2034","Tjeldsund",1852,"2013",0,1
"2035","Tjeldsund",1852,"2014",0,1
"2036","Tjeldsund",1852,"2015",0,1
"2037","Tjeldsund",1852,"2016",0,1
"2038","Tjeldsund",1852,"2017",0,1
"2039","Tjeldsund",1852,"2018",0,1
"2040","Tjeldsund",1852,"2019",0,1
"2041","Torsken",1928,"1990",0,0
"2042","Torsken",1928,"1991",0,0
"2043","Torsken",1928,"1992",0,0
"2044","Torsken",1928,"1993",0,0
"2045","Torsken",1928,"1994",0,1
"2046","Torsken",1928,"1995",0,2
"2047","Torsken",1928,"1996",1,1
"2048","Torsken",1928,"1997",0,2
"2049","Torsken",1928,"1998",0,1
"2050","Torsken",1928,"1999",0,2
"2051","Torsken",1928,"2000",0,2
"2052","Torsken",1928,"2001",0,0
"2053","Torsken",1928,"2002",0,0
"2054","Torsken",1928,"2003",0,0
"2055","Torsken",1928,"2004",1,0
"2056","Torsken",1928,"2005",1,0
"2057","Torsken",1928,"2006",1,0
"2058","Torsken",1928,"2007",1,0
"2059","Torsken",1928,"2008",0,0
"2060","Torsken",1928,"2009",0,0
"2061","Torsken",1928,"2010",0,0
"2062","Torsken",1928,"2011",0,1
"2063","Torsken",1928,"2012",0,1
"2064","Torsken",1928,"2013",0,1
"2065","Torsken",1928,"2014",0,0
"2066","Torsken",1928,"2015",0,1
"2067","Torsken",1928,"2016",0,1
"2068","Torsken",1928,"2017",0,0
"2069","Torsken",1928,"2018",0,0
"2070","Torsken",1928,"2019",0,0
"2071","Traena",1835,"1990",1,3
"2072","Traena",1835,"1991",1,4
"2073","Traena",1835,"1992",0,3
"2074","Traena",1835,"1993",0,3
"2075","Traena",1835,"1994",0,3
"2076","Traena",1835,"1995",0,3
"2077","Traena",1835,"1996",0,2
"2078","Traena",1835,"1997",0,1
"2079","Traena",1835,"1998",0,1
"2080","Traena",1835,"1999",0,1
"2081","Traena",1835,"2000",1,0
"2082","Traena",1835,"2001",0,0
"2083","Traena",1835,"2002",0,0
"2084","Traena",1835,"2003",0,0
"2085","Traena",1835,"2004",0,0
"2086","Traena",1835,"2005",0,0
"2087","Traena",1835,"2006",0,0
"2088","Traena",1835,"2007",0,0
"2089","Traena",1835,"2008",0,0
"2090","Traena",1835,"2009",0,0
"2091","Traena",1835,"2010",0,0
"2092","Traena",1835,"2011",0,0
"2093","Traena",1835,"2012",1,0
"2094","Traena",1835,"2013",1,1
"2095","Traena",1835,"2014",1,1
"2096","Traena",1835,"2015",1,1
"2097","Traena",1835,"2016",1,2
"2098","Traena",1835,"2017",1,1
"2099","Traena",1835,"2018",1,1
"2100","Traena",1835,"2019",1,1
"2101","Tranoy",1927,"1990",0,0
"2102","Tranoy",1927,"1991",0,0
"2103","Tranoy",1927,"1992",0,0
"2104","Tranoy",1927,"1993",0,0
"2105","Tranoy",1927,"1994",0,0
"2106","Tranoy",1927,"1995",0,0
"2107","Tranoy",1927,"1996",0,0
"2108","Tranoy",1927,"1997",0,0
"2109","Tranoy",1927,"1998",0,0
"2110","Tranoy",1927,"1999",0,0
"2111","Tranoy",1927,"2000",0,0
"2112","Tranoy",1927,"2001",1,0
"2113","Tranoy",1927,"2002",1,0
"2114","Tranoy",1927,"2003",1,0
"2115","Tranoy",1927,"2004",1,0
"2116","Tranoy",1927,"2005",1,0
"2117","Tranoy",1927,"2006",1,0
"2118","Tranoy",1927,"2007",1,0
"2119","Tranoy",1927,"2008",0,0
"2120","Tranoy",1927,"2009",0,0
"2121","Tranoy",1927,"2010",0,0
"2122","Tranoy",1927,"2011",0,0
"2123","Tranoy",1927,"2012",0,1
"2124","Tranoy",1927,"2013",0,1
"2125","Tranoy",1927,"2014",0,1
"2126","Tranoy",1927,"2015",0,1
"2127","Tranoy",1927,"2016",0,0
"2128","Tranoy",1927,"2017",0,0
"2129","Tranoy",1927,"2018",0,0
"2130","Tranoy",1927,"2019",0,0
"2131","Tromso",1902,"1990",5,19
"2132","Tromso",1902,"1991",3,26
"2133","Tromso",1902,"1992",3,32
"2134","Tromso",1902,"1993",4,31
"2135","Tromso",1902,"1994",5,11
"2136","Tromso",1902,"1995",6,14
"2137","Tromso",1902,"1996",6,8
"2138","Tromso",1902,"1997",7,7
"2139","Tromso",1902,"1998",7,9
"2140","Tromso",1902,"1999",8,10
"2141","Tromso",1902,"2000",8,8
"2142","Tromso",1902,"2001",9,12
"2143","Tromso",1902,"2002",10,11
"2144","Tromso",1902,"2003",8,12
"2145","Tromso",1902,"2004",6,12
"2146","Tromso",1902,"2005",7,10
"2147","Tromso",1902,"2006",9,10
"2148","Tromso",1902,"2007",12,11
"2149","Tromso",1902,"2008",12,11
"2150","Tromso",1902,"2009",13,10
"2151","Tromso",1902,"2010",12,6
"2152","Tromso",1902,"2011",4,6
"2153","Tromso",1902,"2012",3,6
"2154","Tromso",1902,"2013",3,7
"2155","Tromso",1902,"2014",2,7
"2156","Tromso",1902,"2015",2,8
"2157","Tromso",1902,"2016",2,8
"2158","Tromso",1902,"2017",3,13
"2159","Tromso",1902,"2018",3,13
"2160","Tromso",1902,"2019",2,11
"2161","Tysfjord",1850,"1990",1,0
"2162","Tysfjord",1850,"1991",1,0
"2163","Tysfjord",1850,"1992",1,0
"2164","Tysfjord",1850,"1993",1,0
"2165","Tysfjord",1850,"1994",1,1
"2166","Tysfjord",1850,"1995",1,1
"2167","Tysfjord",1850,"1996",1,1
"2168","Tysfjord",1850,"1997",1,1
"2169","Tysfjord",1850,"1998",1,1
"2170","Tysfjord",1850,"1999",1,1
"2171","Tysfjord",1850,"2000",1,1
"2172","Tysfjord",1850,"2001",1,1
"2173","Tysfjord",1850,"2002",2,1
"2174","Tysfjord",1850,"2003",2,1
"2175","Tysfjord",1850,"2004",0,2
"2176","Tysfjord",1850,"2005",0,2
"2177","Tysfjord",1850,"2006",0,2
"2178","Tysfjord",1850,"2007",0,1
"2179","Tysfjord",1850,"2008",0,1
"2180","Tysfjord",1850,"2009",0,1
"2181","Tysfjord",1850,"2010",0,0
"2182","Tysfjord",1850,"2011",0,0
"2183","Tysfjord",1850,"2012",0,0
"2184","Tysfjord",1850,"2013",0,0
"2185","Tysfjord",1850,"2014",0,0
"2186","Tysfjord",1850,"2015",0,0
"2187","Tysfjord",1850,"2016",0,0
"2188","Tysfjord",1850,"2017",0,1
"2189","Tysfjord",1850,"2018",0,1
"2190","Tysfjord",1850,"2019",0,1
"2191","Vadso",2003,"1990",0,0
"2192","Vadso",2003,"1991",0,0
"2193","Vadso",2003,"1992",0,1
"2194","Vadso",2003,"1993",0,1
"2195","Vadso",2003,"1994",0,0
"2196","Vadso",2003,"1995",0,0
"2197","Vadso",2003,"1996",0,0
"2198","Vadso",2003,"1997",0,0
"2199","Vadso",2003,"1998",0,0
"2200","Vadso",2003,"1999",0,0
"2201","Vadso",2003,"2000",0,0
"2202","Vadso",2003,"2001",1,0
"2203","Vadso",2003,"2002",0,0
"2204","Vadso",2003,"2003",1,0
"2205","Vadso",2003,"2004",1,0
"2206","Vadso",2003,"2005",1,0
"2207","Vadso",2003,"2006",1,0
"2208","Vadso",2003,"2007",0,0
"2209","Vadso",2003,"2008",0,0
"2210","Vadso",2003,"2009",1,0
"2211","Vadso",2003,"2010",1,0
"2212","Vadso",2003,"2011",1,0
"2213","Vadso",2003,"2012",0,0
"2214","Vadso",2003,"2013",0,0
"2215","Vadso",2003,"2014",0,1
"2216","Vadso",2003,"2015",0,1
"2217","Vadso",2003,"2016",0,1
"2218","Vadso",2003,"2017",0,1
"2219","Vadso",2003,"2018",0,1
"2220","Vadso",2003,"2019",1,0
"2221","Vaeroy",1857,"1990",0,12
"2222","Vaeroy",1857,"1991",0,12
"2223","Vaeroy",1857,"1992",0,13
"2224","Vaeroy",1857,"1993",0,14
"2225","Vaeroy",1857,"1994",0,13
"2226","Vaeroy",1857,"1995",0,12
"2227","Vaeroy",1857,"1996",0,9
"2228","Vaeroy",1857,"1997",0,10
"2229","Vaeroy",1857,"1998",0,10
"2230","Vaeroy",1857,"1999",0,8
"2231","Vaeroy",1857,"2000",0,7
"2232","Vaeroy",1857,"2001",0,7
"2233","Vaeroy",1857,"2002",0,7
"2234","Vaeroy",1857,"2003",0,6
"2235","Vaeroy",1857,"2004",0,6
"2236","Vaeroy",1857,"2005",0,6
"2237","Vaeroy",1857,"2006",0,6
"2238","Vaeroy",1857,"2007",0,7
"2239","Vaeroy",1857,"2008",0,5
"2240","Vaeroy",1857,"2009",0,5
"2241","Vaeroy",1857,"2010",0,6
"2242","Vaeroy",1857,"2011",0,6
"2243","Vaeroy",1857,"2012",0,5
"2244","Vaeroy",1857,"2013",0,4
"2245","Vaeroy",1857,"2014",0,4
"2246","Vaeroy",1857,"2015",0,1
"2247","Vaeroy",1857,"2016",0,0
"2248","Vaeroy",1857,"2017",0,1
"2249","Vaeroy",1857,"2018",0,1
"2250","Vaeroy",1857,"2019",0,1
"2251","Vagan",1865,"1990",4,9
"2252","Vagan",1865,"1991",3,10
"2253","Vagan",1865,"1992",1,11
"2254","Vagan",1865,"1993",0,9
"2255","Vagan",1865,"1994",0,8
"2256","Vagan",1865,"1995",0,9
"2257","Vagan",1865,"1996",0,8
"2258","Vagan",1865,"1997",0,6
"2259","Vagan",1865,"1998",0,7
"2260","Vagan",1865,"1999",1,9
"2261","Vagan",1865,"2000",2,8
"2262","Vagan",1865,"2001",3,4
"2263","Vagan",1865,"2002",3,5
"2264","Vagan",1865,"2003",2,7
"2265","Vagan",1865,"2004",2,7
"2266","Vagan",1865,"2005",3,5
"2267","Vagan",1865,"2006",3,5
"2268","Vagan",1865,"2007",2,4
"2269","Vagan",1865,"2008",1,3
"2270","Vagan",1865,"2009",1,4
"2271","Vagan",1865,"2010",0,4
"2272","Vagan",1865,"2011",0,3
"2273","Vagan",1865,"2012",0,2
"2274","Vagan",1865,"2013",0,1
"2275","Vagan",1865,"2014",0,2
"2276","Vagan",1865,"2015",1,4
"2277","Vagan",1865,"2016",1,5
"2278","Vagan",1865,"2017",0,4
"2279","Vagan",1865,"2018",0,4
"2280","Vagan",1865,"2019",1,6
"2281","Vardo",2002,"1990",0,2
"2282","Vardo",2002,"1991",0,3
"2283","Vardo",2002,"1992",1,3
"2284","Vardo",2002,"1993",1,3
"2285","Vardo",2002,"1994",1,1
"2286","Vardo",2002,"1995",0,2
"2287","Vardo",2002,"1996",0,2
"2288","Vardo",2002,"1997",0,2
"2289","Vardo",2002,"1998",0,1
"2290","Vardo",2002,"1999",0,2
"2291","Vardo",2002,"2000",0,2
"2292","Vardo",2002,"2001",0,2
"2293","Vardo",2002,"2002",1,0
"2294","Vardo",2002,"2003",1,0
"2295","Vardo",2002,"2004",1,1
"2296","Vardo",2002,"2005",0,2
"2297","Vardo",2002,"2006",0,2
"2298","Vardo",2002,"2007",0,2
"2299","Vardo",2002,"2008",0,2
"2300","Vardo",2002,"2009",0,2
"2301","Vardo",2002,"2010",0,1
"2302","Vardo",2002,"2011",1,2
"2303","Vardo",2002,"2012",0,2
"2304","Vardo",2002,"2013",0,2
"2305","Vardo",2002,"2014",0,2
"2306","Vardo",2002,"2015",0,2
"2307","Vardo",2002,"2016",0,3
"2308","Vardo",2002,"2017",0,3
"2309","Vardo",2002,"2018",1,3
"2310","Vardo",2002,"2019",1,3
"2311","Vefsn",1824,"1990",0,0
"2312","Vefsn",1824,"1991",0,0
"2313","Vefsn",1824,"1992",0,0
"2314","Vefsn",1824,"1993",0,0
"2315","Vefsn",1824,"1994",0,0
"2316","Vefsn",1824,"1995",0,0
"2317","Vefsn",1824,"1996",0,0
"2318","Vefsn",1824,"1997",0,0
"2319","Vefsn",1824,"1998",0,0
"2320","Vefsn",1824,"1999",0,0
"2321","Vefsn",1824,"2000",0,0
"2322","Vefsn",1824,"2001",0,0
"2323","Vefsn",1824,"2002",0,0
"2324","Vefsn",1824,"2003",0,0
"2325","Vefsn",1824,"2004",0,0
"2326","Vefsn",1824,"2005",0,0
"2327","Vefsn",1824,"2006",0,0
"2328","Vefsn",1824,"2007",0,0
"2329","Vefsn",1824,"2008",0,0
"2330","Vefsn",1824,"2009",0,0
"2331","Vefsn",1824,"2010",0,0
"2332","Vefsn",1824,"2011",0,0
"2333","Vefsn",1824,"2012",0,0
"2334","Vefsn",1824,"2013",0,0
"2335","Vefsn",1824,"2014",0,0
"2336","Vefsn",1824,"2015",0,0
"2337","Vefsn",1824,"2016",0,0
"2338","Vefsn",1824,"2017",0,0
"2339","Vefsn",1824,"2018",0,0
"2340","Vefsn",1824,"2019",0,0
"2341","Vega",1815,"1990",1,2
"2342","Vega",1815,"1991",3,2
"2343","Vega",1815,"1992",3,2
"2344","Vega",1815,"1993",2,2
"2345","Vega",1815,"1994",2,3
"2346","Vega",1815,"1995",2,3
"2347","Vega",1815,"1996",1,3
"2348","Vega",1815,"1997",1,2
"2349","Vega",1815,"1998",1,2
"2350","Vega",1815,"1999",1,1
"2351","Vega",1815,"2000",1,1
"2352","Vega",1815,"2001",1,1
"2353","Vega",1815,"2002",1,1
"2354","Vega",1815,"2003",1,1
"2355","Vega",1815,"2004",0,1
"2356","Vega",1815,"2005",0,1
"2357","Vega",1815,"2006",0,1
"2358","Vega",1815,"2007",0,1
"2359","Vega",1815,"2008",0,1
"2360","Vega",1815,"2009",0,1
"2361","Vega",1815,"2010",1,1
"2362","Vega",1815,"2011",1,0
"2363","Vega",1815,"2012",1,0
"2364","Vega",1815,"2013",2,0
"2365","Vega",1815,"2014",2,0
"2366","Vega",1815,"2015",2,0
"2367","Vega",1815,"2016",1,0
"2368","Vega",1815,"2017",1,0
"2369","Vega",1815,"2018",1,0
"2370","Vega",1815,"2019",0,0
"2371","Vestvagoy",1860,"1990",1,15
"2372","Vestvagoy",1860,"1991",1,19
"2373","Vestvagoy",1860,"1992",0,19
"2374","Vestvagoy",1860,"1993",0,16
"2375","Vestvagoy",1860,"1994",1,11
"2376","Vestvagoy",1860,"1995",1,13
"2377","Vestvagoy",1860,"1996",1,12
"2378","Vestvagoy",1860,"1997",3,15
"2379","Vestvagoy",1860,"1998",4,12
"2380","Vestvagoy",1860,"1999",4,10
"2381","Vestvagoy",1860,"2000",3,9
"2382","Vestvagoy",1860,"2001",5,7
"2383","Vestvagoy",1860,"2002",2,7
"2384","Vestvagoy",1860,"2003",2,7
"2385","Vestvagoy",1860,"2004",2,5
"2386","Vestvagoy",1860,"2005",2,5
"2387","Vestvagoy",1860,"2006",2,6
"2388","Vestvagoy",1860,"2007",0,4
"2389","Vestvagoy",1860,"2008",0,4
"2390","Vestvagoy",1860,"2009",0,4
"2391","Vestvagoy",1860,"2010",0,4
"2392","Vestvagoy",1860,"2011",0,4
"2393","Vestvagoy",1860,"2012",0,4
"2394","Vestvagoy",1860,"2013",0,5
"2395","Vestvagoy",1860,"2014",0,6
"2396","Vestvagoy",1860,"2015",0,5
"2397","Vestvagoy",1860,"2016",0,5
"2398","Vestvagoy",1860,"2017",1,5
"2399","Vestvagoy",1860,"2018",1,4
"2400","Vestvagoy",1860,"2019",0,4
"2401","Vevelstad",1816,"1990",0,2
"2402","Vevelstad",1816,"1991",0,2
"2403","Vevelstad",1816,"1992",0,1
"2404","Vevelstad",1816,"1993",0,1
"2405","Vevelstad",1816,"1994",0,1
"2406","Vevelstad",1816,"1995",0,1
"2407","Vevelstad",1816,"1996",0,1
"2408","Vevelstad",1816,"1997",0,1
"2409","Vevelstad",1816,"1998",0,1
"2410","Vevelstad",1816,"1999",0,1
"2411","Vevelstad",1816,"2000",0,1
"2412","Vevelstad",1816,"2001",0,1
"2413","Vevelstad",1816,"2002",1,0
"2414","Vevelstad",1816,"2003",1,0
"2415","Vevelstad",1816,"2004",1,0
"2416","Vevelstad",1816,"2005",1,0
"2417","Vevelstad",1816,"2006",1,0
"2418","Vevelstad",1816,"2007",1,0
"2419","Vevelstad",1816,"2008",1,0
"2420","Vevelstad",1816,"2009",1,0
"2421","Vevelstad",1816,"2010",1,0
"2422","Vevelstad",1816,"2011",0,0
"2423","Vevelstad",1816,"2012",0,0
"2424","Vevelstad",1816,"2013",0,0
"2425","Vevelstad",1816,"2014",0,0
"2426","Vevelstad",1816,"2015",0,0
"2427","Vevelstad",1816,"2016",0,0
"2428","Vevelstad",1816,"2017",0,0
"2429","Vevelstad",1816,"2018",0,0
"2430","Vevelstad",1816,"2019",0,0
