"","municip_numb","year","county","part_time_occupation","main_occupation","municip_name"
"1",1820,"1990","Nordland",0,2,"Alstahaug"
"2",1820,"1991","Nordland",0,4,"Alstahaug"
"3",1820,"1992","Nordland",0,6,"Alstahaug"
"4",1820,"1993","Nordland",0,5,"Alstahaug"
"5",1820,"1994","Nordland",0,4,"Alstahaug"
"6",1820,"1995","Nordland",0,5,"Alstahaug"
"7",1820,"1996","Nordland",1,5,"Alstahaug"
"8",1820,"1997","Nordland",1,5,"Alstahaug"
"9",1820,"1998","Nordland",0,4,"Alstahaug"
"10",1820,"1999","Nordland",0,4,"Alstahaug"
"11",1820,"2000","Nordland",0,5,"Alstahaug"
"12",1820,"2001","Nordland",0,4,"Alstahaug"
"13",1820,"2002","Nordland",0,2,"Alstahaug"
"14",1820,"2003","Nordland",0,2,"Alstahaug"
"15",1820,"2004","Nordland",0,1,"Alstahaug"
"16",1820,"2005","Nordland",0,1,"Alstahaug"
"17",1820,"2006","Nordland",0,1,"Alstahaug"
"18",1820,"2007","Nordland",0,2,"Alstahaug"
"19",1820,"2008","Nordland",0,1,"Alstahaug"
"20",1820,"2009","Nordland",0,1,"Alstahaug"
"21",1820,"2010","Nordland",0,2,"Alstahaug"
"22",1820,"2011","Nordland",1,2,"Alstahaug"
"23",1820,"2012","Nordland",1,3,"Alstahaug"
"24",1820,"2013","Nordland",1,1,"Alstahaug"
"25",1820,"2014","Nordland",0,1,"Alstahaug"
"26",1820,"2015","Nordland",0,1,"Alstahaug"
"27",1820,"2016","Nordland",0,1,"Alstahaug"
"28",1820,"2017","Nordland",0,1,"Alstahaug"
"29",1820,"2018","Nordland",0,2,"Alstahaug"
"30",1820,"2019","Nordland",0,1,"Alstahaug"
"31",2012,"1990","Finnmark",5,5,"Alta"
"32",2012,"1991","Finnmark",4,6,"Alta"
"33",2012,"1992","Finnmark",6,7,"Alta"
"34",2012,"1993","Finnmark",10,6,"Alta"
"35",2012,"1994","Finnmark",10,7,"Alta"
"36",2012,"1995","Finnmark",9,4,"Alta"
"37",2012,"1996","Finnmark",8,4,"Alta"
"38",2012,"1997","Finnmark",7,5,"Alta"
"39",2012,"1998","Finnmark",8,6,"Alta"
"40",2012,"1999","Finnmark",9,6,"Alta"
"41",2012,"2000","Finnmark",10,6,"Alta"
"42",2012,"2001","Finnmark",8,4,"Alta"
"43",2012,"2002","Finnmark",7,4,"Alta"
"44",2012,"2003","Finnmark",8,5,"Alta"
"45",2012,"2004","Finnmark",7,4,"Alta"
"46",2012,"2005","Finnmark",9,3,"Alta"
"47",2012,"2006","Finnmark",9,6,"Alta"
"48",2012,"2007","Finnmark",9,6,"Alta"
"49",2012,"2008","Finnmark",9,7,"Alta"
"50",2012,"2009","Finnmark",7,7,"Alta"
"51",2012,"2010","Finnmark",7,5,"Alta"
"52",2012,"2011","Finnmark",6,5,"Alta"
"53",2012,"2012","Finnmark",3,5,"Alta"
"54",2012,"2013","Finnmark",2,3,"Alta"
"55",2012,"2014","Finnmark",2,4,"Alta"
"56",2012,"2015","Finnmark",2,3,"Alta"
"57",2012,"2016","Finnmark",1,5,"Alta"
"58",2012,"2017","Finnmark",1,5,"Alta"
"59",2012,"2018","Finnmark",2,5,"Alta"
"60",2012,"2019","Finnmark",2,6,"Alta"
"61",1871,"1990","Nordland",2,4,"Andoy"
"62",1871,"1991","Nordland",2,4,"Andoy"
"63",1871,"1992","Nordland",2,4,"Andoy"
"64",1871,"1993","Nordland",2,5,"Andoy"
"65",1871,"1994","Nordland",2,3,"Andoy"
"66",1871,"1995","Nordland",1,4,"Andoy"
"67",1871,"1996","Nordland",1,4,"Andoy"
"68",1871,"1997","Nordland",1,6,"Andoy"
"69",1871,"1998","Nordland",1,3,"Andoy"
"70",1871,"1999","Nordland",2,3,"Andoy"
"71",1871,"2000","Nordland",2,3,"Andoy"
"72",1871,"2001","Nordland",1,2,"Andoy"
"73",1871,"2002","Nordland",1,4,"Andoy"
"74",1871,"2003","Nordland",4,7,"Andoy"
"75",1871,"2004","Nordland",3,8,"Andoy"
"76",1871,"2005","Nordland",4,10,"Andoy"
"77",1871,"2006","Nordland",4,7,"Andoy"
"78",1871,"2007","Nordland",4,5,"Andoy"
"79",1871,"2008","Nordland",3,6,"Andoy"
"80",1871,"2009","Nordland",2,5,"Andoy"
"81",1871,"2010","Nordland",1,6,"Andoy"
"82",1871,"2011","Nordland",1,7,"Andoy"
"83",1871,"2012","Nordland",1,7,"Andoy"
"84",1871,"2013","Nordland",1,7,"Andoy"
"85",1871,"2014","Nordland",1,6,"Andoy"
"86",1871,"2015","Nordland",1,4,"Andoy"
"87",1871,"2016","Nordland",1,4,"Andoy"
"88",1871,"2017","Nordland",0,7,"Andoy"
"89",1871,"2018","Nordland",0,6,"Andoy"
"90",1871,"2019","Nordland",0,3,"Andoy"
"91",1933,"1990","Troms",0,7,"Balsfjord"
"92",1933,"1991","Troms",0,3,"Balsfjord"
"93",1933,"1992","Troms",1,3,"Balsfjord"
"94",1933,"1993","Troms",0,5,"Balsfjord"
"95",1933,"1994","Troms",0,9,"Balsfjord"
"96",1933,"1995","Troms",0,6,"Balsfjord"
"97",1933,"1996","Troms",0,6,"Balsfjord"
"98",1933,"1997","Troms",1,5,"Balsfjord"
"99",1933,"1998","Troms",1,4,"Balsfjord"
"100",1933,"1999","Troms",0,6,"Balsfjord"
"101",1933,"2000","Troms",1,3,"Balsfjord"
"102",1933,"2001","Troms",1,2,"Balsfjord"
"103",1933,"2002","Troms",0,0,"Balsfjord"
"104",1933,"2003","Troms",0,0,"Balsfjord"
"105",1933,"2004","Troms",0,1,"Balsfjord"
"106",1933,"2005","Troms",1,1,"Balsfjord"
"107",1933,"2006","Troms",0,1,"Balsfjord"
"108",1933,"2007","Troms",0,1,"Balsfjord"
"109",1933,"2008","Troms",0,1,"Balsfjord"
"110",1933,"2009","Troms",0,2,"Balsfjord"
"111",1933,"2010","Troms",0,0,"Balsfjord"
"112",1933,"2011","Troms",0,0,"Balsfjord"
"113",1933,"2012","Troms",0,0,"Balsfjord"
"114",1933,"2013","Troms",0,0,"Balsfjord"
"115",1933,"2014","Troms",0,1,"Balsfjord"
"116",1933,"2015","Troms",0,1,"Balsfjord"
"117",1933,"2016","Troms",0,1,"Balsfjord"
"118",1933,"2017","Troms",0,2,"Balsfjord"
"119",1933,"2018","Troms",0,2,"Balsfjord"
"120",1933,"2019","Troms",0,2,"Balsfjord"
"121",1929,"1990","Troms",1,0,"Berg"
"122",1929,"1991","Troms",1,0,"Berg"
"123",1929,"1992","Troms",1,1,"Berg"
"124",1929,"1993","Troms",1,1,"Berg"
"125",1929,"1994","Troms",1,2,"Berg"
"126",1929,"1995","Troms",1,1,"Berg"
"127",1929,"1996","Troms",1,1,"Berg"
"128",1929,"1997","Troms",1,0,"Berg"
"129",1929,"1998","Troms",0,0,"Berg"
"130",1929,"1999","Troms",0,0,"Berg"
"131",1929,"2000","Troms",0,0,"Berg"
"132",1929,"2001","Troms",0,1,"Berg"
"133",1929,"2002","Troms",0,1,"Berg"
"134",1929,"2003","Troms",0,0,"Berg"
"135",1929,"2004","Troms",0,0,"Berg"
"136",1929,"2005","Troms",0,0,"Berg"
"137",1929,"2006","Troms",0,0,"Berg"
"138",1929,"2007","Troms",0,0,"Berg"
"139",1929,"2008","Troms",0,0,"Berg"
"140",1929,"2009","Troms",1,0,"Berg"
"141",1929,"2010","Troms",1,0,"Berg"
"142",1929,"2011","Troms",1,0,"Berg"
"143",1929,"2012","Troms",0,0,"Berg"
"144",1929,"2013","Troms",0,0,"Berg"
"145",1929,"2014","Troms",0,1,"Berg"
"146",1929,"2015","Troms",0,1,"Berg"
"147",1929,"2016","Troms",0,1,"Berg"
"148",1929,"2017","Troms",0,0,"Berg"
"149",1929,"2018","Troms",0,0,"Berg"
"150",1929,"2019","Troms",0,0,"Berg"
"151",2024,"1990","Finnmark",0,0,"Berlevag"
"152",2024,"1991","Finnmark",0,0,"Berlevag"
"153",2024,"1992","Finnmark",0,0,"Berlevag"
"154",2024,"1993","Finnmark",0,0,"Berlevag"
"155",2024,"1994","Finnmark",0,0,"Berlevag"
"156",2024,"1995","Finnmark",0,0,"Berlevag"
"157",2024,"1996","Finnmark",0,0,"Berlevag"
"158",2024,"1997","Finnmark",0,0,"Berlevag"
"159",2024,"1998","Finnmark",0,0,"Berlevag"
"160",2024,"1999","Finnmark",0,2,"Berlevag"
"161",2024,"2000","Finnmark",0,3,"Berlevag"
"162",2024,"2001","Finnmark",0,3,"Berlevag"
"163",2024,"2002","Finnmark",0,3,"Berlevag"
"164",2024,"2003","Finnmark",0,1,"Berlevag"
"165",2024,"2004","Finnmark",0,0,"Berlevag"
"166",2024,"2005","Finnmark",0,0,"Berlevag"
"167",2024,"2006","Finnmark",0,0,"Berlevag"
"168",2024,"2007","Finnmark",0,0,"Berlevag"
"169",2024,"2008","Finnmark",1,0,"Berlevag"
"170",2024,"2009","Finnmark",2,0,"Berlevag"
"171",2024,"2010","Finnmark",1,1,"Berlevag"
"172",2024,"2011","Finnmark",0,1,"Berlevag"
"173",2024,"2012","Finnmark",0,2,"Berlevag"
"174",2024,"2013","Finnmark",0,2,"Berlevag"
"175",2024,"2014","Finnmark",0,2,"Berlevag"
"176",2024,"2015","Finnmark",0,2,"Berlevag"
"177",2024,"2016","Finnmark",0,2,"Berlevag"
"178",2024,"2017","Finnmark",0,2,"Berlevag"
"179",2024,"2018","Finnmark",0,2,"Berlevag"
"180",2024,"2019","Finnmark",0,2,"Berlevag"
"181",1811,"1990","Nordland",0,0,"Bindal"
"182",1811,"1991","Nordland",0,0,"Bindal"
"183",1811,"1992","Nordland",0,0,"Bindal"
"184",1811,"1993","Nordland",0,1,"Bindal"
"185",1811,"1994","Nordland",0,1,"Bindal"
"186",1811,"1995","Nordland",0,2,"Bindal"
"187",1811,"1996","Nordland",0,1,"Bindal"
"188",1811,"1997","Nordland",0,0,"Bindal"
"189",1811,"1998","Nordland",0,0,"Bindal"
"190",1811,"1999","Nordland",0,0,"Bindal"
"191",1811,"2000","Nordland",0,0,"Bindal"
"192",1811,"2001","Nordland",0,0,"Bindal"
"193",1811,"2002","Nordland",0,0,"Bindal"
"194",1811,"2003","Nordland",0,0,"Bindal"
"195",1811,"2004","Nordland",0,0,"Bindal"
"196",1811,"2005","Nordland",0,0,"Bindal"
"197",1811,"2006","Nordland",0,0,"Bindal"
"198",1811,"2007","Nordland",0,0,"Bindal"
"199",1811,"2008","Nordland",0,1,"Bindal"
"200",1811,"2009","Nordland",0,1,"Bindal"
"201",1811,"2010","Nordland",0,1,"Bindal"
"202",1811,"2011","Nordland",1,0,"Bindal"
"203",1811,"2012","Nordland",0,0,"Bindal"
"204",1811,"2013","Nordland",0,0,"Bindal"
"205",1811,"2014","Nordland",0,0,"Bindal"
"206",1811,"2015","Nordland",0,0,"Bindal"
"207",1811,"2016","Nordland",0,0,"Bindal"
"208",1811,"2017","Nordland",0,0,"Bindal"
"209",1811,"2018","Nordland",0,0,"Bindal"
"210",1811,"2019","Nordland",0,0,"Bindal"
"211",1804,"1990","Nordland",0,3,"Bodo"
"212",1804,"1991","Nordland",0,3,"Bodo"
"213",1804,"1992","Nordland",1,2,"Bodo"
"214",1804,"1993","Nordland",2,4,"Bodo"
"215",1804,"1994","Nordland",1,5,"Bodo"
"216",1804,"1995","Nordland",1,5,"Bodo"
"217",1804,"1996","Nordland",1,6,"Bodo"
"218",1804,"1997","Nordland",3,3,"Bodo"
"219",1804,"1998","Nordland",3,3,"Bodo"
"220",1804,"1999","Nordland",3,3,"Bodo"
"221",1804,"2000","Nordland",3,3,"Bodo"
"222",1804,"2001","Nordland",3,2,"Bodo"
"223",1804,"2002","Nordland",3,2,"Bodo"
"224",1804,"2003","Nordland",0,2,"Bodo"
"225",1804,"2004","Nordland",2,2,"Bodo"
"226",1804,"2005","Nordland",1,3,"Bodo"
"227",1804,"2006","Nordland",1,2,"Bodo"
"228",1804,"2007","Nordland",1,1,"Bodo"
"229",1804,"2008","Nordland",1,1,"Bodo"
"230",1804,"2009","Nordland",1,2,"Bodo"
"231",1804,"2010","Nordland",2,1,"Bodo"
"232",1804,"2011","Nordland",2,0,"Bodo"
"233",1804,"2012","Nordland",2,1,"Bodo"
"234",1804,"2013","Nordland",2,1,"Bodo"
"235",1804,"2014","Nordland",1,2,"Bodo"
"236",1804,"2015","Nordland",1,3,"Bodo"
"237",1804,"2016","Nordland",2,3,"Bodo"
"238",1804,"2017","Nordland",2,3,"Bodo"
"239",1804,"2018","Nordland",1,3,"Bodo"
"240",1804,"2019","Nordland",1,5,"Bodo"
"241",1813,"1990","Nordland",1,1,"Bronnoy"
"242",1813,"1991","Nordland",0,1,"Bronnoy"
"243",1813,"1992","Nordland",0,2,"Bronnoy"
"244",1813,"1993","Nordland",0,2,"Bronnoy"
"245",1813,"1994","Nordland",0,3,"Bronnoy"
"246",1813,"1995","Nordland",0,3,"Bronnoy"
"247",1813,"1996","Nordland",0,3,"Bronnoy"
"248",1813,"1997","Nordland",0,2,"Bronnoy"
"249",1813,"1998","Nordland",0,1,"Bronnoy"
"250",1813,"1999","Nordland",0,1,"Bronnoy"
"251",1813,"2000","Nordland",0,1,"Bronnoy"
"252",1813,"2001","Nordland",0,1,"Bronnoy"
"253",1813,"2002","Nordland",0,1,"Bronnoy"
"254",1813,"2003","Nordland",0,1,"Bronnoy"
"255",1813,"2004","Nordland",0,2,"Bronnoy"
"256",1813,"2005","Nordland",0,1,"Bronnoy"
"257",1813,"2006","Nordland",0,1,"Bronnoy"
"258",1813,"2007","Nordland",0,1,"Bronnoy"
"259",1813,"2008","Nordland",0,1,"Bronnoy"
"260",1813,"2009","Nordland",0,1,"Bronnoy"
"261",1813,"2010","Nordland",0,1,"Bronnoy"
"262",1813,"2011","Nordland",0,1,"Bronnoy"
"263",1813,"2012","Nordland",0,1,"Bronnoy"
"264",1813,"2013","Nordland",0,1,"Bronnoy"
"265",1813,"2014","Nordland",0,2,"Bronnoy"
"266",1813,"2015","Nordland",1,2,"Bronnoy"
"267",1813,"2016","Nordland",3,1,"Bronnoy"
"268",1813,"2017","Nordland",3,2,"Bronnoy"
"269",1813,"2018","Nordland",4,2,"Bronnoy"
"270",1813,"2019","Nordland",4,2,"Bronnoy"
"271",1867,"1990","Nordland",0,4,"Bo"
"272",1867,"1991","Nordland",0,1,"Bo"
"273",1867,"1992","Nordland",0,2,"Bo"
"274",1867,"1993","Nordland",0,3,"Bo"
"275",1867,"1994","Nordland",0,2,"Bo"
"276",1867,"1995","Nordland",0,3,"Bo"
"277",1867,"1996","Nordland",0,2,"Bo"
"278",1867,"1997","Nordland",0,2,"Bo"
"279",1867,"1998","Nordland",0,1,"Bo"
"280",1867,"1999","Nordland",0,2,"Bo"
"281",1867,"2000","Nordland",0,0,"Bo"
"282",1867,"2001","Nordland",0,0,"Bo"
"283",1867,"2002","Nordland",0,0,"Bo"
"284",1867,"2003","Nordland",0,0,"Bo"
"285",1867,"2004","Nordland",1,0,"Bo"
"286",1867,"2005","Nordland",1,0,"Bo"
"287",1867,"2006","Nordland",1,0,"Bo"
"288",1867,"2007","Nordland",0,0,"Bo"
"289",1867,"2008","Nordland",0,0,"Bo"
"290",1867,"2009","Nordland",0,0,"Bo"
"291",1867,"2010","Nordland",0,1,"Bo"
"292",1867,"2011","Nordland",0,1,"Bo"
"293",1867,"2012","Nordland",0,1,"Bo"
"294",1867,"2013","Nordland",0,3,"Bo"
"295",1867,"2014","Nordland",0,4,"Bo"
"296",1867,"2015","Nordland",0,3,"Bo"
"297",1867,"2016","Nordland",0,2,"Bo"
"298",1867,"2017","Nordland",0,2,"Bo"
"299",1867,"2018","Nordland",0,2,"Bo"
"300",1867,"2019","Nordland",0,2,"Bo"
"301",2028,"1990","Finnmark",1,3,"Batsfjord"
"302",2028,"1991","Finnmark",1,3,"Batsfjord"
"303",2028,"1992","Finnmark",1,3,"Batsfjord"
"304",2028,"1993","Finnmark",0,3,"Batsfjord"
"305",2028,"1994","Finnmark",0,2,"Batsfjord"
"306",2028,"1995","Finnmark",0,2,"Batsfjord"
"307",2028,"1996","Finnmark",0,3,"Batsfjord"
"308",2028,"1997","Finnmark",0,3,"Batsfjord"
"309",2028,"1998","Finnmark",0,2,"Batsfjord"
"310",2028,"1999","Finnmark",0,2,"Batsfjord"
"311",2028,"2000","Finnmark",0,2,"Batsfjord"
"312",2028,"2001","Finnmark",0,2,"Batsfjord"
"313",2028,"2002","Finnmark",0,1,"Batsfjord"
"314",2028,"2003","Finnmark",0,1,"Batsfjord"
"315",2028,"2004","Finnmark",0,1,"Batsfjord"
"316",2028,"2005","Finnmark",2,1,"Batsfjord"
"317",2028,"2006","Finnmark",2,1,"Batsfjord"
"318",2028,"2007","Finnmark",1,0,"Batsfjord"
"319",2028,"2008","Finnmark",1,0,"Batsfjord"
"320",2028,"2009","Finnmark",0,1,"Batsfjord"
"321",2028,"2010","Finnmark",0,1,"Batsfjord"
"322",2028,"2011","Finnmark",0,1,"Batsfjord"
"323",2028,"2012","Finnmark",0,1,"Batsfjord"
"324",2028,"2013","Finnmark",0,2,"Batsfjord"
"325",2028,"2014","Finnmark",0,2,"Batsfjord"
"326",2028,"2015","Finnmark",0,1,"Batsfjord"
"327",2028,"2016","Finnmark",0,1,"Batsfjord"
"328",2028,"2017","Finnmark",0,1,"Batsfjord"
"329",2028,"2018","Finnmark",0,1,"Batsfjord"
"330",2028,"2019","Finnmark",0,0,"Batsfjord"
"331",2025,"1990","Finnmark",1,2,"Tana"
"332",2025,"1991","Finnmark",1,1,"Tana"
"333",2025,"1992","Finnmark",1,0,"Tana"
"334",2025,"1993","Finnmark",1,0,"Tana"
"335",2025,"1994","Finnmark",1,0,"Tana"
"336",2025,"1995","Finnmark",1,0,"Tana"
"337",2025,"1996","Finnmark",1,0,"Tana"
"338",2025,"1997","Finnmark",1,0,"Tana"
"339",2025,"1998","Finnmark",1,1,"Tana"
"340",2025,"1999","Finnmark",1,0,"Tana"
"341",2025,"2000","Finnmark",1,0,"Tana"
"342",2025,"2001","Finnmark",1,0,"Tana"
"343",2025,"2002","Finnmark",1,0,"Tana"
"344",2025,"2003","Finnmark",2,0,"Tana"
"345",2025,"2004","Finnmark",2,0,"Tana"
"346",2025,"2005","Finnmark",1,1,"Tana"
"347",2025,"2006","Finnmark",0,1,"Tana"
"348",2025,"2007","Finnmark",0,1,"Tana"
"349",2025,"2008","Finnmark",1,0,"Tana"
"350",2025,"2009","Finnmark",2,1,"Tana"
"351",2025,"2010","Finnmark",2,1,"Tana"
"352",2025,"2011","Finnmark",4,0,"Tana"
"353",2025,"2012","Finnmark",5,1,"Tana"
"354",2025,"2013","Finnmark",4,1,"Tana"
"355",2025,"2014","Finnmark",4,1,"Tana"
"356",2025,"2015","Finnmark",3,0,"Tana"
"357",2025,"2016","Finnmark",4,0,"Tana"
"358",2025,"2017","Finnmark",3,3,"Tana"
"359",2025,"2018","Finnmark",2,4,"Tana"
"360",2025,"2019","Finnmark",4,4,"Tana"
"361",1926,"1990","Troms",0,1,"Dyroy"
"362",1926,"1991","Troms",0,2,"Dyroy"
"363",1926,"1992","Troms",0,2,"Dyroy"
"364",1926,"1993","Troms",0,2,"Dyroy"
"365",1926,"1994","Troms",0,1,"Dyroy"
"366",1926,"1995","Troms",0,2,"Dyroy"
"367",1926,"1996","Troms",0,1,"Dyroy"
"368",1926,"1997","Troms",0,1,"Dyroy"
"369",1926,"1998","Troms",0,1,"Dyroy"
"370",1926,"1999","Troms",0,1,"Dyroy"
"371",1926,"2000","Troms",1,0,"Dyroy"
"372",1926,"2001","Troms",1,0,"Dyroy"
"373",1926,"2002","Troms",1,1,"Dyroy"
"374",1926,"2003","Troms",1,0,"Dyroy"
"375",1926,"2004","Troms",0,0,"Dyroy"
"376",1926,"2005","Troms",1,0,"Dyroy"
"377",1926,"2006","Troms",0,0,"Dyroy"
"378",1926,"2007","Troms",0,0,"Dyroy"
"379",1926,"2008","Troms",0,0,"Dyroy"
"380",1926,"2009","Troms",0,0,"Dyroy"
"381",1926,"2010","Troms",0,0,"Dyroy"
"382",1926,"2011","Troms",0,0,"Dyroy"
"383",1926,"2012","Troms",0,0,"Dyroy"
"384",1926,"2013","Troms",0,0,"Dyroy"
"385",1926,"2014","Troms",0,0,"Dyroy"
"386",1926,"2015","Troms",0,0,"Dyroy"
"387",1926,"2016","Troms",0,0,"Dyroy"
"388",1926,"2017","Troms",0,0,"Dyroy"
"389",1926,"2018","Troms",0,0,"Dyroy"
"390",1926,"2019","Troms",0,0,"Dyroy"
"391",1827,"1990","Nordland",1,0,"Donna"
"392",1827,"1991","Nordland",0,0,"Donna"
"393",1827,"1992","Nordland",0,0,"Donna"
"394",1827,"1993","Nordland",0,0,"Donna"
"395",1827,"1994","Nordland",0,0,"Donna"
"396",1827,"1995","Nordland",0,0,"Donna"
"397",1827,"1996","Nordland",0,0,"Donna"
"398",1827,"1997","Nordland",0,2,"Donna"
"399",1827,"1998","Nordland",1,1,"Donna"
"400",1827,"1999","Nordland",1,0,"Donna"
"401",1827,"2000","Nordland",0,1,"Donna"
"402",1827,"2001","Nordland",0,1,"Donna"
"403",1827,"2002","Nordland",0,1,"Donna"
"404",1827,"2003","Nordland",0,1,"Donna"
"405",1827,"2004","Nordland",0,2,"Donna"
"406",1827,"2005","Nordland",0,1,"Donna"
"407",1827,"2006","Nordland",0,1,"Donna"
"408",1827,"2007","Nordland",0,0,"Donna"
"409",1827,"2008","Nordland",0,0,"Donna"
"410",1827,"2009","Nordland",0,0,"Donna"
"411",1827,"2010","Nordland",0,0,"Donna"
"412",1827,"2011","Nordland",0,0,"Donna"
"413",1827,"2012","Nordland",0,0,"Donna"
"414",1827,"2013","Nordland",0,0,"Donna"
"415",1827,"2014","Nordland",0,0,"Donna"
"416",1827,"2015","Nordland",0,0,"Donna"
"417",1827,"2016","Nordland",0,0,"Donna"
"418",1827,"2017","Nordland",0,0,"Donna"
"419",1827,"2018","Nordland",0,0,"Donna"
"420",1827,"2019","Nordland",0,0,"Donna"
"421",1841,"1990","Nordland",0,0,"Fauske"
"422",1841,"1991","Nordland",0,0,"Fauske"
"423",1841,"1992","Nordland",0,0,"Fauske"
"424",1841,"1993","Nordland",0,0,"Fauske"
"425",1841,"1994","Nordland",0,0,"Fauske"
"426",1841,"1995","Nordland",0,0,"Fauske"
"427",1841,"1996","Nordland",0,0,"Fauske"
"428",1841,"1997","Nordland",1,2,"Fauske"
"429",1841,"1998","Nordland",0,1,"Fauske"
"430",1841,"1999","Nordland",0,2,"Fauske"
"431",1841,"2000","Nordland",0,2,"Fauske"
"432",1841,"2001","Nordland",0,3,"Fauske"
"433",1841,"2002","Nordland",0,2,"Fauske"
"434",1841,"2003","Nordland",0,0,"Fauske"
"435",1841,"2004","Nordland",0,0,"Fauske"
"436",1841,"2005","Nordland",0,0,"Fauske"
"437",1841,"2006","Nordland",0,1,"Fauske"
"438",1841,"2007","Nordland",0,0,"Fauske"
"439",1841,"2008","Nordland",0,0,"Fauske"
"440",1841,"2009","Nordland",0,0,"Fauske"
"441",1841,"2010","Nordland",0,0,"Fauske"
"442",1841,"2011","Nordland",0,0,"Fauske"
"443",1841,"2012","Nordland",0,0,"Fauske"
"444",1841,"2013","Nordland",0,0,"Fauske"
"445",1841,"2014","Nordland",0,0,"Fauske"
"446",1841,"2015","Nordland",0,0,"Fauske"
"447",1841,"2016","Nordland",0,0,"Fauske"
"448",1841,"2017","Nordland",0,0,"Fauske"
"449",1841,"2018","Nordland",0,0,"Fauske"
"450",1841,"2019","Nordland",0,0,"Fauske"
"451",1859,"1990","Nordland",2,10,"Flakstad"
"452",1859,"1991","Nordland",0,12,"Flakstad"
"453",1859,"1992","Nordland",0,13,"Flakstad"
"454",1859,"1993","Nordland",1,9,"Flakstad"
"455",1859,"1994","Nordland",3,6,"Flakstad"
"456",1859,"1995","Nordland",2,6,"Flakstad"
"457",1859,"1996","Nordland",1,7,"Flakstad"
"458",1859,"1997","Nordland",0,6,"Flakstad"
"459",1859,"1998","Nordland",1,9,"Flakstad"
"460",1859,"1999","Nordland",3,7,"Flakstad"
"461",1859,"2000","Nordland",3,7,"Flakstad"
"462",1859,"2001","Nordland",2,6,"Flakstad"
"463",1859,"2002","Nordland",2,7,"Flakstad"
"464",1859,"2003","Nordland",2,11,"Flakstad"
"465",1859,"2004","Nordland",3,10,"Flakstad"
"466",1859,"2005","Nordland",3,9,"Flakstad"
"467",1859,"2006","Nordland",1,10,"Flakstad"
"468",1859,"2007","Nordland",2,11,"Flakstad"
"469",1859,"2008","Nordland",2,11,"Flakstad"
"470",1859,"2009","Nordland",2,12,"Flakstad"
"471",1859,"2010","Nordland",1,13,"Flakstad"
"472",1859,"2011","Nordland",1,13,"Flakstad"
"473",1859,"2012","Nordland",1,12,"Flakstad"
"474",1859,"2013","Nordland",1,10,"Flakstad"
"475",1859,"2014","Nordland",0,8,"Flakstad"
"476",1859,"2015","Nordland",1,6,"Flakstad"
"477",1859,"2016","Nordland",2,6,"Flakstad"
"478",1859,"2017","Nordland",1,6,"Flakstad"
"479",1859,"2018","Nordland",1,7,"Flakstad"
"480",1859,"2019","Nordland",2,6,"Flakstad"
"481",1940,"1990","Troms",0,1,"Kafjord"
"482",1940,"1991","Troms",0,0,"Kafjord"
"483",1940,"1992","Troms",1,0,"Kafjord"
"484",1940,"1993","Troms",1,0,"Kafjord"
"485",1940,"1994","Troms",1,1,"Kafjord"
"486",1940,"1995","Troms",1,1,"Kafjord"
"487",1940,"1996","Troms",1,1,"Kafjord"
"488",1940,"1997","Troms",1,0,"Kafjord"
"489",1940,"1998","Troms",1,0,"Kafjord"
"490",1940,"1999","Troms",1,0,"Kafjord"
"491",1940,"2000","Troms",1,0,"Kafjord"
"492",1940,"2001","Troms",2,0,"Kafjord"
"493",1940,"2002","Troms",0,1,"Kafjord"
"494",1940,"2003","Troms",1,1,"Kafjord"
"495",1940,"2004","Troms",1,1,"Kafjord"
"496",1940,"2005","Troms",1,1,"Kafjord"
"497",1940,"2006","Troms",1,0,"Kafjord"
"498",1940,"2007","Troms",1,1,"Kafjord"
"499",1940,"2008","Troms",1,0,"Kafjord"
"500",1940,"2009","Troms",1,0,"Kafjord"
"501",1940,"2010","Troms",1,0,"Kafjord"
"502",1940,"2011","Troms",1,0,"Kafjord"
"503",1940,"2012","Troms",1,0,"Kafjord"
"504",1940,"2013","Troms",1,0,"Kafjord"
"505",1940,"2014","Troms",0,0,"Kafjord"
"506",1940,"2015","Troms",0,0,"Kafjord"
"507",1940,"2016","Troms",0,0,"Kafjord"
"508",1940,"2017","Troms",1,0,"Kafjord"
"509",1940,"2018","Troms",1,0,"Kafjord"
"510",1940,"2019","Troms",1,0,"Kafjord"
"511",2023,"1990","Finnmark",0,6,"Gamvik"
"512",2023,"1991","Finnmark",0,5,"Gamvik"
"513",2023,"1992","Finnmark",0,5,"Gamvik"
"514",2023,"1993","Finnmark",0,4,"Gamvik"
"515",2023,"1994","Finnmark",1,3,"Gamvik"
"516",2023,"1995","Finnmark",1,2,"Gamvik"
"517",2023,"1996","Finnmark",1,2,"Gamvik"
"518",2023,"1997","Finnmark",2,2,"Gamvik"
"519",2023,"1998","Finnmark",2,0,"Gamvik"
"520",2023,"1999","Finnmark",2,0,"Gamvik"
"521",2023,"2000","Finnmark",1,0,"Gamvik"
"522",2023,"2001","Finnmark",1,0,"Gamvik"
"523",2023,"2002","Finnmark",3,1,"Gamvik"
"524",2023,"2003","Finnmark",5,3,"Gamvik"
"525",2023,"2004","Finnmark",5,3,"Gamvik"
"526",2023,"2005","Finnmark",5,2,"Gamvik"
"527",2023,"2006","Finnmark",2,4,"Gamvik"
"528",2023,"2007","Finnmark",1,4,"Gamvik"
"529",2023,"2008","Finnmark",2,4,"Gamvik"
"530",2023,"2009","Finnmark",1,5,"Gamvik"
"531",2023,"2010","Finnmark",1,5,"Gamvik"
"532",2023,"2011","Finnmark",0,5,"Gamvik"
"533",2023,"2012","Finnmark",0,7,"Gamvik"
"534",2023,"2013","Finnmark",0,6,"Gamvik"
"535",2023,"2014","Finnmark",0,7,"Gamvik"
"536",2023,"2015","Finnmark",0,7,"Gamvik"
"537",2023,"2016","Finnmark",0,9,"Gamvik"
"538",2023,"2017","Finnmark",0,9,"Gamvik"
"539",2023,"2018","Finnmark",0,10,"Gamvik"
"540",2023,"2019","Finnmark",2,11,"Gamvik"
"541",1838,"1990","Nordland",0,0,"Gildeskal"
"542",1838,"1991","Nordland",0,0,"Gildeskal"
"543",1838,"1992","Nordland",0,2,"Gildeskal"
"544",1838,"1993","Nordland",0,2,"Gildeskal"
"545",1838,"1994","Nordland",0,3,"Gildeskal"
"546",1838,"1995","Nordland",0,2,"Gildeskal"
"547",1838,"1996","Nordland",1,1,"Gildeskal"
"548",1838,"1997","Nordland",1,1,"Gildeskal"
"549",1838,"1998","Nordland",1,0,"Gildeskal"
"550",1838,"1999","Nordland",1,0,"Gildeskal"
"551",1838,"2000","Nordland",0,0,"Gildeskal"
"552",1838,"2001","Nordland",0,0,"Gildeskal"
"553",1838,"2002","Nordland",0,0,"Gildeskal"
"554",1838,"2003","Nordland",0,1,"Gildeskal"
"555",1838,"2004","Nordland",0,0,"Gildeskal"
"556",1838,"2005","Nordland",0,0,"Gildeskal"
"557",1838,"2006","Nordland",0,0,"Gildeskal"
"558",1838,"2007","Nordland",0,0,"Gildeskal"
"559",1838,"2008","Nordland",2,0,"Gildeskal"
"560",1838,"2009","Nordland",2,0,"Gildeskal"
"561",1838,"2010","Nordland",2,0,"Gildeskal"
"562",1838,"2011","Nordland",0,0,"Gildeskal"
"563",1838,"2012","Nordland",0,0,"Gildeskal"
"564",1838,"2013","Nordland",0,0,"Gildeskal"
"565",1838,"2014","Nordland",0,0,"Gildeskal"
"566",1838,"2015","Nordland",0,0,"Gildeskal"
"567",1838,"2016","Nordland",0,0,"Gildeskal"
"568",1838,"2017","Nordland",0,1,"Gildeskal"
"569",1838,"2018","Nordland",0,0,"Gildeskal"
"570",1838,"2019","Nordland",0,1,"Gildeskal"
"571",1919,"1990","Troms",0,0,"Gratangen"
"572",1919,"1991","Troms",0,1,"Gratangen"
"573",1919,"1992","Troms",0,1,"Gratangen"
"574",1919,"1993","Troms",0,1,"Gratangen"
"575",1919,"1994","Troms",0,0,"Gratangen"
"576",1919,"1995","Troms",0,0,"Gratangen"
"577",1919,"1996","Troms",0,0,"Gratangen"
"578",1919,"1997","Troms",0,0,"Gratangen"
"579",1919,"1998","Troms",0,0,"Gratangen"
"580",1919,"1999","Troms",0,1,"Gratangen"
"581",1919,"2000","Troms",0,3,"Gratangen"
"582",1919,"2001","Troms",0,1,"Gratangen"
"583",1919,"2002","Troms",0,1,"Gratangen"
"584",1919,"2003","Troms",0,0,"Gratangen"
"585",1919,"2004","Troms",0,0,"Gratangen"
"586",1919,"2005","Troms",0,0,"Gratangen"
"587",1919,"2006","Troms",1,0,"Gratangen"
"588",1919,"2007","Troms",1,0,"Gratangen"
"589",1919,"2008","Troms",0,0,"Gratangen"
"590",1919,"2009","Troms",0,0,"Gratangen"
"591",1919,"2010","Troms",0,0,"Gratangen"
"592",1919,"2011","Troms",0,0,"Gratangen"
"593",1919,"2012","Troms",0,0,"Gratangen"
"594",1919,"2013","Troms",0,1,"Gratangen"
"595",1919,"2014","Troms",0,1,"Gratangen"
"596",1919,"2015","Troms",0,1,"Gratangen"
"597",1919,"2016","Troms",1,0,"Gratangen"
"598",1919,"2017","Troms",0,0,"Gratangen"
"599",1919,"2018","Troms",0,0,"Gratangen"
"600",1919,"2019","Troms",0,0,"Gratangen"
"601",1866,"1990","Nordland",0,4,"Hadsel"
"602",1866,"1991","Nordland",2,5,"Hadsel"
"603",1866,"1992","Nordland",1,5,"Hadsel"
"604",1866,"1993","Nordland",1,5,"Hadsel"
"605",1866,"1994","Nordland",1,2,"Hadsel"
"606",1866,"1995","Nordland",2,1,"Hadsel"
"607",1866,"1996","Nordland",2,3,"Hadsel"
"608",1866,"1997","Nordland",2,3,"Hadsel"
"609",1866,"1998","Nordland",1,4,"Hadsel"
"610",1866,"1999","Nordland",1,3,"Hadsel"
"611",1866,"2000","Nordland",1,2,"Hadsel"
"612",1866,"2001","Nordland",1,2,"Hadsel"
"613",1866,"2002","Nordland",1,3,"Hadsel"
"614",1866,"2003","Nordland",1,3,"Hadsel"
"615",1866,"2004","Nordland",0,2,"Hadsel"
"616",1866,"2005","Nordland",0,2,"Hadsel"
"617",1866,"2006","Nordland",0,2,"Hadsel"
"618",1866,"2007","Nordland",0,0,"Hadsel"
"619",1866,"2008","Nordland",0,0,"Hadsel"
"620",1866,"2009","Nordland",1,0,"Hadsel"
"621",1866,"2010","Nordland",1,0,"Hadsel"
"622",1866,"2011","Nordland",0,0,"Hadsel"
"623",1866,"2012","Nordland",0,0,"Hadsel"
"624",1866,"2013","Nordland",0,1,"Hadsel"
"625",1866,"2014","Nordland",0,2,"Hadsel"
"626",1866,"2015","Nordland",1,0,"Hadsel"
"627",1866,"2016","Nordland",2,1,"Hadsel"
"628",1866,"2017","Nordland",0,2,"Hadsel"
"629",1866,"2018","Nordland",0,2,"Hadsel"
"630",1866,"2019","Nordland",0,2,"Hadsel"
"631",1849,"1990","Nordland",1,1,"Hamaroy"
"632",1849,"1991","Nordland",1,1,"Hamaroy"
"633",1849,"1992","Nordland",0,2,"Hamaroy"
"634",1849,"1993","Nordland",0,2,"Hamaroy"
"635",1849,"1994","Nordland",0,1,"Hamaroy"
"636",1849,"1995","Nordland",0,1,"Hamaroy"
"637",1849,"1996","Nordland",0,1,"Hamaroy"
"638",1849,"1997","Nordland",0,1,"Hamaroy"
"639",1849,"1998","Nordland",0,1,"Hamaroy"
"640",1849,"1999","Nordland",0,1,"Hamaroy"
"641",1849,"2000","Nordland",0,1,"Hamaroy"
"642",1849,"2001","Nordland",0,2,"Hamaroy"
"643",1849,"2002","Nordland",0,2,"Hamaroy"
"644",1849,"2003","Nordland",0,2,"Hamaroy"
"645",1849,"2004","Nordland",1,2,"Hamaroy"
"646",1849,"2005","Nordland",1,1,"Hamaroy"
"647",1849,"2006","Nordland",1,1,"Hamaroy"
"648",1849,"2007","Nordland",0,1,"Hamaroy"
"649",1849,"2008","Nordland",0,1,"Hamaroy"
"650",1849,"2009","Nordland",0,0,"Hamaroy"
"651",1849,"2010","Nordland",0,0,"Hamaroy"
"652",1849,"2011","Nordland",0,0,"Hamaroy"
"653",1849,"2012","Nordland",0,0,"Hamaroy"
"654",1849,"2013","Nordland",0,0,"Hamaroy"
"655",1849,"2014","Nordland",0,0,"Hamaroy"
"656",1849,"2015","Nordland",0,0,"Hamaroy"
"657",1849,"2016","Nordland",0,0,"Hamaroy"
"658",1849,"2017","Nordland",0,0,"Hamaroy"
"659",1849,"2018","Nordland",1,0,"Hamaroy"
"660",1849,"2019","Nordland",0,2,"Hamaroy"
"661",2004,"1990","Finnmark",3,1,"Hammerfest"
"662",2004,"1991","Finnmark",1,5,"Hammerfest"
"663",2004,"1992","Finnmark",1,5,"Hammerfest"
"664",2004,"1993","Finnmark",1,5,"Hammerfest"
"665",2004,"1994","Finnmark",1,4,"Hammerfest"
"666",2004,"1995","Finnmark",1,6,"Hammerfest"
"667",2004,"1996","Finnmark",1,3,"Hammerfest"
"668",2004,"1997","Finnmark",1,3,"Hammerfest"
"669",2004,"1998","Finnmark",1,2,"Hammerfest"
"670",2004,"1999","Finnmark",0,3,"Hammerfest"
"671",2004,"2000","Finnmark",0,3,"Hammerfest"
"672",2004,"2001","Finnmark",1,2,"Hammerfest"
"673",2004,"2002","Finnmark",2,3,"Hammerfest"
"674",2004,"2003","Finnmark",1,2,"Hammerfest"
"675",2004,"2004","Finnmark",0,2,"Hammerfest"
"676",2004,"2005","Finnmark",0,1,"Hammerfest"
"677",2004,"2006","Finnmark",0,1,"Hammerfest"
"678",2004,"2007","Finnmark",0,1,"Hammerfest"
"679",2004,"2008","Finnmark",0,2,"Hammerfest"
"680",2004,"2009","Finnmark",0,3,"Hammerfest"
"681",2004,"2010","Finnmark",0,1,"Hammerfest"
"682",2004,"2011","Finnmark",0,1,"Hammerfest"
"683",2004,"2012","Finnmark",0,1,"Hammerfest"
"684",2004,"2013","Finnmark",1,2,"Hammerfest"
"685",2004,"2014","Finnmark",1,1,"Hammerfest"
"686",2004,"2015","Finnmark",1,2,"Hammerfest"
"687",2004,"2016","Finnmark",1,2,"Hammerfest"
"688",2004,"2017","Finnmark",1,3,"Hammerfest"
"689",2004,"2018","Finnmark",1,1,"Hammerfest"
"690",2004,"2019","Finnmark",0,2,"Hammerfest"
"691",1903,"1990","Troms",3,4,"Harstad"
"692",1903,"1991","Troms",3,9,"Harstad"
"693",1903,"1992","Troms",3,9,"Harstad"
"694",1903,"1993","Troms",4,10,"Harstad"
"695",1903,"1994","Troms",4,7,"Harstad"
"696",1903,"1995","Troms",5,7,"Harstad"
"697",1903,"1996","Troms",6,8,"Harstad"
"698",1903,"1997","Troms",6,7,"Harstad"
"699",1903,"1998","Troms",5,7,"Harstad"
"700",1903,"1999","Troms",5,2,"Harstad"
"701",1903,"2000","Troms",5,1,"Harstad"
"702",1903,"2001","Troms",5,1,"Harstad"
"703",1903,"2002","Troms",4,3,"Harstad"
"704",1903,"2003","Troms",5,3,"Harstad"
"705",1903,"2004","Troms",1,3,"Harstad"
"706",1903,"2005","Troms",0,2,"Harstad"
"707",1903,"2006","Troms",0,2,"Harstad"
"708",1903,"2007","Troms",0,1,"Harstad"
"709",1903,"2008","Troms",1,0,"Harstad"
"710",1903,"2009","Troms",1,2,"Harstad"
"711",1903,"2010","Troms",1,2,"Harstad"
"712",1903,"2011","Troms",1,2,"Harstad"
"713",1903,"2012","Troms",0,1,"Harstad"
"714",1903,"2013","Troms",0,3,"Harstad"
"715",1903,"2014","Troms",0,4,"Harstad"
"716",1903,"2015","Troms",0,4,"Harstad"
"717",1903,"2016","Troms",0,4,"Harstad"
"718",1903,"2017","Troms",0,3,"Harstad"
"719",1903,"2018","Troms",0,1,"Harstad"
"720",1903,"2019","Troms",0,0,"Harstad"
"721",2015,"1990","Finnmark",0,9,"Hasvik"
"722",2015,"1991","Finnmark",0,8,"Hasvik"
"723",2015,"1992","Finnmark",0,7,"Hasvik"
"724",2015,"1993","Finnmark",0,7,"Hasvik"
"725",2015,"1994","Finnmark",0,4,"Hasvik"
"726",2015,"1995","Finnmark",0,3,"Hasvik"
"727",2015,"1996","Finnmark",0,2,"Hasvik"
"728",2015,"1997","Finnmark",0,2,"Hasvik"
"729",2015,"1998","Finnmark",0,2,"Hasvik"
"730",2015,"1999","Finnmark",0,2,"Hasvik"
"731",2015,"2000","Finnmark",0,2,"Hasvik"
"732",2015,"2001","Finnmark",0,2,"Hasvik"
"733",2015,"2002","Finnmark",0,3,"Hasvik"
"734",2015,"2003","Finnmark",0,2,"Hasvik"
"735",2015,"2004","Finnmark",0,2,"Hasvik"
"736",2015,"2005","Finnmark",0,3,"Hasvik"
"737",2015,"2006","Finnmark",1,3,"Hasvik"
"738",2015,"2007","Finnmark",0,3,"Hasvik"
"739",2015,"2008","Finnmark",1,2,"Hasvik"
"740",2015,"2009","Finnmark",1,2,"Hasvik"
"741",2015,"2010","Finnmark",1,2,"Hasvik"
"742",2015,"2011","Finnmark",1,1,"Hasvik"
"743",2015,"2012","Finnmark",1,1,"Hasvik"
"744",2015,"2013","Finnmark",0,1,"Hasvik"
"745",2015,"2014","Finnmark",0,1,"Hasvik"
"746",2015,"2015","Finnmark",0,1,"Hasvik"
"747",2015,"2016","Finnmark",0,3,"Hasvik"
"748",2015,"2017","Finnmark",1,3,"Hasvik"
"749",2015,"2018","Finnmark",1,3,"Hasvik"
"750",2015,"2019","Finnmark",0,3,"Hasvik"
"751",1832,"1990","Nordland",0,1,"Hemnes"
"752",1832,"1991","Nordland",0,1,"Hemnes"
"753",1832,"1992","Nordland",0,0,"Hemnes"
"754",1832,"1993","Nordland",0,0,"Hemnes"
"755",1832,"1994","Nordland",0,0,"Hemnes"
"756",1832,"1995","Nordland",0,0,"Hemnes"
"757",1832,"1996","Nordland",0,0,"Hemnes"
"758",1832,"1997","Nordland",0,0,"Hemnes"
"759",1832,"1998","Nordland",0,0,"Hemnes"
"760",1832,"1999","Nordland",0,0,"Hemnes"
"761",1832,"2000","Nordland",0,1,"Hemnes"
"762",1832,"2001","Nordland",0,0,"Hemnes"
"763",1832,"2002","Nordland",0,0,"Hemnes"
"764",1832,"2003","Nordland",0,0,"Hemnes"
"765",1832,"2004","Nordland",0,0,"Hemnes"
"766",1832,"2005","Nordland",0,0,"Hemnes"
"767",1832,"2006","Nordland",0,0,"Hemnes"
"768",1832,"2007","Nordland",0,0,"Hemnes"
"769",1832,"2008","Nordland",0,0,"Hemnes"
"770",1832,"2009","Nordland",0,0,"Hemnes"
"771",1832,"2010","Nordland",0,0,"Hemnes"
"772",1832,"2011","Nordland",0,0,"Hemnes"
"773",1832,"2012","Nordland",0,0,"Hemnes"
"774",1832,"2013","Nordland",0,0,"Hemnes"
"775",1832,"2014","Nordland",0,0,"Hemnes"
"776",1832,"2015","Nordland",0,0,"Hemnes"
"777",1832,"2016","Nordland",0,0,"Hemnes"
"778",1832,"2017","Nordland",0,0,"Hemnes"
"779",1832,"2018","Nordland",0,0,"Hemnes"
"780",1832,"2019","Nordland",0,0,"Hemnes"
"781",1818,"1990","Nordland",0,5,"Heroy"
"782",1818,"1991","Nordland",1,4,"Heroy"
"783",1818,"1992","Nordland",2,2,"Heroy"
"784",1818,"1993","Nordland",0,2,"Heroy"
"785",1818,"1994","Nordland",0,2,"Heroy"
"786",1818,"1995","Nordland",0,2,"Heroy"
"787",1818,"1996","Nordland",0,3,"Heroy"
"788",1818,"1997","Nordland",1,0,"Heroy"
"789",1818,"1998","Nordland",0,0,"Heroy"
"790",1818,"1999","Nordland",0,1,"Heroy"
"791",1818,"2000","Nordland",0,1,"Heroy"
"792",1818,"2001","Nordland",0,1,"Heroy"
"793",1818,"2002","Nordland",0,2,"Heroy"
"794",1818,"2003","Nordland",0,1,"Heroy"
"795",1818,"2004","Nordland",0,1,"Heroy"
"796",1818,"2005","Nordland",0,1,"Heroy"
"797",1818,"2006","Nordland",1,2,"Heroy"
"798",1818,"2007","Nordland",1,2,"Heroy"
"799",1818,"2008","Nordland",0,2,"Heroy"
"800",1818,"2009","Nordland",0,3,"Heroy"
"801",1818,"2010","Nordland",0,3,"Heroy"
"802",1818,"2011","Nordland",0,3,"Heroy"
"803",1818,"2012","Nordland",0,2,"Heroy"
"804",1818,"2013","Nordland",0,2,"Heroy"
"805",1818,"2014","Nordland",0,1,"Heroy"
"806",1818,"2015","Nordland",0,1,"Heroy"
"807",1818,"2016","Nordland",0,2,"Heroy"
"808",1818,"2017","Nordland",0,2,"Heroy"
"809",1818,"2018","Nordland",0,4,"Heroy"
"810",1818,"2019","Nordland",0,4,"Heroy"
"811",1917,"1990","Troms",1,0,"Ibestad"
"812",1917,"1991","Troms",1,0,"Ibestad"
"813",1917,"1992","Troms",1,1,"Ibestad"
"814",1917,"1993","Troms",1,1,"Ibestad"
"815",1917,"1994","Troms",1,0,"Ibestad"
"816",1917,"1995","Troms",1,0,"Ibestad"
"817",1917,"1996","Troms",1,1,"Ibestad"
"818",1917,"1997","Troms",1,2,"Ibestad"
"819",1917,"1998","Troms",1,1,"Ibestad"
"820",1917,"1999","Troms",1,1,"Ibestad"
"821",1917,"2000","Troms",1,0,"Ibestad"
"822",1917,"2001","Troms",1,0,"Ibestad"
"823",1917,"2002","Troms",1,1,"Ibestad"
"824",1917,"2003","Troms",1,1,"Ibestad"
"825",1917,"2004","Troms",1,0,"Ibestad"
"826",1917,"2005","Troms",1,0,"Ibestad"
"827",1917,"2006","Troms",1,0,"Ibestad"
"828",1917,"2007","Troms",1,0,"Ibestad"
"829",1917,"2008","Troms",1,0,"Ibestad"
"830",1917,"2009","Troms",1,0,"Ibestad"
"831",1917,"2010","Troms",1,0,"Ibestad"
"832",1917,"2011","Troms",1,0,"Ibestad"
"833",1917,"2012","Troms",0,0,"Ibestad"
"834",1917,"2013","Troms",0,0,"Ibestad"
"835",1917,"2014","Troms",0,0,"Ibestad"
"836",1917,"2015","Troms",0,0,"Ibestad"
"837",1917,"2016","Troms",0,0,"Ibestad"
"838",1917,"2017","Troms",0,0,"Ibestad"
"839",1917,"2018","Troms",0,0,"Ibestad"
"840",1917,"2019","Troms",0,0,"Ibestad"
"841",1936,"1990","Troms",0,11,"Karlsoy"
"842",1936,"1991","Troms",0,11,"Karlsoy"
"843",1936,"1992","Troms",0,10,"Karlsoy"
"844",1936,"1993","Troms",3,14,"Karlsoy"
"845",1936,"1994","Troms",4,10,"Karlsoy"
"846",1936,"1995","Troms",3,9,"Karlsoy"
"847",1936,"1996","Troms",3,10,"Karlsoy"
"848",1936,"1997","Troms",3,8,"Karlsoy"
"849",1936,"1998","Troms",2,9,"Karlsoy"
"850",1936,"1999","Troms",5,9,"Karlsoy"
"851",1936,"2000","Troms",7,8,"Karlsoy"
"852",1936,"2001","Troms",13,9,"Karlsoy"
"853",1936,"2002","Troms",14,8,"Karlsoy"
"854",1936,"2003","Troms",16,8,"Karlsoy"
"855",1936,"2004","Troms",11,6,"Karlsoy"
"856",1936,"2005","Troms",11,6,"Karlsoy"
"857",1936,"2006","Troms",9,6,"Karlsoy"
"858",1936,"2007","Troms",10,7,"Karlsoy"
"859",1936,"2008","Troms",8,8,"Karlsoy"
"860",1936,"2009","Troms",8,8,"Karlsoy"
"861",1936,"2010","Troms",3,5,"Karlsoy"
"862",1936,"2011","Troms",3,5,"Karlsoy"
"863",1936,"2012","Troms",2,5,"Karlsoy"
"864",1936,"2013","Troms",1,5,"Karlsoy"
"865",1936,"2014","Troms",1,4,"Karlsoy"
"866",1936,"2015","Troms",0,3,"Karlsoy"
"867",1936,"2016","Troms",0,4,"Karlsoy"
"868",1936,"2017","Troms",1,4,"Karlsoy"
"869",1936,"2018","Troms",1,3,"Karlsoy"
"870",1936,"2019","Troms",1,3,"Karlsoy"
"871",2017,"1990","Finnmark",0,0,"Kvalsund"
"872",2017,"1991","Finnmark",0,0,"Kvalsund"
"873",2017,"1992","Finnmark",0,0,"Kvalsund"
"874",2017,"1993","Finnmark",0,1,"Kvalsund"
"875",2017,"1994","Finnmark",0,1,"Kvalsund"
"876",2017,"1995","Finnmark",0,1,"Kvalsund"
"877",2017,"1996","Finnmark",1,0,"Kvalsund"
"878",2017,"1997","Finnmark",1,0,"Kvalsund"
"879",2017,"1998","Finnmark",2,0,"Kvalsund"
"880",2017,"1999","Finnmark",1,0,"Kvalsund"
"881",2017,"2000","Finnmark",1,0,"Kvalsund"
"882",2017,"2001","Finnmark",1,0,"Kvalsund"
"883",2017,"2002","Finnmark",0,0,"Kvalsund"
"884",2017,"2003","Finnmark",0,0,"Kvalsund"
"885",2017,"2004","Finnmark",0,0,"Kvalsund"
"886",2017,"2005","Finnmark",0,0,"Kvalsund"
"887",2017,"2006","Finnmark",0,0,"Kvalsund"
"888",2017,"2007","Finnmark",0,0,"Kvalsund"
"889",2017,"2008","Finnmark",0,1,"Kvalsund"
"890",2017,"2009","Finnmark",0,1,"Kvalsund"
"891",2017,"2010","Finnmark",0,0,"Kvalsund"
"892",2017,"2011","Finnmark",0,1,"Kvalsund"
"893",2017,"2012","Finnmark",0,1,"Kvalsund"
"894",2017,"2013","Finnmark",0,1,"Kvalsund"
"895",2017,"2014","Finnmark",0,1,"Kvalsund"
"896",2017,"2015","Finnmark",0,1,"Kvalsund"
"897",2017,"2016","Finnmark",0,1,"Kvalsund"
"898",2017,"2017","Finnmark",0,1,"Kvalsund"
"899",2017,"2018","Finnmark",0,1,"Kvalsund"
"900",2017,"2019","Finnmark",0,1,"Kvalsund"
"901",1911,"1990","Troms",4,0,"Kvaefjord"
"902",1911,"1991","Troms",4,1,"Kvaefjord"
"903",1911,"1992","Troms",4,1,"Kvaefjord"
"904",1911,"1993","Troms",4,1,"Kvaefjord"
"905",1911,"1994","Troms",4,1,"Kvaefjord"
"906",1911,"1995","Troms",4,2,"Kvaefjord"
"907",1911,"1996","Troms",2,3,"Kvaefjord"
"908",1911,"1997","Troms",2,3,"Kvaefjord"
"909",1911,"1998","Troms",1,2,"Kvaefjord"
"910",1911,"1999","Troms",2,3,"Kvaefjord"
"911",1911,"2000","Troms",1,2,"Kvaefjord"
"912",1911,"2001","Troms",1,2,"Kvaefjord"
"913",1911,"2002","Troms",0,3,"Kvaefjord"
"914",1911,"2003","Troms",0,3,"Kvaefjord"
"915",1911,"2004","Troms",0,3,"Kvaefjord"
"916",1911,"2005","Troms",0,2,"Kvaefjord"
"917",1911,"2006","Troms",0,2,"Kvaefjord"
"918",1911,"2007","Troms",0,2,"Kvaefjord"
"919",1911,"2008","Troms",0,2,"Kvaefjord"
"920",1911,"2009","Troms",0,2,"Kvaefjord"
"921",1911,"2010","Troms",0,2,"Kvaefjord"
"922",1911,"2011","Troms",0,2,"Kvaefjord"
"923",1911,"2012","Troms",0,1,"Kvaefjord"
"924",1911,"2013","Troms",1,0,"Kvaefjord"
"925",1911,"2014","Troms",0,0,"Kvaefjord"
"926",1911,"2015","Troms",0,0,"Kvaefjord"
"927",1911,"2016","Troms",0,0,"Kvaefjord"
"928",1911,"2017","Troms",0,0,"Kvaefjord"
"929",1911,"2018","Troms",0,0,"Kvaefjord"
"930",1911,"2019","Troms",0,0,"Kvaefjord"
"931",1943,"1990","Troms",1,1,"Kvaenangen"
"932",1943,"1991","Troms",2,1,"Kvaenangen"
"933",1943,"1992","Troms",3,2,"Kvaenangen"
"934",1943,"1993","Troms",2,3,"Kvaenangen"
"935",1943,"1994","Troms",2,2,"Kvaenangen"
"936",1943,"1995","Troms",3,3,"Kvaenangen"
"937",1943,"1996","Troms",3,4,"Kvaenangen"
"938",1943,"1997","Troms",1,4,"Kvaenangen"
"939",1943,"1998","Troms",1,4,"Kvaenangen"
"940",1943,"1999","Troms",1,4,"Kvaenangen"
"941",1943,"2000","Troms",3,2,"Kvaenangen"
"942",1943,"2001","Troms",2,2,"Kvaenangen"
"943",1943,"2002","Troms",1,3,"Kvaenangen"
"944",1943,"2003","Troms",2,2,"Kvaenangen"
"945",1943,"2004","Troms",3,2,"Kvaenangen"
"946",1943,"2005","Troms",3,2,"Kvaenangen"
"947",1943,"2006","Troms",2,2,"Kvaenangen"
"948",1943,"2007","Troms",1,2,"Kvaenangen"
"949",1943,"2008","Troms",1,2,"Kvaenangen"
"950",1943,"2009","Troms",1,2,"Kvaenangen"
"951",1943,"2010","Troms",1,2,"Kvaenangen"
"952",1943,"2011","Troms",2,1,"Kvaenangen"
"953",1943,"2012","Troms",2,1,"Kvaenangen"
"954",1943,"2013","Troms",2,1,"Kvaenangen"
"955",1943,"2014","Troms",2,1,"Kvaenangen"
"956",1943,"2015","Troms",1,0,"Kvaenangen"
"957",1943,"2016","Troms",1,0,"Kvaenangen"
"958",1943,"2017","Troms",1,0,"Kvaenangen"
"959",1943,"2018","Troms",1,0,"Kvaenangen"
"960",1943,"2019","Troms",1,0,"Kvaenangen"
"961",1920,"1990","Troms",0,0,"Lavangen"
"962",1920,"1991","Troms",0,0,"Lavangen"
"963",1920,"1992","Troms",0,0,"Lavangen"
"964",1920,"1993","Troms",0,0,"Lavangen"
"965",1920,"1994","Troms",0,0,"Lavangen"
"966",1920,"1995","Troms",0,0,"Lavangen"
"967",1920,"1996","Troms",0,0,"Lavangen"
"968",1920,"1997","Troms",0,0,"Lavangen"
"969",1920,"1998","Troms",0,0,"Lavangen"
"970",1920,"1999","Troms",0,0,"Lavangen"
"971",1920,"2000","Troms",0,0,"Lavangen"
"972",1920,"2001","Troms",0,0,"Lavangen"
"973",1920,"2002","Troms",0,0,"Lavangen"
"974",1920,"2003","Troms",0,0,"Lavangen"
"975",1920,"2004","Troms",0,0,"Lavangen"
"976",1920,"2005","Troms",0,0,"Lavangen"
"977",1920,"2006","Troms",0,0,"Lavangen"
"978",1920,"2007","Troms",0,0,"Lavangen"
"979",1920,"2008","Troms",0,0,"Lavangen"
"980",1920,"2009","Troms",0,0,"Lavangen"
"981",1920,"2010","Troms",0,0,"Lavangen"
"982",1920,"2011","Troms",0,0,"Lavangen"
"983",1920,"2012","Troms",0,0,"Lavangen"
"984",1920,"2013","Troms",0,0,"Lavangen"
"985",1920,"2014","Troms",0,0,"Lavangen"
"986",1920,"2015","Troms",0,0,"Lavangen"
"987",1920,"2016","Troms",0,1,"Lavangen"
"988",1920,"2017","Troms",0,1,"Lavangen"
"989",1920,"2018","Troms",0,1,"Lavangen"
"990",1920,"2019","Troms",0,0,"Lavangen"
"991",2022,"1990","Finnmark",0,2,"Lebesby"
"992",2022,"1991","Finnmark",0,2,"Lebesby"
"993",2022,"1992","Finnmark",0,2,"Lebesby"
"994",2022,"1993","Finnmark",0,4,"Lebesby"
"995",2022,"1994","Finnmark",0,4,"Lebesby"
"996",2022,"1995","Finnmark",0,3,"Lebesby"
"997",2022,"1996","Finnmark",1,2,"Lebesby"
"998",2022,"1997","Finnmark",0,3,"Lebesby"
"999",2022,"1998","Finnmark",0,3,"Lebesby"
"1000",2022,"1999","Finnmark",0,3,"Lebesby"
"1001",2022,"2000","Finnmark",0,5,"Lebesby"
"1002",2022,"2001","Finnmark",0,5,"Lebesby"
"1003",2022,"2002","Finnmark",2,2,"Lebesby"
"1004",2022,"2003","Finnmark",3,2,"Lebesby"
"1005",2022,"2004","Finnmark",4,1,"Lebesby"
"1006",2022,"2005","Finnmark",2,1,"Lebesby"
"1007",2022,"2006","Finnmark",1,1,"Lebesby"
"1008",2022,"2007","Finnmark",1,2,"Lebesby"
"1009",2022,"2008","Finnmark",1,0,"Lebesby"
"1010",2022,"2009","Finnmark",1,0,"Lebesby"
"1011",2022,"2010","Finnmark",1,0,"Lebesby"
"1012",2022,"2011","Finnmark",2,3,"Lebesby"
"1013",2022,"2012","Finnmark",2,5,"Lebesby"
"1014",2022,"2013","Finnmark",2,7,"Lebesby"
"1015",2022,"2014","Finnmark",1,10,"Lebesby"
"1016",2022,"2015","Finnmark",1,11,"Lebesby"
"1017",2022,"2016","Finnmark",2,9,"Lebesby"
"1018",2022,"2017","Finnmark",1,11,"Lebesby"
"1019",2022,"2018","Finnmark",3,9,"Lebesby"
"1020",2022,"2019","Finnmark",0,10,"Lebesby"
"1021",1822,"1990","Nordland",0,0,"Leirfjord"
"1022",1822,"1991","Nordland",1,0,"Leirfjord"
"1023",1822,"1992","Nordland",0,0,"Leirfjord"
"1024",1822,"1993","Nordland",0,1,"Leirfjord"
"1025",1822,"1994","Nordland",0,1,"Leirfjord"
"1026",1822,"1995","Nordland",0,1,"Leirfjord"
"1027",1822,"1996","Nordland",0,0,"Leirfjord"
"1028",1822,"1997","Nordland",0,0,"Leirfjord"
"1029",1822,"1998","Nordland",0,0,"Leirfjord"
"1030",1822,"1999","Nordland",0,0,"Leirfjord"
"1031",1822,"2000","Nordland",0,0,"Leirfjord"
"1032",1822,"2001","Nordland",0,0,"Leirfjord"
"1033",1822,"2002","Nordland",0,0,"Leirfjord"
"1034",1822,"2003","Nordland",0,0,"Leirfjord"
"1035",1822,"2004","Nordland",0,0,"Leirfjord"
"1036",1822,"2005","Nordland",0,0,"Leirfjord"
"1037",1822,"2006","Nordland",0,0,"Leirfjord"
"1038",1822,"2007","Nordland",0,0,"Leirfjord"
"1039",1822,"2008","Nordland",0,0,"Leirfjord"
"1040",1822,"2009","Nordland",0,0,"Leirfjord"
"1041",1822,"2010","Nordland",0,1,"Leirfjord"
"1042",1822,"2011","Nordland",0,1,"Leirfjord"
"1043",1822,"2012","Nordland",0,0,"Leirfjord"
"1044",1822,"2013","Nordland",0,0,"Leirfjord"
"1045",1822,"2014","Nordland",0,0,"Leirfjord"
"1046",1822,"2015","Nordland",0,0,"Leirfjord"
"1047",1822,"2016","Nordland",0,0,"Leirfjord"
"1048",1822,"2017","Nordland",0,0,"Leirfjord"
"1049",1822,"2018","Nordland",0,0,"Leirfjord"
"1050",1822,"2019","Nordland",0,0,"Leirfjord"
"1051",1931,"1990","Troms",1,3,"Lenvik"
"1052",1931,"1991","Troms",2,2,"Lenvik"
"1053",1931,"1992","Troms",2,3,"Lenvik"
"1054",1931,"1993","Troms",1,3,"Lenvik"
"1055",1931,"1994","Troms",0,1,"Lenvik"
"1056",1931,"1995","Troms",0,3,"Lenvik"
"1057",1931,"1996","Troms",0,4,"Lenvik"
"1058",1931,"1997","Troms",0,4,"Lenvik"
"1059",1931,"1998","Troms",2,3,"Lenvik"
"1060",1931,"1999","Troms",2,4,"Lenvik"
"1061",1931,"2000","Troms",0,4,"Lenvik"
"1062",1931,"2001","Troms",0,3,"Lenvik"
"1063",1931,"2002","Troms",1,4,"Lenvik"
"1064",1931,"2003","Troms",1,2,"Lenvik"
"1065",1931,"2004","Troms",0,2,"Lenvik"
"1066",1931,"2005","Troms",0,2,"Lenvik"
"1067",1931,"2006","Troms",0,1,"Lenvik"
"1068",1931,"2007","Troms",1,2,"Lenvik"
"1069",1931,"2008","Troms",1,2,"Lenvik"
"1070",1931,"2009","Troms",0,3,"Lenvik"
"1071",1931,"2010","Troms",0,5,"Lenvik"
"1072",1931,"2011","Troms",0,2,"Lenvik"
"1073",1931,"2012","Troms",0,1,"Lenvik"
"1074",1931,"2013","Troms",0,4,"Lenvik"
"1075",1931,"2014","Troms",0,3,"Lenvik"
"1076",1931,"2015","Troms",0,3,"Lenvik"
"1077",1931,"2016","Troms",0,3,"Lenvik"
"1078",1931,"2017","Troms",0,3,"Lenvik"
"1079",1931,"2018","Troms",0,2,"Lenvik"
"1080",1931,"2019","Troms",0,2,"Lenvik"
"1081",2014,"1990","Finnmark",2,2,"Loppa"
"1082",2014,"1991","Finnmark",2,1,"Loppa"
"1083",2014,"1992","Finnmark",3,1,"Loppa"
"1084",2014,"1993","Finnmark",3,1,"Loppa"
"1085",2014,"1994","Finnmark",3,2,"Loppa"
"1086",2014,"1995","Finnmark",3,3,"Loppa"
"1087",2014,"1996","Finnmark",3,3,"Loppa"
"1088",2014,"1997","Finnmark",4,1,"Loppa"
"1089",2014,"1998","Finnmark",4,2,"Loppa"
"1090",2014,"1999","Finnmark",4,2,"Loppa"
"1091",2014,"2000","Finnmark",3,1,"Loppa"
"1092",2014,"2001","Finnmark",1,2,"Loppa"
"1093",2014,"2002","Finnmark",1,2,"Loppa"
"1094",2014,"2003","Finnmark",3,2,"Loppa"
"1095",2014,"2004","Finnmark",4,1,"Loppa"
"1096",2014,"2005","Finnmark",5,2,"Loppa"
"1097",2014,"2006","Finnmark",4,1,"Loppa"
"1098",2014,"2007","Finnmark",1,1,"Loppa"
"1099",2014,"2008","Finnmark",1,0,"Loppa"
"1100",2014,"2009","Finnmark",1,0,"Loppa"
"1101",2014,"2010","Finnmark",0,1,"Loppa"
"1102",2014,"2011","Finnmark",0,1,"Loppa"
"1103",2014,"2012","Finnmark",0,1,"Loppa"
"1104",2014,"2013","Finnmark",0,0,"Loppa"
"1105",2014,"2014","Finnmark",0,0,"Loppa"
"1106",2014,"2015","Finnmark",0,0,"Loppa"
"1107",2014,"2016","Finnmark",0,0,"Loppa"
"1108",2014,"2017","Finnmark",0,0,"Loppa"
"1109",2014,"2018","Finnmark",0,0,"Loppa"
"1110",2014,"2019","Finnmark",0,0,"Loppa"
"1111",1834,"1990","Nordland",1,2,"Luroy"
"1112",1834,"1991","Nordland",1,2,"Luroy"
"1113",1834,"1992","Nordland",0,3,"Luroy"
"1114",1834,"1993","Nordland",0,3,"Luroy"
"1115",1834,"1994","Nordland",0,3,"Luroy"
"1116",1834,"1995","Nordland",0,3,"Luroy"
"1117",1834,"1996","Nordland",0,4,"Luroy"
"1118",1834,"1997","Nordland",1,2,"Luroy"
"1119",1834,"1998","Nordland",2,1,"Luroy"
"1120",1834,"1999","Nordland",2,1,"Luroy"
"1121",1834,"2000","Nordland",0,1,"Luroy"
"1122",1834,"2001","Nordland",0,1,"Luroy"
"1123",1834,"2002","Nordland",0,1,"Luroy"
"1124",1834,"2003","Nordland",0,1,"Luroy"
"1125",1834,"2004","Nordland",0,1,"Luroy"
"1126",1834,"2005","Nordland",0,1,"Luroy"
"1127",1834,"2006","Nordland",0,1,"Luroy"
"1128",1834,"2007","Nordland",0,1,"Luroy"
"1129",1834,"2008","Nordland",1,0,"Luroy"
"1130",1834,"2009","Nordland",1,0,"Luroy"
"1131",1834,"2010","Nordland",0,0,"Luroy"
"1132",1834,"2011","Nordland",0,0,"Luroy"
"1133",1834,"2012","Nordland",0,0,"Luroy"
"1134",1834,"2013","Nordland",0,0,"Luroy"
"1135",1834,"2014","Nordland",0,0,"Luroy"
"1136",1834,"2015","Nordland",0,0,"Luroy"
"1137",1834,"2016","Nordland",0,0,"Luroy"
"1138",1834,"2017","Nordland",0,0,"Luroy"
"1139",1834,"2018","Nordland",0,0,"Luroy"
"1140",1834,"2019","Nordland",0,0,"Luroy"
"1141",1938,"1990","Troms",0,1,"Lyngen"
"1142",1938,"1991","Troms",2,1,"Lyngen"
"1143",1938,"1992","Troms",2,1,"Lyngen"
"1144",1938,"1993","Troms",1,1,"Lyngen"
"1145",1938,"1994","Troms",0,0,"Lyngen"
"1146",1938,"1995","Troms",1,0,"Lyngen"
"1147",1938,"1996","Troms",1,0,"Lyngen"
"1148",1938,"1997","Troms",1,0,"Lyngen"
"1149",1938,"1998","Troms",0,0,"Lyngen"
"1150",1938,"1999","Troms",1,0,"Lyngen"
"1151",1938,"2000","Troms",1,0,"Lyngen"
"1152",1938,"2001","Troms",1,0,"Lyngen"
"1153",1938,"2002","Troms",1,0,"Lyngen"
"1154",1938,"2003","Troms",1,0,"Lyngen"
"1155",1938,"2004","Troms",1,0,"Lyngen"
"1156",1938,"2005","Troms",1,0,"Lyngen"
"1157",1938,"2006","Troms",1,0,"Lyngen"
"1158",1938,"2007","Troms",1,1,"Lyngen"
"1159",1938,"2008","Troms",1,1,"Lyngen"
"1160",1938,"2009","Troms",1,0,"Lyngen"
"1161",1938,"2010","Troms",1,0,"Lyngen"
"1162",1938,"2011","Troms",1,0,"Lyngen"
"1163",1938,"2012","Troms",0,1,"Lyngen"
"1164",1938,"2013","Troms",0,3,"Lyngen"
"1165",1938,"2014","Troms",0,3,"Lyngen"
"1166",1938,"2015","Troms",0,3,"Lyngen"
"1167",1938,"2016","Troms",0,3,"Lyngen"
"1168",1938,"2017","Troms",0,1,"Lyngen"
"1169",1938,"2018","Troms",0,1,"Lyngen"
"1170",1938,"2019","Troms",0,1,"Lyngen"
"1171",1851,"1990","Nordland",0,2,"Lodingen"
"1172",1851,"1991","Nordland",0,2,"Lodingen"
"1173",1851,"1992","Nordland",0,3,"Lodingen"
"1174",1851,"1993","Nordland",0,3,"Lodingen"
"1175",1851,"1994","Nordland",0,4,"Lodingen"
"1176",1851,"1995","Nordland",0,4,"Lodingen"
"1177",1851,"1996","Nordland",0,5,"Lodingen"
"1178",1851,"1997","Nordland",0,5,"Lodingen"
"1179",1851,"1998","Nordland",0,4,"Lodingen"
"1180",1851,"1999","Nordland",0,5,"Lodingen"
"1181",1851,"2000","Nordland",0,4,"Lodingen"
"1182",1851,"2001","Nordland",0,4,"Lodingen"
"1183",1851,"2002","Nordland",1,2,"Lodingen"
"1184",1851,"2003","Nordland",1,3,"Lodingen"
"1185",1851,"2004","Nordland",0,4,"Lodingen"
"1186",1851,"2005","Nordland",0,2,"Lodingen"
"1187",1851,"2006","Nordland",0,2,"Lodingen"
"1188",1851,"2007","Nordland",0,3,"Lodingen"
"1189",1851,"2008","Nordland",0,2,"Lodingen"
"1190",1851,"2009","Nordland",0,2,"Lodingen"
"1191",1851,"2010","Nordland",1,1,"Lodingen"
"1192",1851,"2011","Nordland",0,1,"Lodingen"
"1193",1851,"2012","Nordland",0,1,"Lodingen"
"1194",1851,"2013","Nordland",0,1,"Lodingen"
"1195",1851,"2014","Nordland",0,2,"Lodingen"
"1196",1851,"2015","Nordland",0,2,"Lodingen"
"1197",1851,"2016","Nordland",0,2,"Lodingen"
"1198",1851,"2017","Nordland",1,1,"Lodingen"
"1199",1851,"2018","Nordland",1,1,"Lodingen"
"1200",1851,"2019","Nordland",0,1,"Lodingen"
"1201",1837,"1990","Nordland",2,12,"Meloy"
"1202",1837,"1991","Nordland",4,13,"Meloy"
"1203",1837,"1992","Nordland",3,13,"Meloy"
"1204",1837,"1993","Nordland",2,12,"Meloy"
"1205",1837,"1994","Nordland",4,9,"Meloy"
"1206",1837,"1995","Nordland",5,8,"Meloy"
"1207",1837,"1996","Nordland",5,7,"Meloy"
"1208",1837,"1997","Nordland",5,6,"Meloy"
"1209",1837,"1998","Nordland",7,6,"Meloy"
"1210",1837,"1999","Nordland",7,5,"Meloy"
"1211",1837,"2000","Nordland",1,4,"Meloy"
"1212",1837,"2001","Nordland",1,4,"Meloy"
"1213",1837,"2002","Nordland",0,5,"Meloy"
"1214",1837,"2003","Nordland",0,5,"Meloy"
"1215",1837,"2004","Nordland",0,7,"Meloy"
"1216",1837,"2005","Nordland",0,5,"Meloy"
"1217",1837,"2006","Nordland",0,5,"Meloy"
"1218",1837,"2007","Nordland",0,6,"Meloy"
"1219",1837,"2008","Nordland",0,6,"Meloy"
"1220",1837,"2009","Nordland",0,6,"Meloy"
"1221",1837,"2010","Nordland",0,7,"Meloy"
"1222",1837,"2011","Nordland",2,6,"Meloy"
"1223",1837,"2012","Nordland",2,8,"Meloy"
"1224",1837,"2013","Nordland",2,5,"Meloy"
"1225",1837,"2014","Nordland",2,5,"Meloy"
"1226",1837,"2015","Nordland",2,5,"Meloy"
"1227",1837,"2016","Nordland",3,5,"Meloy"
"1228",1837,"2017","Nordland",3,6,"Meloy"
"1229",1837,"2018","Nordland",3,8,"Meloy"
"1230",1837,"2019","Nordland",1,8,"Meloy"
"1231",1874,"1990","Nordland",2,7,"Moskenes"
"1232",1874,"1991","Nordland",1,10,"Moskenes"
"1233",1874,"1992","Nordland",3,10,"Moskenes"
"1234",1874,"1993","Nordland",2,12,"Moskenes"
"1235",1874,"1994","Nordland",2,11,"Moskenes"
"1236",1874,"1995","Nordland",2,11,"Moskenes"
"1237",1874,"1996","Nordland",1,9,"Moskenes"
"1238",1874,"1997","Nordland",1,9,"Moskenes"
"1239",1874,"1998","Nordland",1,9,"Moskenes"
"1240",1874,"1999","Nordland",1,8,"Moskenes"
"1241",1874,"2000","Nordland",0,5,"Moskenes"
"1242",1874,"2001","Nordland",0,3,"Moskenes"
"1243",1874,"2002","Nordland",0,4,"Moskenes"
"1244",1874,"2003","Nordland",1,4,"Moskenes"
"1245",1874,"2004","Nordland",2,2,"Moskenes"
"1246",1874,"2005","Nordland",2,1,"Moskenes"
"1247",1874,"2006","Nordland",2,1,"Moskenes"
"1248",1874,"2007","Nordland",1,1,"Moskenes"
"1249",1874,"2008","Nordland",1,1,"Moskenes"
"1250",1874,"2009","Nordland",1,0,"Moskenes"
"1251",1874,"2010","Nordland",0,0,"Moskenes"
"1252",1874,"2011","Nordland",0,0,"Moskenes"
"1253",1874,"2012","Nordland",0,0,"Moskenes"
"1254",1874,"2013","Nordland",1,0,"Moskenes"
"1255",1874,"2014","Nordland",2,0,"Moskenes"
"1256",1874,"2015","Nordland",1,2,"Moskenes"
"1257",1874,"2016","Nordland",2,3,"Moskenes"
"1258",1874,"2017","Nordland",2,3,"Moskenes"
"1259",1874,"2018","Nordland",1,2,"Moskenes"
"1260",1874,"2019","Nordland",2,1,"Moskenes"
"1261",1924,"1990","Troms",0,2,"Malselv"
"1262",1924,"1991","Troms",0,2,"Malselv"
"1263",1924,"1992","Troms",0,2,"Malselv"
"1264",1924,"1993","Troms",0,2,"Malselv"
"1265",1924,"1994","Troms",1,0,"Malselv"
"1266",1924,"1995","Troms",1,0,"Malselv"
"1267",1924,"1996","Troms",1,0,"Malselv"
"1268",1924,"1997","Troms",1,0,"Malselv"
"1269",1924,"1998","Troms",1,0,"Malselv"
"1270",1924,"1999","Troms",1,0,"Malselv"
"1271",1924,"2000","Troms",1,0,"Malselv"
"1272",1924,"2001","Troms",0,0,"Malselv"
"1273",1924,"2002","Troms",0,0,"Malselv"
"1274",1924,"2003","Troms",0,0,"Malselv"
"1275",1924,"2004","Troms",0,0,"Malselv"
"1276",1924,"2005","Troms",0,0,"Malselv"
"1277",1924,"2006","Troms",0,0,"Malselv"
"1278",1924,"2007","Troms",0,0,"Malselv"
"1279",1924,"2008","Troms",0,0,"Malselv"
"1280",1924,"2009","Troms",0,1,"Malselv"
"1281",1924,"2010","Troms",0,1,"Malselv"
"1282",1924,"2011","Troms",0,1,"Malselv"
"1283",1924,"2012","Troms",0,1,"Malselv"
"1284",1924,"2013","Troms",0,0,"Malselv"
"1285",1924,"2014","Troms",0,0,"Malselv"
"1286",1924,"2015","Troms",0,0,"Malselv"
"1287",1924,"2016","Troms",0,0,"Malselv"
"1288",1924,"2017","Troms",0,0,"Malselv"
"1289",1924,"2018","Troms",0,0,"Malselv"
"1290",1924,"2019","Troms",0,0,"Malselv"
"1291",2018,"1990","Finnmark",1,3,"Masoy"
"1292",2018,"1991","Finnmark",1,2,"Masoy"
"1293",2018,"1992","Finnmark",1,3,"Masoy"
"1294",2018,"1993","Finnmark",1,2,"Masoy"
"1295",2018,"1994","Finnmark",1,3,"Masoy"
"1296",2018,"1995","Finnmark",1,3,"Masoy"
"1297",2018,"1996","Finnmark",1,2,"Masoy"
"1298",2018,"1997","Finnmark",1,3,"Masoy"
"1299",2018,"1998","Finnmark",1,2,"Masoy"
"1300",2018,"1999","Finnmark",2,2,"Masoy"
"1301",2018,"2000","Finnmark",5,2,"Masoy"
"1302",2018,"2001","Finnmark",6,3,"Masoy"
"1303",2018,"2002","Finnmark",5,2,"Masoy"
"1304",2018,"2003","Finnmark",5,1,"Masoy"
"1305",2018,"2004","Finnmark",4,1,"Masoy"
"1306",2018,"2005","Finnmark",1,3,"Masoy"
"1307",2018,"2006","Finnmark",1,3,"Masoy"
"1308",2018,"2007","Finnmark",1,3,"Masoy"
"1309",2018,"2008","Finnmark",0,3,"Masoy"
"1310",2018,"2009","Finnmark",0,3,"Masoy"
"1311",2018,"2010","Finnmark",0,1,"Masoy"
"1312",2018,"2011","Finnmark",0,1,"Masoy"
"1313",2018,"2012","Finnmark",1,1,"Masoy"
"1314",2018,"2013","Finnmark",0,1,"Masoy"
"1315",2018,"2014","Finnmark",0,1,"Masoy"
"1316",2018,"2015","Finnmark",0,1,"Masoy"
"1317",2018,"2016","Finnmark",1,4,"Masoy"
"1318",2018,"2017","Finnmark",2,4,"Masoy"
"1319",2018,"2018","Finnmark",1,8,"Masoy"
"1320",2018,"2019","Finnmark",1,8,"Masoy"
"1321",1805,"1990","Nordland",3,2,"Narvik"
"1322",1805,"1991","Nordland",2,2,"Narvik"
"1323",1805,"1992","Nordland",0,2,"Narvik"
"1324",1805,"1993","Nordland",0,1,"Narvik"
"1325",1805,"1994","Nordland",0,1,"Narvik"
"1326",1805,"1995","Nordland",0,1,"Narvik"
"1327",1805,"1996","Nordland",0,1,"Narvik"
"1328",1805,"1997","Nordland",0,1,"Narvik"
"1329",1805,"1998","Nordland",2,0,"Narvik"
"1330",1805,"1999","Nordland",2,0,"Narvik"
"1331",1805,"2000","Nordland",2,0,"Narvik"
"1332",1805,"2001","Nordland",2,0,"Narvik"
"1333",1805,"2002","Nordland",0,0,"Narvik"
"1334",1805,"2003","Nordland",0,0,"Narvik"
"1335",1805,"2004","Nordland",0,0,"Narvik"
"1336",1805,"2005","Nordland",0,0,"Narvik"
"1337",1805,"2006","Nordland",0,0,"Narvik"
"1338",1805,"2007","Nordland",0,0,"Narvik"
"1339",1805,"2008","Nordland",0,0,"Narvik"
"1340",1805,"2009","Nordland",0,0,"Narvik"
"1341",1805,"2010","Nordland",0,0,"Narvik"
"1342",1805,"2011","Nordland",0,0,"Narvik"
"1343",1805,"2012","Nordland",0,0,"Narvik"
"1344",1805,"2013","Nordland",0,0,"Narvik"
"1345",1805,"2014","Nordland",0,0,"Narvik"
"1346",1805,"2015","Nordland",0,1,"Narvik"
"1347",1805,"2016","Nordland",0,1,"Narvik"
"1348",1805,"2017","Nordland",0,1,"Narvik"
"1349",1805,"2018","Nordland",0,1,"Narvik"
"1350",1805,"2019","Nordland",0,2,"Narvik"
"1351",1828,"1990","Nordland",1,2,"Nesna"
"1352",1828,"1991","Nordland",1,2,"Nesna"
"1353",1828,"1992","Nordland",1,2,"Nesna"
"1354",1828,"1993","Nordland",1,2,"Nesna"
"1355",1828,"1994","Nordland",1,2,"Nesna"
"1356",1828,"1995","Nordland",1,2,"Nesna"
"1357",1828,"1996","Nordland",1,2,"Nesna"
"1358",1828,"1997","Nordland",1,1,"Nesna"
"1359",1828,"1998","Nordland",1,1,"Nesna"
"1360",1828,"1999","Nordland",1,1,"Nesna"
"1361",1828,"2000","Nordland",1,1,"Nesna"
"1362",1828,"2001","Nordland",1,1,"Nesna"
"1363",1828,"2002","Nordland",1,1,"Nesna"
"1364",1828,"2003","Nordland",1,1,"Nesna"
"1365",1828,"2004","Nordland",0,1,"Nesna"
"1366",1828,"2005","Nordland",0,1,"Nesna"
"1367",1828,"2006","Nordland",0,1,"Nesna"
"1368",1828,"2007","Nordland",0,1,"Nesna"
"1369",1828,"2008","Nordland",0,1,"Nesna"
"1370",1828,"2009","Nordland",0,1,"Nesna"
"1371",1828,"2010","Nordland",0,2,"Nesna"
"1372",1828,"2011","Nordland",0,2,"Nesna"
"1373",1828,"2012","Nordland",0,2,"Nesna"
"1374",1828,"2013","Nordland",0,2,"Nesna"
"1375",1828,"2014","Nordland",0,2,"Nesna"
"1376",1828,"2015","Nordland",0,2,"Nesna"
"1377",1828,"2016","Nordland",0,1,"Nesna"
"1378",1828,"2017","Nordland",0,1,"Nesna"
"1379",1828,"2018","Nordland",0,1,"Nesna"
"1380",1828,"2019","Nordland",1,0,"Nesna"
"1381",2019,"1990","Finnmark",2,5,"Nordkapp"
"1382",2019,"1991","Finnmark",1,3,"Nordkapp"
"1383",2019,"1992","Finnmark",1,5,"Nordkapp"
"1384",2019,"1993","Finnmark",2,6,"Nordkapp"
"1385",2019,"1994","Finnmark",1,5,"Nordkapp"
"1386",2019,"1995","Finnmark",0,6,"Nordkapp"
"1387",2019,"1996","Finnmark",1,6,"Nordkapp"
"1388",2019,"1997","Finnmark",2,5,"Nordkapp"
"1389",2019,"1998","Finnmark",2,5,"Nordkapp"
"1390",2019,"1999","Finnmark",2,4,"Nordkapp"
"1391",2019,"2000","Finnmark",2,5,"Nordkapp"
"1392",2019,"2001","Finnmark",2,6,"Nordkapp"
"1393",2019,"2002","Finnmark",2,5,"Nordkapp"
"1394",2019,"2003","Finnmark",2,4,"Nordkapp"
"1395",2019,"2004","Finnmark",1,4,"Nordkapp"
"1396",2019,"2005","Finnmark",1,4,"Nordkapp"
"1397",2019,"2006","Finnmark",2,4,"Nordkapp"
"1398",2019,"2007","Finnmark",2,4,"Nordkapp"
"1399",2019,"2008","Finnmark",2,4,"Nordkapp"
"1400",2019,"2009","Finnmark",2,3,"Nordkapp"
"1401",2019,"2010","Finnmark",3,1,"Nordkapp"
"1402",2019,"2011","Finnmark",4,3,"Nordkapp"
"1403",2019,"2012","Finnmark",4,4,"Nordkapp"
"1404",2019,"2013","Finnmark",5,4,"Nordkapp"
"1405",2019,"2014","Finnmark",2,8,"Nordkapp"
"1406",2019,"2015","Finnmark",3,11,"Nordkapp"
"1407",2019,"2016","Finnmark",4,13,"Nordkapp"
"1408",2019,"2017","Finnmark",6,18,"Nordkapp"
"1409",2019,"2018","Finnmark",5,22,"Nordkapp"
"1410",2019,"2019","Finnmark",6,23,"Nordkapp"
"1411",1942,"1990","Troms",0,7,"Nordreisa"
"1412",1942,"1991","Troms",0,7,"Nordreisa"
"1413",1942,"1992","Troms",0,0,"Nordreisa"
"1414",1942,"1993","Troms",0,0,"Nordreisa"
"1415",1942,"1994","Troms",0,1,"Nordreisa"
"1416",1942,"1995","Troms",1,1,"Nordreisa"
"1417",1942,"1996","Troms",1,1,"Nordreisa"
"1418",1942,"1997","Troms",1,1,"Nordreisa"
"1419",1942,"1998","Troms",2,0,"Nordreisa"
"1420",1942,"1999","Troms",2,0,"Nordreisa"
"1421",1942,"2000","Troms",3,0,"Nordreisa"
"1422",1942,"2001","Troms",1,0,"Nordreisa"
"1423",1942,"2002","Troms",1,0,"Nordreisa"
"1424",1942,"2003","Troms",0,0,"Nordreisa"
"1425",1942,"2004","Troms",0,0,"Nordreisa"
"1426",1942,"2005","Troms",0,0,"Nordreisa"
"1427",1942,"2006","Troms",0,0,"Nordreisa"
"1428",1942,"2007","Troms",1,0,"Nordreisa"
"1429",1942,"2008","Troms",1,0,"Nordreisa"
"1430",1942,"2009","Troms",1,1,"Nordreisa"
"1431",1942,"2010","Troms",1,1,"Nordreisa"
"1432",1942,"2011","Troms",1,0,"Nordreisa"
"1433",1942,"2012","Troms",1,0,"Nordreisa"
"1434",1942,"2013","Troms",0,0,"Nordreisa"
"1435",1942,"2014","Troms",0,0,"Nordreisa"
"1436",1942,"2015","Troms",0,0,"Nordreisa"
"1437",1942,"2016","Troms",0,0,"Nordreisa"
"1438",1942,"2017","Troms",0,0,"Nordreisa"
"1439",1942,"2018","Troms",0,0,"Nordreisa"
"1440",1942,"2019","Troms",0,0,"Nordreisa"
"1441",2020,"1990","Finnmark",0,1,"Porsanger"
"1442",2020,"1991","Finnmark",1,2,"Porsanger"
"1443",2020,"1992","Finnmark",1,2,"Porsanger"
"1444",2020,"1993","Finnmark",0,2,"Porsanger"
"1445",2020,"1994","Finnmark",0,1,"Porsanger"
"1446",2020,"1995","Finnmark",0,2,"Porsanger"
"1447",2020,"1996","Finnmark",0,2,"Porsanger"
"1448",2020,"1997","Finnmark",2,1,"Porsanger"
"1449",2020,"1998","Finnmark",2,0,"Porsanger"
"1450",2020,"1999","Finnmark",2,0,"Porsanger"
"1451",2020,"2000","Finnmark",2,1,"Porsanger"
"1452",2020,"2001","Finnmark",1,0,"Porsanger"
"1453",2020,"2002","Finnmark",0,0,"Porsanger"
"1454",2020,"2003","Finnmark",0,0,"Porsanger"
"1455",2020,"2004","Finnmark",0,0,"Porsanger"
"1456",2020,"2005","Finnmark",0,0,"Porsanger"
"1457",2020,"2006","Finnmark",0,0,"Porsanger"
"1458",2020,"2007","Finnmark",0,0,"Porsanger"
"1459",2020,"2008","Finnmark",0,0,"Porsanger"
"1460",2020,"2009","Finnmark",0,0,"Porsanger"
"1461",2020,"2010","Finnmark",0,0,"Porsanger"
"1462",2020,"2011","Finnmark",1,2,"Porsanger"
"1463",2020,"2012","Finnmark",2,3,"Porsanger"
"1464",2020,"2013","Finnmark",1,3,"Porsanger"
"1465",2020,"2014","Finnmark",0,4,"Porsanger"
"1466",2020,"2015","Finnmark",1,4,"Porsanger"
"1467",2020,"2016","Finnmark",2,2,"Porsanger"
"1468",2020,"2017","Finnmark",2,5,"Porsanger"
"1469",2020,"2018","Finnmark",2,7,"Porsanger"
"1470",2020,"2019","Finnmark",2,7,"Porsanger"
"1471",1833,"1990","Nordland",0,1,"Rana"
"1472",1833,"1991","Nordland",0,1,"Rana"
"1473",1833,"1992","Nordland",0,0,"Rana"
"1474",1833,"1993","Nordland",0,0,"Rana"
"1475",1833,"1994","Nordland",0,0,"Rana"
"1476",1833,"1995","Nordland",0,0,"Rana"
"1477",1833,"1996","Nordland",0,1,"Rana"
"1478",1833,"1997","Nordland",0,1,"Rana"
"1479",1833,"1998","Nordland",0,0,"Rana"
"1480",1833,"1999","Nordland",0,0,"Rana"
"1481",1833,"2000","Nordland",0,0,"Rana"
"1482",1833,"2001","Nordland",0,0,"Rana"
"1483",1833,"2002","Nordland",0,0,"Rana"
"1484",1833,"2003","Nordland",0,0,"Rana"
"1485",1833,"2004","Nordland",0,0,"Rana"
"1486",1833,"2005","Nordland",0,0,"Rana"
"1487",1833,"2006","Nordland",0,0,"Rana"
"1488",1833,"2007","Nordland",0,0,"Rana"
"1489",1833,"2008","Nordland",0,0,"Rana"
"1490",1833,"2009","Nordland",0,0,"Rana"
"1491",1833,"2010","Nordland",0,0,"Rana"
"1492",1833,"2011","Nordland",0,0,"Rana"
"1493",1833,"2012","Nordland",0,0,"Rana"
"1494",1833,"2013","Nordland",0,0,"Rana"
"1495",1833,"2014","Nordland",0,0,"Rana"
"1496",1833,"2015","Nordland",0,1,"Rana"
"1497",1833,"2016","Nordland",0,1,"Rana"
"1498",1833,"2017","Nordland",0,1,"Rana"
"1499",1833,"2018","Nordland",0,1,"Rana"
"1500",1833,"2019","Nordland",1,0,"Rana"
"1501",1836,"1990","Nordland",1,5,"Rodoy"
"1502",1836,"1991","Nordland",0,5,"Rodoy"
"1503",1836,"1992","Nordland",0,4,"Rodoy"
"1504",1836,"1993","Nordland",0,4,"Rodoy"
"1505",1836,"1994","Nordland",0,4,"Rodoy"
"1506",1836,"1995","Nordland",0,4,"Rodoy"
"1507",1836,"1996","Nordland",0,5,"Rodoy"
"1508",1836,"1997","Nordland",0,5,"Rodoy"
"1509",1836,"1998","Nordland",0,5,"Rodoy"
"1510",1836,"1999","Nordland",0,4,"Rodoy"
"1511",1836,"2000","Nordland",0,3,"Rodoy"
"1512",1836,"2001","Nordland",1,2,"Rodoy"
"1513",1836,"2002","Nordland",3,0,"Rodoy"
"1514",1836,"2003","Nordland",3,0,"Rodoy"
"1515",1836,"2004","Nordland",0,1,"Rodoy"
"1516",1836,"2005","Nordland",0,1,"Rodoy"
"1517",1836,"2006","Nordland",0,2,"Rodoy"
"1518",1836,"2007","Nordland",1,1,"Rodoy"
"1519",1836,"2008","Nordland",1,2,"Rodoy"
"1520",1836,"2009","Nordland",1,2,"Rodoy"
"1521",1836,"2010","Nordland",1,1,"Rodoy"
"1522",1836,"2011","Nordland",0,1,"Rodoy"
"1523",1836,"2012","Nordland",0,1,"Rodoy"
"1524",1836,"2013","Nordland",0,0,"Rodoy"
"1525",1836,"2014","Nordland",0,1,"Rodoy"
"1526",1836,"2015","Nordland",0,1,"Rodoy"
"1527",1836,"2016","Nordland",0,1,"Rodoy"
"1528",1836,"2017","Nordland",0,2,"Rodoy"
"1529",1836,"2018","Nordland",0,1,"Rodoy"
"1530",1836,"2019","Nordland",0,1,"Rodoy"
"1531",1856,"1990","Nordland",0,0,"Rost"
"1532",1856,"1991","Nordland",0,0,"Rost"
"1533",1856,"1992","Nordland",0,0,"Rost"
"1534",1856,"1993","Nordland",0,0,"Rost"
"1535",1856,"1994","Nordland",0,0,"Rost"
"1536",1856,"1995","Nordland",0,1,"Rost"
"1537",1856,"1996","Nordland",0,0,"Rost"
"1538",1856,"1997","Nordland",0,0,"Rost"
"1539",1856,"1998","Nordland",0,0,"Rost"
"1540",1856,"1999","Nordland",0,0,"Rost"
"1541",1856,"2000","Nordland",0,0,"Rost"
"1542",1856,"2001","Nordland",0,0,"Rost"
"1543",1856,"2002","Nordland",0,0,"Rost"
"1544",1856,"2003","Nordland",0,0,"Rost"
"1545",1856,"2004","Nordland",2,0,"Rost"
"1546",1856,"2005","Nordland",2,0,"Rost"
"1547",1856,"2006","Nordland",2,0,"Rost"
"1548",1856,"2007","Nordland",2,1,"Rost"
"1549",1856,"2008","Nordland",0,1,"Rost"
"1550",1856,"2009","Nordland",0,1,"Rost"
"1551",1856,"2010","Nordland",0,1,"Rost"
"1552",1856,"2011","Nordland",0,1,"Rost"
"1553",1856,"2012","Nordland",0,1,"Rost"
"1554",1856,"2013","Nordland",0,0,"Rost"
"1555",1856,"2014","Nordland",1,1,"Rost"
"1556",1856,"2015","Nordland",1,1,"Rost"
"1557",1856,"2016","Nordland",1,2,"Rost"
"1558",1856,"2017","Nordland",1,2,"Rost"
"1559",1856,"2018","Nordland",1,2,"Rost"
"1560",1856,"2019","Nordland",1,3,"Rost"
"1561",1923,"1990","Troms",0,0,"Salangen"
"1562",1923,"1991","Troms",0,0,"Salangen"
"1563",1923,"1992","Troms",0,0,"Salangen"
"1564",1923,"1993","Troms",0,0,"Salangen"
"1565",1923,"1994","Troms",0,0,"Salangen"
"1566",1923,"1995","Troms",0,0,"Salangen"
"1567",1923,"1996","Troms",0,1,"Salangen"
"1568",1923,"1997","Troms",0,0,"Salangen"
"1569",1923,"1998","Troms",0,0,"Salangen"
"1570",1923,"1999","Troms",0,0,"Salangen"
"1571",1923,"2000","Troms",0,0,"Salangen"
"1572",1923,"2001","Troms",0,0,"Salangen"
"1573",1923,"2002","Troms",0,0,"Salangen"
"1574",1923,"2003","Troms",0,0,"Salangen"
"1575",1923,"2004","Troms",0,0,"Salangen"
"1576",1923,"2005","Troms",0,0,"Salangen"
"1577",1923,"2006","Troms",0,0,"Salangen"
"1578",1923,"2007","Troms",0,0,"Salangen"
"1579",1923,"2008","Troms",0,0,"Salangen"
"1580",1923,"2009","Troms",0,0,"Salangen"
"1581",1923,"2010","Troms",0,0,"Salangen"
"1582",1923,"2011","Troms",0,0,"Salangen"
"1583",1923,"2012","Troms",0,0,"Salangen"
"1584",1923,"2013","Troms",0,0,"Salangen"
"1585",1923,"2014","Troms",0,0,"Salangen"
"1586",1923,"2015","Troms",0,0,"Salangen"
"1587",1923,"2016","Troms",0,0,"Salangen"
"1588",1923,"2017","Troms",0,0,"Salangen"
"1589",1923,"2018","Troms",0,0,"Salangen"
"1590",1923,"2019","Troms",0,0,"Salangen"
"1591",1941,"1990","Troms",0,4,"Skjervoy"
"1592",1941,"1991","Troms",2,5,"Skjervoy"
"1593",1941,"1992","Troms",4,3,"Skjervoy"
"1594",1941,"1993","Troms",3,3,"Skjervoy"
"1595",1941,"1994","Troms",4,3,"Skjervoy"
"1596",1941,"1995","Troms",5,6,"Skjervoy"
"1597",1941,"1996","Troms",6,5,"Skjervoy"
"1598",1941,"1997","Troms",6,4,"Skjervoy"
"1599",1941,"1998","Troms",5,5,"Skjervoy"
"1600",1941,"1999","Troms",5,5,"Skjervoy"
"1601",1941,"2000","Troms",4,3,"Skjervoy"
"1602",1941,"2001","Troms",3,2,"Skjervoy"
"1603",1941,"2002","Troms",3,1,"Skjervoy"
"1604",1941,"2003","Troms",3,1,"Skjervoy"
"1605",1941,"2004","Troms",2,1,"Skjervoy"
"1606",1941,"2005","Troms",2,1,"Skjervoy"
"1607",1941,"2006","Troms",3,0,"Skjervoy"
"1608",1941,"2007","Troms",3,0,"Skjervoy"
"1609",1941,"2008","Troms",3,1,"Skjervoy"
"1610",1941,"2009","Troms",3,2,"Skjervoy"
"1611",1941,"2010","Troms",3,1,"Skjervoy"
"1612",1941,"2011","Troms",3,1,"Skjervoy"
"1613",1941,"2012","Troms",2,1,"Skjervoy"
"1614",1941,"2013","Troms",0,1,"Skjervoy"
"1615",1941,"2014","Troms",0,1,"Skjervoy"
"1616",1941,"2015","Troms",0,1,"Skjervoy"
"1617",1941,"2016","Troms",0,1,"Skjervoy"
"1618",1941,"2017","Troms",0,0,"Skjervoy"
"1619",1941,"2018","Troms",0,0,"Skjervoy"
"1620",1941,"2019","Troms",0,0,"Skjervoy"
"1621",1913,"1990","Troms",0,0,"Skanland"
"1622",1913,"1991","Troms",0,0,"Skanland"
"1623",1913,"1992","Troms",0,0,"Skanland"
"1624",1913,"1993","Troms",0,1,"Skanland"
"1625",1913,"1994","Troms",0,1,"Skanland"
"1626",1913,"1995","Troms",0,0,"Skanland"
"1627",1913,"1996","Troms",0,0,"Skanland"
"1628",1913,"1997","Troms",0,0,"Skanland"
"1629",1913,"1998","Troms",0,0,"Skanland"
"1630",1913,"1999","Troms",0,0,"Skanland"
"1631",1913,"2000","Troms",0,0,"Skanland"
"1632",1913,"2001","Troms",0,0,"Skanland"
"1633",1913,"2002","Troms",0,0,"Skanland"
"1634",1913,"2003","Troms",0,0,"Skanland"
"1635",1913,"2004","Troms",0,0,"Skanland"
"1636",1913,"2005","Troms",0,0,"Skanland"
"1637",1913,"2006","Troms",0,0,"Skanland"
"1638",1913,"2007","Troms",0,0,"Skanland"
"1639",1913,"2008","Troms",0,0,"Skanland"
"1640",1913,"2009","Troms",0,0,"Skanland"
"1641",1913,"2010","Troms",0,0,"Skanland"
"1642",1913,"2011","Troms",0,0,"Skanland"
"1643",1913,"2012","Troms",0,0,"Skanland"
"1644",1913,"2013","Troms",0,0,"Skanland"
"1645",1913,"2014","Troms",0,0,"Skanland"
"1646",1913,"2015","Troms",0,0,"Skanland"
"1647",1913,"2016","Troms",0,1,"Skanland"
"1648",1913,"2017","Troms",0,1,"Skanland"
"1649",1913,"2018","Troms",0,1,"Skanland"
"1650",1913,"2019","Troms",0,1,"Skanland"
"1651",1870,"1990","Nordland",0,3,"Sortland"
"1652",1870,"1991","Nordland",0,4,"Sortland"
"1653",1870,"1992","Nordland",0,3,"Sortland"
"1654",1870,"1993","Nordland",0,4,"Sortland"
"1655",1870,"1994","Nordland",0,2,"Sortland"
"1656",1870,"1995","Nordland",0,3,"Sortland"
"1657",1870,"1996","Nordland",0,4,"Sortland"
"1658",1870,"1997","Nordland",0,2,"Sortland"
"1659",1870,"1998","Nordland",0,2,"Sortland"
"1660",1870,"1999","Nordland",0,1,"Sortland"
"1661",1870,"2000","Nordland",0,1,"Sortland"
"1662",1870,"2001","Nordland",0,1,"Sortland"
"1663",1870,"2002","Nordland",0,2,"Sortland"
"1664",1870,"2003","Nordland",0,3,"Sortland"
"1665",1870,"2004","Nordland",1,3,"Sortland"
"1666",1870,"2005","Nordland",0,4,"Sortland"
"1667",1870,"2006","Nordland",2,3,"Sortland"
"1668",1870,"2007","Nordland",1,2,"Sortland"
"1669",1870,"2008","Nordland",1,2,"Sortland"
"1670",1870,"2009","Nordland",1,5,"Sortland"
"1671",1870,"2010","Nordland",0,5,"Sortland"
"1672",1870,"2011","Nordland",0,5,"Sortland"
"1673",1870,"2012","Nordland",0,5,"Sortland"
"1674",1870,"2013","Nordland",0,5,"Sortland"
"1675",1870,"2014","Nordland",0,2,"Sortland"
"1676",1870,"2015","Nordland",0,6,"Sortland"
"1677",1870,"2016","Nordland",0,6,"Sortland"
"1678",1870,"2017","Nordland",1,7,"Sortland"
"1679",1870,"2018","Nordland",1,6,"Sortland"
"1680",1870,"2019","Nordland",0,6,"Sortland"
"1681",1848,"1990","Nordland",1,2,"Steigen"
"1682",1848,"1991","Nordland",0,2,"Steigen"
"1683",1848,"1992","Nordland",0,3,"Steigen"
"1684",1848,"1993","Nordland",0,2,"Steigen"
"1685",1848,"1994","Nordland",0,2,"Steigen"
"1686",1848,"1995","Nordland",0,2,"Steigen"
"1687",1848,"1996","Nordland",0,4,"Steigen"
"1688",1848,"1997","Nordland",0,3,"Steigen"
"1689",1848,"1998","Nordland",0,4,"Steigen"
"1690",1848,"1999","Nordland",0,5,"Steigen"
"1691",1848,"2000","Nordland",0,2,"Steigen"
"1692",1848,"2001","Nordland",0,2,"Steigen"
"1693",1848,"2002","Nordland",0,2,"Steigen"
"1694",1848,"2003","Nordland",0,2,"Steigen"
"1695",1848,"2004","Nordland",0,2,"Steigen"
"1696",1848,"2005","Nordland",0,2,"Steigen"
"1697",1848,"2006","Nordland",0,3,"Steigen"
"1698",1848,"2007","Nordland",0,3,"Steigen"
"1699",1848,"2008","Nordland",0,1,"Steigen"
"1700",1848,"2009","Nordland",0,1,"Steigen"
"1701",1848,"2010","Nordland",0,1,"Steigen"
"1702",1848,"2011","Nordland",0,1,"Steigen"
"1703",1848,"2012","Nordland",0,1,"Steigen"
"1704",1848,"2013","Nordland",0,1,"Steigen"
"1705",1848,"2014","Nordland",0,1,"Steigen"
"1706",1848,"2015","Nordland",0,1,"Steigen"
"1707",1848,"2016","Nordland",0,1,"Steigen"
"1708",1848,"2017","Nordland",0,1,"Steigen"
"1709",1848,"2018","Nordland",0,1,"Steigen"
"1710",1848,"2019","Nordland",0,1,"Steigen"
"1711",1939,"1990","Troms",0,0,"Storfjord"
"1712",1939,"1991","Troms",0,0,"Storfjord"
"1713",1939,"1992","Troms",0,0,"Storfjord"
"1714",1939,"1993","Troms",0,0,"Storfjord"
"1715",1939,"1994","Troms",0,0,"Storfjord"
"1716",1939,"1995","Troms",1,0,"Storfjord"
"1717",1939,"1996","Troms",1,0,"Storfjord"
"1718",1939,"1997","Troms",1,0,"Storfjord"
"1719",1939,"1998","Troms",1,0,"Storfjord"
"1720",1939,"1999","Troms",1,0,"Storfjord"
"1721",1939,"2000","Troms",2,0,"Storfjord"
"1722",1939,"2001","Troms",2,1,"Storfjord"
"1723",1939,"2002","Troms",1,1,"Storfjord"
"1724",1939,"2003","Troms",1,1,"Storfjord"
"1725",1939,"2004","Troms",1,1,"Storfjord"
"1726",1939,"2005","Troms",1,1,"Storfjord"
"1727",1939,"2006","Troms",1,1,"Storfjord"
"1728",1939,"2007","Troms",2,1,"Storfjord"
"1729",1939,"2008","Troms",2,0,"Storfjord"
"1730",1939,"2009","Troms",2,0,"Storfjord"
"1731",1939,"2010","Troms",2,0,"Storfjord"
"1732",1939,"2011","Troms",2,0,"Storfjord"
"1733",1939,"2012","Troms",1,0,"Storfjord"
"1734",1939,"2013","Troms",1,0,"Storfjord"
"1735",1939,"2014","Troms",1,0,"Storfjord"
"1736",1939,"2015","Troms",1,0,"Storfjord"
"1737",1939,"2016","Troms",1,0,"Storfjord"
"1738",1939,"2017","Troms",1,0,"Storfjord"
"1739",1939,"2018","Troms",1,0,"Storfjord"
"1740",1939,"2019","Troms",1,0,"Storfjord"
"1741",1812,"1990","Nordland",0,1,"Somna"
"1742",1812,"1991","Nordland",0,1,"Somna"
"1743",1812,"1992","Nordland",0,1,"Somna"
"1744",1812,"1993","Nordland",0,2,"Somna"
"1745",1812,"1994","Nordland",0,2,"Somna"
"1746",1812,"1995","Nordland",0,1,"Somna"
"1747",1812,"1996","Nordland",0,1,"Somna"
"1748",1812,"1997","Nordland",0,1,"Somna"
"1749",1812,"1998","Nordland",0,1,"Somna"
"1750",1812,"1999","Nordland",0,1,"Somna"
"1751",1812,"2000","Nordland",0,1,"Somna"
"1752",1812,"2001","Nordland",0,1,"Somna"
"1753",1812,"2002","Nordland",0,1,"Somna"
"1754",1812,"2003","Nordland",0,1,"Somna"
"1755",1812,"2004","Nordland",0,1,"Somna"
"1756",1812,"2005","Nordland",0,1,"Somna"
"1757",1812,"2006","Nordland",0,1,"Somna"
"1758",1812,"2007","Nordland",1,1,"Somna"
"1759",1812,"2008","Nordland",1,1,"Somna"
"1760",1812,"2009","Nordland",1,1,"Somna"
"1761",1812,"2010","Nordland",1,2,"Somna"
"1762",1812,"2011","Nordland",1,2,"Somna"
"1763",1812,"2012","Nordland",1,2,"Somna"
"1764",1812,"2013","Nordland",1,3,"Somna"
"1765",1812,"2014","Nordland",0,3,"Somna"
"1766",1812,"2015","Nordland",1,3,"Somna"
"1767",1812,"2016","Nordland",1,3,"Somna"
"1768",1812,"2017","Nordland",2,1,"Somna"
"1769",1812,"2018","Nordland",0,1,"Somna"
"1770",1812,"2019","Nordland",0,1,"Somna"
"1771",2030,"1990","Finnmark",0,2,"Sor-Varanger"
"1772",2030,"1991","Finnmark",0,2,"Sor-Varanger"
"1773",2030,"1992","Finnmark",0,2,"Sor-Varanger"
"1774",2030,"1993","Finnmark",1,1,"Sor-Varanger"
"1775",2030,"1994","Finnmark",1,1,"Sor-Varanger"
"1776",2030,"1995","Finnmark",1,1,"Sor-Varanger"
"1777",2030,"1996","Finnmark",1,1,"Sor-Varanger"
"1778",2030,"1997","Finnmark",2,1,"Sor-Varanger"
"1779",2030,"1998","Finnmark",2,1,"Sor-Varanger"
"1780",2030,"1999","Finnmark",3,0,"Sor-Varanger"
"1781",2030,"2000","Finnmark",5,1,"Sor-Varanger"
"1782",2030,"2001","Finnmark",3,1,"Sor-Varanger"
"1783",2030,"2002","Finnmark",2,0,"Sor-Varanger"
"1784",2030,"2003","Finnmark",3,0,"Sor-Varanger"
"1785",2030,"2004","Finnmark",2,0,"Sor-Varanger"
"1786",2030,"2005","Finnmark",1,1,"Sor-Varanger"
"1787",2030,"2006","Finnmark",0,1,"Sor-Varanger"
"1788",2030,"2007","Finnmark",1,2,"Sor-Varanger"
"1789",2030,"2008","Finnmark",1,2,"Sor-Varanger"
"1790",2030,"2009","Finnmark",0,1,"Sor-Varanger"
"1791",2030,"2010","Finnmark",1,1,"Sor-Varanger"
"1792",2030,"2011","Finnmark",3,1,"Sor-Varanger"
"1793",2030,"2012","Finnmark",4,1,"Sor-Varanger"
"1794",2030,"2013","Finnmark",3,1,"Sor-Varanger"
"1795",2030,"2014","Finnmark",3,1,"Sor-Varanger"
"1796",2030,"2015","Finnmark",3,1,"Sor-Varanger"
"1797",2030,"2016","Finnmark",2,1,"Sor-Varanger"
"1798",2030,"2017","Finnmark",1,2,"Sor-Varanger"
"1799",2030,"2018","Finnmark",1,3,"Sor-Varanger"
"1800",2030,"2019","Finnmark",1,2,"Sor-Varanger"
"1801",1845,"1990","Nordland",1,1,"Sorfold"
"1802",1845,"1991","Nordland",1,1,"Sorfold"
"1803",1845,"1992","Nordland",0,1,"Sorfold"
"1804",1845,"1993","Nordland",0,1,"Sorfold"
"1805",1845,"1994","Nordland",0,1,"Sorfold"
"1806",1845,"1995","Nordland",0,1,"Sorfold"
"1807",1845,"1996","Nordland",0,1,"Sorfold"
"1808",1845,"1997","Nordland",0,1,"Sorfold"
"1809",1845,"1998","Nordland",0,0,"Sorfold"
"1810",1845,"1999","Nordland",0,0,"Sorfold"
"1811",1845,"2000","Nordland",0,0,"Sorfold"
"1812",1845,"2001","Nordland",0,0,"Sorfold"
"1813",1845,"2002","Nordland",0,0,"Sorfold"
"1814",1845,"2003","Nordland",0,0,"Sorfold"
"1815",1845,"2004","Nordland",0,0,"Sorfold"
"1816",1845,"2005","Nordland",0,0,"Sorfold"
"1817",1845,"2006","Nordland",0,0,"Sorfold"
"1818",1845,"2007","Nordland",0,0,"Sorfold"
"1819",1845,"2008","Nordland",0,0,"Sorfold"
"1820",1845,"2009","Nordland",0,0,"Sorfold"
"1821",1845,"2010","Nordland",0,0,"Sorfold"
"1822",1845,"2011","Nordland",0,0,"Sorfold"
"1823",1845,"2012","Nordland",0,0,"Sorfold"
"1824",1845,"2013","Nordland",0,0,"Sorfold"
"1825",1845,"2014","Nordland",0,0,"Sorfold"
"1826",1845,"2015","Nordland",0,0,"Sorfold"
"1827",1845,"2016","Nordland",0,0,"Sorfold"
"1828",1845,"2017","Nordland",0,0,"Sorfold"
"1829",1845,"2018","Nordland",0,0,"Sorfold"
"1830",1845,"2019","Nordland",0,0,"Sorfold"
"1831",1925,"1990","Troms",0,0,"Sorreisa"
"1832",1925,"1991","Troms",0,0,"Sorreisa"
"1833",1925,"1992","Troms",0,0,"Sorreisa"
"1834",1925,"1993","Troms",0,0,"Sorreisa"
"1835",1925,"1994","Troms",0,0,"Sorreisa"
"1836",1925,"1995","Troms",0,1,"Sorreisa"
"1837",1925,"1996","Troms",0,1,"Sorreisa"
"1838",1925,"1997","Troms",0,1,"Sorreisa"
"1839",1925,"1998","Troms",0,0,"Sorreisa"
"1840",1925,"1999","Troms",0,0,"Sorreisa"
"1841",1925,"2000","Troms",0,0,"Sorreisa"
"1842",1925,"2001","Troms",0,0,"Sorreisa"
"1843",1925,"2002","Troms",0,0,"Sorreisa"
"1844",1925,"2003","Troms",0,0,"Sorreisa"
"1845",1925,"2004","Troms",0,0,"Sorreisa"
"1846",1925,"2005","Troms",0,0,"Sorreisa"
"1847",1925,"2006","Troms",0,0,"Sorreisa"
"1848",1925,"2007","Troms",0,0,"Sorreisa"
"1849",1925,"2008","Troms",0,0,"Sorreisa"
"1850",1925,"2009","Troms",0,0,"Sorreisa"
"1851",1925,"2010","Troms",0,0,"Sorreisa"
"1852",1925,"2011","Troms",0,1,"Sorreisa"
"1853",1925,"2012","Troms",0,1,"Sorreisa"
"1854",1925,"2013","Troms",0,1,"Sorreisa"
"1855",1925,"2014","Troms",1,1,"Sorreisa"
"1856",1925,"2015","Troms",1,0,"Sorreisa"
"1857",1925,"2016","Troms",0,1,"Sorreisa"
"1858",1925,"2017","Troms",1,0,"Sorreisa"
"1859",1925,"2018","Troms",1,0,"Sorreisa"
"1860",1925,"2019","Troms",1,0,"Sorreisa"
"1861",1852,"1990","Nordland",0,0,"Tjeldsund"
"1862",1852,"1991","Nordland",0,0,"Tjeldsund"
"1863",1852,"1992","Nordland",0,1,"Tjeldsund"
"1864",1852,"1993","Nordland",0,0,"Tjeldsund"
"1865",1852,"1994","Nordland",0,1,"Tjeldsund"
"1866",1852,"1995","Nordland",0,0,"Tjeldsund"
"1867",1852,"1996","Nordland",0,1,"Tjeldsund"
"1868",1852,"1997","Nordland",0,1,"Tjeldsund"
"1869",1852,"1998","Nordland",0,0,"Tjeldsund"
"1870",1852,"1999","Nordland",0,0,"Tjeldsund"
"1871",1852,"2000","Nordland",0,0,"Tjeldsund"
"1872",1852,"2001","Nordland",0,0,"Tjeldsund"
"1873",1852,"2002","Nordland",0,0,"Tjeldsund"
"1874",1852,"2003","Nordland",0,0,"Tjeldsund"
"1875",1852,"2004","Nordland",0,0,"Tjeldsund"
"1876",1852,"2005","Nordland",0,1,"Tjeldsund"
"1877",1852,"2006","Nordland",0,1,"Tjeldsund"
"1878",1852,"2007","Nordland",0,1,"Tjeldsund"
"1879",1852,"2008","Nordland",0,1,"Tjeldsund"
"1880",1852,"2009","Nordland",0,1,"Tjeldsund"
"1881",1852,"2010","Nordland",0,1,"Tjeldsund"
"1882",1852,"2011","Nordland",0,1,"Tjeldsund"
"1883",1852,"2012","Nordland",0,1,"Tjeldsund"
"1884",1852,"2013","Nordland",0,1,"Tjeldsund"
"1885",1852,"2014","Nordland",0,1,"Tjeldsund"
"1886",1852,"2015","Nordland",0,1,"Tjeldsund"
"1887",1852,"2016","Nordland",0,1,"Tjeldsund"
"1888",1852,"2017","Nordland",0,1,"Tjeldsund"
"1889",1852,"2018","Nordland",0,1,"Tjeldsund"
"1890",1852,"2019","Nordland",0,1,"Tjeldsund"
"1891",1928,"1990","Troms",0,0,"Torsken"
"1892",1928,"1991","Troms",0,0,"Torsken"
"1893",1928,"1992","Troms",0,0,"Torsken"
"1894",1928,"1993","Troms",0,0,"Torsken"
"1895",1928,"1994","Troms",0,1,"Torsken"
"1896",1928,"1995","Troms",0,2,"Torsken"
"1897",1928,"1996","Troms",1,1,"Torsken"
"1898",1928,"1997","Troms",0,2,"Torsken"
"1899",1928,"1998","Troms",0,1,"Torsken"
"1900",1928,"1999","Troms",0,2,"Torsken"
"1901",1928,"2000","Troms",0,2,"Torsken"
"1902",1928,"2001","Troms",0,0,"Torsken"
"1903",1928,"2002","Troms",0,0,"Torsken"
"1904",1928,"2003","Troms",0,0,"Torsken"
"1905",1928,"2004","Troms",1,0,"Torsken"
"1906",1928,"2005","Troms",1,0,"Torsken"
"1907",1928,"2006","Troms",1,0,"Torsken"
"1908",1928,"2007","Troms",1,0,"Torsken"
"1909",1928,"2008","Troms",0,0,"Torsken"
"1910",1928,"2009","Troms",0,0,"Torsken"
"1911",1928,"2010","Troms",0,0,"Torsken"
"1912",1928,"2011","Troms",0,1,"Torsken"
"1913",1928,"2012","Troms",0,1,"Torsken"
"1914",1928,"2013","Troms",0,1,"Torsken"
"1915",1928,"2014","Troms",0,0,"Torsken"
"1916",1928,"2015","Troms",0,1,"Torsken"
"1917",1928,"2016","Troms",0,1,"Torsken"
"1918",1928,"2017","Troms",0,0,"Torsken"
"1919",1928,"2018","Troms",0,0,"Torsken"
"1920",1928,"2019","Troms",0,0,"Torsken"
"1921",1927,"1990","Troms",0,0,"Tranoy"
"1922",1927,"1991","Troms",0,0,"Tranoy"
"1923",1927,"1992","Troms",0,0,"Tranoy"
"1924",1927,"1993","Troms",0,0,"Tranoy"
"1925",1927,"1994","Troms",0,0,"Tranoy"
"1926",1927,"1995","Troms",0,0,"Tranoy"
"1927",1927,"1996","Troms",0,0,"Tranoy"
"1928",1927,"1997","Troms",0,0,"Tranoy"
"1929",1927,"1998","Troms",0,0,"Tranoy"
"1930",1927,"1999","Troms",0,0,"Tranoy"
"1931",1927,"2000","Troms",0,0,"Tranoy"
"1932",1927,"2001","Troms",1,0,"Tranoy"
"1933",1927,"2002","Troms",1,0,"Tranoy"
"1934",1927,"2003","Troms",1,0,"Tranoy"
"1935",1927,"2004","Troms",1,0,"Tranoy"
"1936",1927,"2005","Troms",1,0,"Tranoy"
"1937",1927,"2006","Troms",1,0,"Tranoy"
"1938",1927,"2007","Troms",1,0,"Tranoy"
"1939",1927,"2008","Troms",0,0,"Tranoy"
"1940",1927,"2009","Troms",0,0,"Tranoy"
"1941",1927,"2010","Troms",0,0,"Tranoy"
"1942",1927,"2011","Troms",0,0,"Tranoy"
"1943",1927,"2012","Troms",0,1,"Tranoy"
"1944",1927,"2013","Troms",0,1,"Tranoy"
"1945",1927,"2014","Troms",0,1,"Tranoy"
"1946",1927,"2015","Troms",0,1,"Tranoy"
"1947",1927,"2016","Troms",0,0,"Tranoy"
"1948",1927,"2017","Troms",0,0,"Tranoy"
"1949",1927,"2018","Troms",0,0,"Tranoy"
"1950",1927,"2019","Troms",0,0,"Tranoy"
"1951",1902,"1990","Troms",5,19,"Tromso"
"1952",1902,"1991","Troms",3,26,"Tromso"
"1953",1902,"1992","Troms",3,32,"Tromso"
"1954",1902,"1993","Troms",4,31,"Tromso"
"1955",1902,"1994","Troms",5,11,"Tromso"
"1956",1902,"1995","Troms",6,14,"Tromso"
"1957",1902,"1996","Troms",6,8,"Tromso"
"1958",1902,"1997","Troms",7,7,"Tromso"
"1959",1902,"1998","Troms",7,9,"Tromso"
"1960",1902,"1999","Troms",8,10,"Tromso"
"1961",1902,"2000","Troms",8,8,"Tromso"
"1962",1902,"2001","Troms",9,12,"Tromso"
"1963",1902,"2002","Troms",10,11,"Tromso"
"1964",1902,"2003","Troms",8,12,"Tromso"
"1965",1902,"2004","Troms",6,12,"Tromso"
"1966",1902,"2005","Troms",7,10,"Tromso"
"1967",1902,"2006","Troms",9,10,"Tromso"
"1968",1902,"2007","Troms",12,11,"Tromso"
"1969",1902,"2008","Troms",12,11,"Tromso"
"1970",1902,"2009","Troms",13,10,"Tromso"
"1971",1902,"2010","Troms",12,6,"Tromso"
"1972",1902,"2011","Troms",4,6,"Tromso"
"1973",1902,"2012","Troms",3,6,"Tromso"
"1974",1902,"2013","Troms",3,7,"Tromso"
"1975",1902,"2014","Troms",2,7,"Tromso"
"1976",1902,"2015","Troms",2,8,"Tromso"
"1977",1902,"2016","Troms",2,8,"Tromso"
"1978",1902,"2017","Troms",3,13,"Tromso"
"1979",1902,"2018","Troms",3,13,"Tromso"
"1980",1902,"2019","Troms",2,11,"Tromso"
"1981",1835,"1990","Nordland",1,3,"Traena"
"1982",1835,"1991","Nordland",1,4,"Traena"
"1983",1835,"1992","Nordland",0,3,"Traena"
"1984",1835,"1993","Nordland",0,3,"Traena"
"1985",1835,"1994","Nordland",0,3,"Traena"
"1986",1835,"1995","Nordland",0,3,"Traena"
"1987",1835,"1996","Nordland",0,2,"Traena"
"1988",1835,"1997","Nordland",0,1,"Traena"
"1989",1835,"1998","Nordland",0,1,"Traena"
"1990",1835,"1999","Nordland",0,1,"Traena"
"1991",1835,"2000","Nordland",1,0,"Traena"
"1992",1835,"2001","Nordland",0,0,"Traena"
"1993",1835,"2002","Nordland",0,0,"Traena"
"1994",1835,"2003","Nordland",0,0,"Traena"
"1995",1835,"2004","Nordland",0,0,"Traena"
"1996",1835,"2005","Nordland",0,0,"Traena"
"1997",1835,"2006","Nordland",0,0,"Traena"
"1998",1835,"2007","Nordland",0,0,"Traena"
"1999",1835,"2008","Nordland",0,0,"Traena"
"2000",1835,"2009","Nordland",0,0,"Traena"
"2001",1835,"2010","Nordland",0,0,"Traena"
"2002",1835,"2011","Nordland",0,0,"Traena"
"2003",1835,"2012","Nordland",1,0,"Traena"
"2004",1835,"2013","Nordland",1,1,"Traena"
"2005",1835,"2014","Nordland",1,1,"Traena"
"2006",1835,"2015","Nordland",1,1,"Traena"
"2007",1835,"2016","Nordland",1,2,"Traena"
"2008",1835,"2017","Nordland",1,1,"Traena"
"2009",1835,"2018","Nordland",1,1,"Traena"
"2010",1835,"2019","Nordland",1,1,"Traena"
"2011",1850,"1990","Nordland",1,0,"Tysfjord"
"2012",1850,"1991","Nordland",1,0,"Tysfjord"
"2013",1850,"1992","Nordland",1,0,"Tysfjord"
"2014",1850,"1993","Nordland",1,0,"Tysfjord"
"2015",1850,"1994","Nordland",1,1,"Tysfjord"
"2016",1850,"1995","Nordland",1,1,"Tysfjord"
"2017",1850,"1996","Nordland",1,1,"Tysfjord"
"2018",1850,"1997","Nordland",1,1,"Tysfjord"
"2019",1850,"1998","Nordland",1,1,"Tysfjord"
"2020",1850,"1999","Nordland",1,1,"Tysfjord"
"2021",1850,"2000","Nordland",1,1,"Tysfjord"
"2022",1850,"2001","Nordland",1,1,"Tysfjord"
"2023",1850,"2002","Nordland",2,1,"Tysfjord"
"2024",1850,"2003","Nordland",2,1,"Tysfjord"
"2025",1850,"2004","Nordland",0,2,"Tysfjord"
"2026",1850,"2005","Nordland",0,2,"Tysfjord"
"2027",1850,"2006","Nordland",0,2,"Tysfjord"
"2028",1850,"2007","Nordland",0,1,"Tysfjord"
"2029",1850,"2008","Nordland",0,1,"Tysfjord"
"2030",1850,"2009","Nordland",0,1,"Tysfjord"
"2031",1850,"2010","Nordland",0,0,"Tysfjord"
"2032",1850,"2011","Nordland",0,0,"Tysfjord"
"2033",1850,"2012","Nordland",0,0,"Tysfjord"
"2034",1850,"2013","Nordland",0,0,"Tysfjord"
"2035",1850,"2014","Nordland",0,0,"Tysfjord"
"2036",1850,"2015","Nordland",0,0,"Tysfjord"
"2037",1850,"2016","Nordland",0,0,"Tysfjord"
"2038",1850,"2017","Nordland",0,1,"Tysfjord"
"2039",1850,"2018","Nordland",0,1,"Tysfjord"
"2040",1850,"2019","Nordland",0,1,"Tysfjord"
"2041",2027,"1990","Finnmark",0,0,"Nesseby"
"2042",2027,"1991","Finnmark",0,0,"Nesseby"
"2043",2027,"1992","Finnmark",0,0,"Nesseby"
"2044",2027,"1993","Finnmark",1,0,"Nesseby"
"2045",2027,"1994","Finnmark",1,0,"Nesseby"
"2046",2027,"1995","Finnmark",1,0,"Nesseby"
"2047",2027,"1996","Finnmark",2,0,"Nesseby"
"2048",2027,"1997","Finnmark",4,0,"Nesseby"
"2049",2027,"1998","Finnmark",3,0,"Nesseby"
"2050",2027,"1999","Finnmark",3,1,"Nesseby"
"2051",2027,"2000","Finnmark",2,1,"Nesseby"
"2052",2027,"2001","Finnmark",1,1,"Nesseby"
"2053",2027,"2002","Finnmark",1,1,"Nesseby"
"2054",2027,"2003","Finnmark",1,1,"Nesseby"
"2055",2027,"2004","Finnmark",1,1,"Nesseby"
"2056",2027,"2005","Finnmark",0,0,"Nesseby"
"2057",2027,"2006","Finnmark",0,0,"Nesseby"
"2058",2027,"2007","Finnmark",0,0,"Nesseby"
"2059",2027,"2008","Finnmark",0,0,"Nesseby"
"2060",2027,"2009","Finnmark",0,0,"Nesseby"
"2061",2027,"2010","Finnmark",0,0,"Nesseby"
"2062",2027,"2011","Finnmark",0,0,"Nesseby"
"2063",2027,"2012","Finnmark",0,0,"Nesseby"
"2064",2027,"2013","Finnmark",0,0,"Nesseby"
"2065",2027,"2014","Finnmark",0,0,"Nesseby"
"2066",2027,"2015","Finnmark",0,0,"Nesseby"
"2067",2027,"2016","Finnmark",0,0,"Nesseby"
"2068",2027,"2017","Finnmark",0,0,"Nesseby"
"2069",2027,"2018","Finnmark",0,0,"Nesseby"
"2070",2027,"2019","Finnmark",0,0,"Nesseby"
"2071",2003,"1990","Finnmark",0,0,"Vadso"
"2072",2003,"1991","Finnmark",0,0,"Vadso"
"2073",2003,"1992","Finnmark",0,1,"Vadso"
"2074",2003,"1993","Finnmark",0,1,"Vadso"
"2075",2003,"1994","Finnmark",0,0,"Vadso"
"2076",2003,"1995","Finnmark",0,0,"Vadso"
"2077",2003,"1996","Finnmark",0,0,"Vadso"
"2078",2003,"1997","Finnmark",0,0,"Vadso"
"2079",2003,"1998","Finnmark",0,0,"Vadso"
"2080",2003,"1999","Finnmark",0,0,"Vadso"
"2081",2003,"2000","Finnmark",0,0,"Vadso"
"2082",2003,"2001","Finnmark",1,0,"Vadso"
"2083",2003,"2002","Finnmark",0,0,"Vadso"
"2084",2003,"2003","Finnmark",1,0,"Vadso"
"2085",2003,"2004","Finnmark",1,0,"Vadso"
"2086",2003,"2005","Finnmark",1,0,"Vadso"
"2087",2003,"2006","Finnmark",1,0,"Vadso"
"2088",2003,"2007","Finnmark",0,0,"Vadso"
"2089",2003,"2008","Finnmark",0,0,"Vadso"
"2090",2003,"2009","Finnmark",1,0,"Vadso"
"2091",2003,"2010","Finnmark",1,0,"Vadso"
"2092",2003,"2011","Finnmark",1,0,"Vadso"
"2093",2003,"2012","Finnmark",0,0,"Vadso"
"2094",2003,"2013","Finnmark",0,0,"Vadso"
"2095",2003,"2014","Finnmark",0,1,"Vadso"
"2096",2003,"2015","Finnmark",0,1,"Vadso"
"2097",2003,"2016","Finnmark",0,1,"Vadso"
"2098",2003,"2017","Finnmark",0,1,"Vadso"
"2099",2003,"2018","Finnmark",0,1,"Vadso"
"2100",2003,"2019","Finnmark",1,0,"Vadso"
"2101",2002,"1990","Finnmark",0,2,"Vardo"
"2102",2002,"1991","Finnmark",0,3,"Vardo"
"2103",2002,"1992","Finnmark",1,3,"Vardo"
"2104",2002,"1993","Finnmark",1,3,"Vardo"
"2105",2002,"1994","Finnmark",1,1,"Vardo"
"2106",2002,"1995","Finnmark",0,2,"Vardo"
"2107",2002,"1996","Finnmark",0,2,"Vardo"
"2108",2002,"1997","Finnmark",0,2,"Vardo"
"2109",2002,"1998","Finnmark",0,1,"Vardo"
"2110",2002,"1999","Finnmark",0,2,"Vardo"
"2111",2002,"2000","Finnmark",0,2,"Vardo"
"2112",2002,"2001","Finnmark",0,2,"Vardo"
"2113",2002,"2002","Finnmark",1,0,"Vardo"
"2114",2002,"2003","Finnmark",1,0,"Vardo"
"2115",2002,"2004","Finnmark",1,1,"Vardo"
"2116",2002,"2005","Finnmark",0,2,"Vardo"
"2117",2002,"2006","Finnmark",0,2,"Vardo"
"2118",2002,"2007","Finnmark",0,2,"Vardo"
"2119",2002,"2008","Finnmark",0,2,"Vardo"
"2120",2002,"2009","Finnmark",0,2,"Vardo"
"2121",2002,"2010","Finnmark",0,1,"Vardo"
"2122",2002,"2011","Finnmark",1,2,"Vardo"
"2123",2002,"2012","Finnmark",0,2,"Vardo"
"2124",2002,"2013","Finnmark",0,2,"Vardo"
"2125",2002,"2014","Finnmark",0,2,"Vardo"
"2126",2002,"2015","Finnmark",0,2,"Vardo"
"2127",2002,"2016","Finnmark",0,3,"Vardo"
"2128",2002,"2017","Finnmark",0,3,"Vardo"
"2129",2002,"2018","Finnmark",1,3,"Vardo"
"2130",2002,"2019","Finnmark",1,3,"Vardo"
"2131",1815,"1990","Nordland",1,2,"Vega"
"2132",1815,"1991","Nordland",3,2,"Vega"
"2133",1815,"1992","Nordland",3,2,"Vega"
"2134",1815,"1993","Nordland",2,2,"Vega"
"2135",1815,"1994","Nordland",2,3,"Vega"
"2136",1815,"1995","Nordland",2,3,"Vega"
"2137",1815,"1996","Nordland",1,3,"Vega"
"2138",1815,"1997","Nordland",1,2,"Vega"
"2139",1815,"1998","Nordland",1,2,"Vega"
"2140",1815,"1999","Nordland",1,1,"Vega"
"2141",1815,"2000","Nordland",1,1,"Vega"
"2142",1815,"2001","Nordland",1,1,"Vega"
"2143",1815,"2002","Nordland",1,1,"Vega"
"2144",1815,"2003","Nordland",1,1,"Vega"
"2145",1815,"2004","Nordland",0,1,"Vega"
"2146",1815,"2005","Nordland",0,1,"Vega"
"2147",1815,"2006","Nordland",0,1,"Vega"
"2148",1815,"2007","Nordland",0,1,"Vega"
"2149",1815,"2008","Nordland",0,1,"Vega"
"2150",1815,"2009","Nordland",0,1,"Vega"
"2151",1815,"2010","Nordland",1,1,"Vega"
"2152",1815,"2011","Nordland",1,0,"Vega"
"2153",1815,"2012","Nordland",1,0,"Vega"
"2154",1815,"2013","Nordland",2,0,"Vega"
"2155",1815,"2014","Nordland",2,0,"Vega"
"2156",1815,"2015","Nordland",2,0,"Vega"
"2157",1815,"2016","Nordland",1,0,"Vega"
"2158",1815,"2017","Nordland",1,0,"Vega"
"2159",1815,"2018","Nordland",1,0,"Vega"
"2160",1815,"2019","Nordland",0,0,"Vega"
"2161",1860,"1990","Nordland",1,15,"Vestvagoy"
"2162",1860,"1991","Nordland",1,19,"Vestvagoy"
"2163",1860,"1992","Nordland",0,19,"Vestvagoy"
"2164",1860,"1993","Nordland",0,16,"Vestvagoy"
"2165",1860,"1994","Nordland",1,11,"Vestvagoy"
"2166",1860,"1995","Nordland",1,13,"Vestvagoy"
"2167",1860,"1996","Nordland",1,12,"Vestvagoy"
"2168",1860,"1997","Nordland",3,15,"Vestvagoy"
"2169",1860,"1998","Nordland",4,12,"Vestvagoy"
"2170",1860,"1999","Nordland",4,10,"Vestvagoy"
"2171",1860,"2000","Nordland",3,9,"Vestvagoy"
"2172",1860,"2001","Nordland",5,7,"Vestvagoy"
"2173",1860,"2002","Nordland",2,7,"Vestvagoy"
"2174",1860,"2003","Nordland",2,7,"Vestvagoy"
"2175",1860,"2004","Nordland",2,5,"Vestvagoy"
"2176",1860,"2005","Nordland",2,5,"Vestvagoy"
"2177",1860,"2006","Nordland",2,6,"Vestvagoy"
"2178",1860,"2007","Nordland",0,4,"Vestvagoy"
"2179",1860,"2008","Nordland",0,4,"Vestvagoy"
"2180",1860,"2009","Nordland",0,4,"Vestvagoy"
"2181",1860,"2010","Nordland",0,4,"Vestvagoy"
"2182",1860,"2011","Nordland",0,4,"Vestvagoy"
"2183",1860,"2012","Nordland",0,4,"Vestvagoy"
"2184",1860,"2013","Nordland",0,5,"Vestvagoy"
"2185",1860,"2014","Nordland",0,6,"Vestvagoy"
"2186",1860,"2015","Nordland",0,5,"Vestvagoy"
"2187",1860,"2016","Nordland",0,5,"Vestvagoy"
"2188",1860,"2017","Nordland",1,5,"Vestvagoy"
"2189",1860,"2018","Nordland",1,4,"Vestvagoy"
"2190",1860,"2019","Nordland",0,4,"Vestvagoy"
"2191",1816,"1990","Nordland",0,2,"Vevelstad"
"2192",1816,"1991","Nordland",0,2,"Vevelstad"
"2193",1816,"1992","Nordland",0,1,"Vevelstad"
"2194",1816,"1993","Nordland",0,1,"Vevelstad"
"2195",1816,"1994","Nordland",0,1,"Vevelstad"
"2196",1816,"1995","Nordland",0,1,"Vevelstad"
"2197",1816,"1996","Nordland",0,1,"Vevelstad"
"2198",1816,"1997","Nordland",0,1,"Vevelstad"
"2199",1816,"1998","Nordland",0,1,"Vevelstad"
"2200",1816,"1999","Nordland",0,1,"Vevelstad"
"2201",1816,"2000","Nordland",0,1,"Vevelstad"
"2202",1816,"2001","Nordland",0,1,"Vevelstad"
"2203",1816,"2002","Nordland",1,0,"Vevelstad"
"2204",1816,"2003","Nordland",1,0,"Vevelstad"
"2205",1816,"2004","Nordland",1,0,"Vevelstad"
"2206",1816,"2005","Nordland",1,0,"Vevelstad"
"2207",1816,"2006","Nordland",1,0,"Vevelstad"
"2208",1816,"2007","Nordland",1,0,"Vevelstad"
"2209",1816,"2008","Nordland",1,0,"Vevelstad"
"2210",1816,"2009","Nordland",1,0,"Vevelstad"
"2211",1816,"2010","Nordland",1,0,"Vevelstad"
"2212",1816,"2011","Nordland",0,0,"Vevelstad"
"2213",1816,"2012","Nordland",0,0,"Vevelstad"
"2214",1816,"2013","Nordland",0,0,"Vevelstad"
"2215",1816,"2014","Nordland",0,0,"Vevelstad"
"2216",1816,"2015","Nordland",0,0,"Vevelstad"
"2217",1816,"2016","Nordland",0,0,"Vevelstad"
"2218",1816,"2017","Nordland",0,0,"Vevelstad"
"2219",1816,"2018","Nordland",0,0,"Vevelstad"
"2220",1816,"2019","Nordland",0,0,"Vevelstad"
"2221",1857,"1990","Nordland",0,12,"Vaeroy"
"2222",1857,"1991","Nordland",0,12,"Vaeroy"
"2223",1857,"1992","Nordland",0,13,"Vaeroy"
"2224",1857,"1993","Nordland",0,14,"Vaeroy"
"2225",1857,"1994","Nordland",0,13,"Vaeroy"
"2226",1857,"1995","Nordland",0,12,"Vaeroy"
"2227",1857,"1996","Nordland",0,9,"Vaeroy"
"2228",1857,"1997","Nordland",0,10,"Vaeroy"
"2229",1857,"1998","Nordland",0,10,"Vaeroy"
"2230",1857,"1999","Nordland",0,8,"Vaeroy"
"2231",1857,"2000","Nordland",0,7,"Vaeroy"
"2232",1857,"2001","Nordland",0,7,"Vaeroy"
"2233",1857,"2002","Nordland",0,7,"Vaeroy"
"2234",1857,"2003","Nordland",0,6,"Vaeroy"
"2235",1857,"2004","Nordland",0,6,"Vaeroy"
"2236",1857,"2005","Nordland",0,6,"Vaeroy"
"2237",1857,"2006","Nordland",0,6,"Vaeroy"
"2238",1857,"2007","Nordland",0,7,"Vaeroy"
"2239",1857,"2008","Nordland",0,5,"Vaeroy"
"2240",1857,"2009","Nordland",0,5,"Vaeroy"
"2241",1857,"2010","Nordland",0,6,"Vaeroy"
"2242",1857,"2011","Nordland",0,6,"Vaeroy"
"2243",1857,"2012","Nordland",0,5,"Vaeroy"
"2244",1857,"2013","Nordland",0,4,"Vaeroy"
"2245",1857,"2014","Nordland",0,4,"Vaeroy"
"2246",1857,"2015","Nordland",0,1,"Vaeroy"
"2247",1857,"2016","Nordland",0,0,"Vaeroy"
"2248",1857,"2017","Nordland",0,1,"Vaeroy"
"2249",1857,"2018","Nordland",0,1,"Vaeroy"
"2250",1857,"2019","Nordland",0,1,"Vaeroy"
"2251",1865,"1990","Nordland",4,9,"Vagan"
"2252",1865,"1991","Nordland",3,10,"Vagan"
"2253",1865,"1992","Nordland",1,11,"Vagan"
"2254",1865,"1993","Nordland",0,9,"Vagan"
"2255",1865,"1994","Nordland",0,8,"Vagan"
"2256",1865,"1995","Nordland",0,9,"Vagan"
"2257",1865,"1996","Nordland",0,8,"Vagan"
"2258",1865,"1997","Nordland",0,6,"Vagan"
"2259",1865,"1998","Nordland",0,7,"Vagan"
"2260",1865,"1999","Nordland",1,9,"Vagan"
"2261",1865,"2000","Nordland",2,8,"Vagan"
"2262",1865,"2001","Nordland",3,4,"Vagan"
"2263",1865,"2002","Nordland",3,5,"Vagan"
"2264",1865,"2003","Nordland",2,7,"Vagan"
"2265",1865,"2004","Nordland",2,7,"Vagan"
"2266",1865,"2005","Nordland",3,5,"Vagan"
"2267",1865,"2006","Nordland",3,5,"Vagan"
"2268",1865,"2007","Nordland",2,4,"Vagan"
"2269",1865,"2008","Nordland",1,3,"Vagan"
"2270",1865,"2009","Nordland",1,4,"Vagan"
"2271",1865,"2010","Nordland",0,4,"Vagan"
"2272",1865,"2011","Nordland",0,3,"Vagan"
"2273",1865,"2012","Nordland",0,2,"Vagan"
"2274",1865,"2013","Nordland",0,1,"Vagan"
"2275",1865,"2014","Nordland",0,2,"Vagan"
"2276",1865,"2015","Nordland",1,4,"Vagan"
"2277",1865,"2016","Nordland",1,5,"Vagan"
"2278",1865,"2017","Nordland",0,4,"Vagan"
"2279",1865,"2018","Nordland",0,4,"Vagan"
"2280",1865,"2019","Nordland",1,6,"Vagan"
"2281",1868,"1990","Nordland",5,14,"Oksnes"
"2282",1868,"1991","Nordland",2,14,"Oksnes"
"2283",1868,"1992","Nordland",3,19,"Oksnes"
"2284",1868,"1993","Nordland",2,16,"Oksnes"
"2285",1868,"1994","Nordland",1,13,"Oksnes"
"2286",1868,"1995","Nordland",1,17,"Oksnes"
"2287",1868,"1996","Nordland",1,18,"Oksnes"
"2288",1868,"1997","Nordland",1,19,"Oksnes"
"2289",1868,"1998","Nordland",1,17,"Oksnes"
"2290",1868,"1999","Nordland",1,18,"Oksnes"
"2291",1868,"2000","Nordland",0,19,"Oksnes"
"2292",1868,"2001","Nordland",0,17,"Oksnes"
"2293",1868,"2002","Nordland",0,18,"Oksnes"
"2294",1868,"2003","Nordland",0,15,"Oksnes"
"2295",1868,"2004","Nordland",0,12,"Oksnes"
"2296",1868,"2005","Nordland",0,15,"Oksnes"
"2297",1868,"2006","Nordland",0,17,"Oksnes"
"2298",1868,"2007","Nordland",0,18,"Oksnes"
"2299",1868,"2008","Nordland",0,17,"Oksnes"
"2300",1868,"2009","Nordland",0,17,"Oksnes"
"2301",1868,"2010","Nordland",0,18,"Oksnes"
"2302",1868,"2011","Nordland",0,15,"Oksnes"
"2303",1868,"2012","Nordland",0,15,"Oksnes"
"2304",1868,"2013","Nordland",0,10,"Oksnes"
"2305",1868,"2014","Nordland",0,7,"Oksnes"
"2306",1868,"2015","Nordland",0,11,"Oksnes"
"2307",1868,"2016","Nordland",0,8,"Oksnes"
"2308",1868,"2017","Nordland",0,5,"Oksnes"
"2309",1868,"2018","Nordland",0,4,"Oksnes"
"2310",1868,"2019","Nordland",0,5,"Oksnes"
